ID,Age_class,site,First_captured,Year_birth,Cohort_birth,sex,cohort_sexual_maturity,AFR,Last_captured,lifespan,weaned_juv,age,nb_juv,season
A077,J,Site 1,02/06/2005,2005,Spring,F,Intermediate sexual maturity,15,29/09/2009,53.0,0,15,0,Pre-mast
A077,J,Site 1,02/06/2005,2005,Spring,F,Intermediate sexual maturity,15,29/09/2009,53.0,1,22,2,Post-mast
A077,J,Site 1,02/06/2005,2005,Spring,F,Intermediate sexual maturity,15,29/09/2009,53.0,1,37,3,Pre-mast
A077,J,Site 1,02/06/2005,2005,Spring,F,Intermediate sexual maturity,15,29/09/2009,53.0,1,44,1,Post-mast
A077,J,Site 1,02/06/2005,2005,Spring,F,Intermediate sexual maturity,15,29/09/2009,53.0,1,44,2,Pre-mast
A117,J,Site 1,03/06/2005,2005,Spring,F,Intermediate sexual maturity,15,18/09/2006,16.0,1,15,1,Pre-mast
A120,J,Site 1,28/06/2005,2005,Spring,F,Intermediate sexual maturity,15,27/06/2007,24.0,1,15,2,Pre-mast
A120,J,Site 1,28/06/2005,2005,Spring,F,Intermediate sexual maturity,15,27/06/2007,24.0,0,22,0,Post-mast
A125,A,Site 1,28/06/2005,2004,Summer,M,Early sexual maturity,7,06/10/2008,49.0,0,22,0,Pre-mast
A125,A,Site 1,28/06/2005,2004,Summer,M,Early sexual maturity,7,06/10/2008,49.0,0,30,0,Post-mast
A125,A,Site 1,28/06/2005,2004,Summer,M,Early sexual maturity,7,06/10/2008,49.0,1,45,6,Pre-mast
B005,J,Site 1,26/10/2006,2006,Summer,F,Late sexual maturity,22,11/10/2009,36.0,0,7,0,Post-mast
B005,J,Site 1,26/10/2006,2006,Summer,F,Late sexual maturity,22,11/10/2009,36.0,1,22,2,Pre-mast
B005,J,Site 1,26/10/2006,2006,Summer,F,Late sexual maturity,22,11/10/2009,36.0,1,30,1,Post-mast
B005,J,Site 1,26/10/2006,2006,Summer,F,Late sexual maturity,22,11/10/2009,36.0,1,33,1,Pre-mast
B006,J,Site 1,12/09/2006,2006,Summer,F,Early sexual maturity,7,02/10/2009,37.0,0,7,0,Post-mast
B006,J,Site 1,12/09/2006,2006,Summer,F,Early sexual maturity,7,02/10/2009,37.0,1,22,4,Pre-mast
B006,J,Site 1,12/09/2006,2006,Summer,F,Early sexual maturity,7,02/10/2009,37.0,1,30,4,Post-mast
B006,J,Site 1,12/09/2006,2006,Summer,F,Early sexual maturity,7,02/10/2009,37.0,1,33,2,Pre-mast
B013,J,Site 1,18/09/2006,2006,Summer,F,Early sexual maturity,7,02/06/2009,33.0,1,7,2,Post-mast
B013,J,Site 1,18/09/2006,2006,Summer,F,Early sexual maturity,7,02/06/2009,33.0,1,22,3,Pre-mast
B013,J,Site 1,18/09/2006,2006,Summer,F,Early sexual maturity,7,02/06/2009,33.0,0,30,0,Post-mast
B022,A,Site 1,27/10/2006,2005,Spring,M,Intermediate sexual maturity,15,05/06/2009,32.0,1,15,1,Pre-mast
B022,A,Site 1,27/10/2006,2005,Spring,M,Intermediate sexual maturity,15,05/06/2009,32.0,0,22,0,Post-mast
B022,A,Site 1,27/10/2006,2005,Spring,M,Intermediate sexual maturity,15,05/06/2009,32.0,0,37,0,Pre-mast
B022,A,Site 1,27/10/2006,2005,Spring,M,Intermediate sexual maturity,15,05/06/2009,32.0,0,44,0,Post-mast
B022,A,Site 1,27/10/2006,2005,Spring,M,Intermediate sexual maturity,15,05/06/2009,32.0,1,44,3,Pre-mast
B025,J,Site 1,18/09/2006,2006,Summer,F,Late sexual maturity,22,26/05/2009,33.0,0,7,0,Post-mast
B025,J,Site 1,18/09/2006,2006,Summer,F,Late sexual maturity,22,26/05/2009,33.0,1,22,3,Pre-mast
B025,J,Site 1,18/09/2006,2006,Summer,F,Late sexual maturity,22,26/05/2009,33.0,0,30,0,Post-mast
B036,J,Site 1,04/09/2006,2006,Summer,F,Early sexual maturity,7,08/09/2008,24.0,0,7,0,Post-mast
B036,J,Site 1,04/09/2006,2006,Summer,F,Early sexual maturity,7,08/09/2008,24.0,1,22,3,Pre-mast
B051,J,Site 1,05/09/2006,2006,Summer,M,Early sexual maturity,7,17/10/2006,,1,7,2,Post-mast
B057,J,Site 1,07/09/2006,2006,Summer,F,Late sexual maturity,22,20/09/2008,25.0,0,7,0,Post-mast
B057,J,Site 1,07/09/2006,2006,Summer,F,Late sexual maturity,22,20/09/2008,25.0,1,22,2,Pre-mast
B074,A,Site 1,14/06/2006,2005,Spring,F,Intermediate sexual maturity,15,16/06/2007,25.0,1,15,4,Pre-mast
B074,A,Site 1,14/06/2006,2005,Spring,F,Intermediate sexual maturity,15,16/06/2007,25.0,1,22,1,Post-mast
B080,A,Site 1,29/06/2006,2005,Spring,M,Intermediate sexual maturity,15,28/08/2008,40.0,1,15,1,Pre-mast
B080,A,Site 1,29/06/2006,2005,Spring,M,Intermediate sexual maturity,15,28/08/2008,40.0,0,22,0,Post-mast
B080,A,Site 1,29/06/2006,2005,Spring,M,Intermediate sexual maturity,15,28/08/2008,40.0,0,37,0,Pre-mast
B082,J,Site 1,17/10/2006,2006,Summer,F,Early sexual maturity,7,30/09/2008,24.0,0,7,0,Post-mast
B082,J,Site 1,17/10/2006,2006,Summer,F,Early sexual maturity,7,30/09/2008,24.0,1,22,5,Pre-mast
C002,A,Site 1,10/05/2007,2006,Summer,M,Early sexual maturity,7,08/10/2008,25.0,0,7,0,Post-mast
C002,A,Site 1,10/05/2007,2006,Summer,M,Early sexual maturity,7,08/10/2008,25.0,1,22,2,Pre-mast
C003,A,Site 1,11/05/2007,2006,Summer,F,Late sexual maturity,22,29/09/2008,24.0,0,7,0,Post-mast
C003,A,Site 1,11/05/2007,2006,Summer,F,Late sexual maturity,22,29/09/2008,24.0,1,22,1,Pre-mast
C006,A,Site 1,15/06/2007,2006,Summer,M,Early sexual maturity,7,29/06/2010,46.0,0,7,0,Post-mast
C006,A,Site 1,15/06/2007,2006,Summer,M,Early sexual maturity,7,29/06/2010,46.0,1,22,1,Pre-mast
C006,A,Site 1,15/06/2007,2006,Summer,M,Early sexual maturity,7,29/06/2010,46.0,0,30,0,Post-mast
C006,A,Site 1,15/06/2007,2006,Summer,M,Early sexual maturity,7,29/06/2010,46.0,1,33,1,Pre-mast
C016,J,Site 1,11/06/2007,2007,Spring,M,Intermediate sexual maturity,15,06/09/2010,39.0,0,15,0,Pre-mast
C016,J,Site 1,11/06/2007,2007,Spring,M,Intermediate sexual maturity,15,06/09/2010,39.0,1,22,1,Post-mast
C016,J,Site 1,11/06/2007,2007,Spring,M,Intermediate sexual maturity,15,06/09/2010,39.0,1,37,1,Pre-mast
C020,A,Site 1,22/05/2007,2006,Summer,M,Early sexual maturity,7,24/05/2010,44.0,0,7,0,Post-mast
C020,A,Site 1,22/05/2007,2006,Summer,M,Early sexual maturity,7,24/05/2010,44.0,1,22,1,Pre-mast
C020,A,Site 1,22/05/2007,2006,Summer,M,Early sexual maturity,7,24/05/2010,44.0,0,30,0,Post-mast
C020,A,Site 1,22/05/2007,2006,Summer,M,Early sexual maturity,7,24/05/2010,44.0,0,33,0,Pre-mast
C024,A,Site 1,14/07/2007,2006,Summer,F,Late sexual maturity,22,26/06/2010,46.0,0,7,0,Post-mast
C024,A,Site 1,14/07/2007,2006,Summer,F,Late sexual maturity,22,26/06/2010,46.0,1,22,6,Pre-mast
C024,A,Site 1,14/07/2007,2006,Summer,F,Late sexual maturity,22,26/06/2010,46.0,0,30,0,Post-mast
C024,A,Site 1,14/07/2007,2006,Summer,F,Late sexual maturity,22,26/06/2010,46.0,1,33,1,Pre-mast
C026,A,Site 1,09/05/2007,2006,Summer,M,Early sexual maturity,7,16/10/2009,37.0,0,7,0,Post-mast
C026,A,Site 1,09/05/2007,2006,Summer,M,Early sexual maturity,7,16/10/2009,37.0,1,22,2,Pre-mast
C026,A,Site 1,09/05/2007,2006,Summer,M,Early sexual maturity,7,16/10/2009,37.0,0,30,0,Post-mast
C026,A,Site 1,09/05/2007,2006,Summer,M,Early sexual maturity,7,16/10/2009,37.0,0,33,0,Pre-mast
C034,A,Site 1,21/05/2007,2006,Summer,M,Early sexual maturity,7,05/10/2008,25.0,0,7,0,Post-mast
C034,A,Site 1,21/05/2007,2006,Summer,M,Early sexual maturity,7,05/10/2008,25.0,1,22,3,Pre-mast
C034,A,Site 1,21/05/2007,2006,Summer,M,Early sexual maturity,7,05/10/2008,25.0,1,30,2,Post-mast
C039,J,Site 1,29/06/2007,2007,Spring,F,Intermediate sexual maturity,15,25/06/2010,36.0,1,15,1,Pre-mast
C039,J,Site 1,29/06/2007,2007,Spring,F,Intermediate sexual maturity,15,25/06/2010,36.0,0,22,0,Post-mast
C039,J,Site 1,29/06/2007,2007,Spring,F,Intermediate sexual maturity,15,25/06/2010,36.0,0,25,0,Pre-mast
C040,J,Site 1,11/06/2007,2007,Spring,F,Intermediate sexual maturity,15,11/09/2009,27.0,1,15,4,Pre-mast
C040,J,Site 1,11/06/2007,2007,Spring,F,Intermediate sexual maturity,15,11/09/2009,27.0,0,22,0,Post-mast
C040,J,Site 1,11/06/2007,2007,Spring,F,Intermediate sexual maturity,15,11/09/2009,27.0,1,25,4,Pre-mast
C041,J,Site 1,03/06/2007,2007,Spring,M,Intermediate sexual maturity,15,24/06/2009,25.0,1,15,6,Pre-mast
C041,J,Site 1,03/06/2007,2007,Spring,M,Intermediate sexual maturity,15,24/06/2009,25.0,0,37,0,Post-mast
C053,A,Site 1,25/05/2007,2006,Summer,M,Early sexual maturity,7,26/08/2008,23.0,0,7,0,Pre-mast
C053,A,Site 1,25/05/2007,2006,Summer,M,Early sexual maturity,7,26/08/2008,23.0,1,22,3,Pre-mast
C057,J,Site 1,09/06/2007,2007,Spring,M,Intermediate sexual maturity,15,15/10/2008,16.0,1,15,2,Pre-mast
C057,J,Site 1,09/06/2007,2007,Spring,M,Intermediate sexual maturity,15,15/10/2008,16.0,1,22,3,Post-mast
C067,J,Site 1,12/06/2007,2007,Spring,M,Intermediate sexual maturity,15,24/06/2010,37.0,1,15,3,Pre-mast
C067,J,Site 1,12/06/2007,2007,Spring,M,Intermediate sexual maturity,15,24/06/2010,37.0,0,22,0,Pre-mast
C067,J,Site 1,12/06/2007,2007,Spring,M,Intermediate sexual maturity,15,24/06/2010,37.0,0,25,0,Pre-mast
C079,A,Site 1,03/06/2007,2006,Summer,F,Early sexual maturity,7,02/06/2010,45.0,0,7,0,Post-mast
C079,A,Site 1,03/06/2007,2006,Summer,F,Early sexual maturity,7,02/06/2010,45.0,1,22,1,Pre-mast
C079,A,Site 1,03/06/2007,2006,Summer,F,Early sexual maturity,7,02/06/2010,45.0,0,30,0,Post-mast
C079,A,Site 1,03/06/2007,2006,Summer,F,Early sexual maturity,7,02/06/2010,45.0,1,33,1,Pre-mast
C081,A,Site 1,11/05/2007,2006,Summer,F,Early sexual maturity,7,06/10/2009,37.0,0,7,0,Post-mast
C081,A,Site 1,11/05/2007,2006,Summer,F,Early sexual maturity,7,06/10/2009,37.0,1,22,1,Pre-mast
C081,A,Site 1,11/05/2007,2006,Summer,F,Early sexual maturity,7,06/10/2009,37.0,1,30,3,Post-mast
C081,A,Site 1,11/05/2007,2006,Summer,F,Early sexual maturity,7,06/10/2009,37.0,1,33,1,Pre-mast
C089,A,Site 1,14/05/2007,2006,Summer,M,Early sexual maturity,7,09/07/2008,14.0,0,7,0,Post-mast
C089,A,Site 1,14/05/2007,2006,Summer,M,Early sexual maturity,7,09/07/2008,14.0,1,22,2,Pre-mast
C092,A,Site 1,14/05/2007,2006,Summer,F,Early sexual maturity,7,14/10/2009,37.0,1,7,1,Post-mast
C092,A,Site 1,14/05/2007,2006,Summer,F,Early sexual maturity,7,14/10/2009,37.0,1,22,3,Pre-mast
C092,A,Site 1,14/05/2007,2006,Summer,F,Early sexual maturity,7,14/10/2009,37.0,1,30,3,Post-mast
C092,A,Site 1,14/05/2007,2006,Summer,F,Early sexual maturity,7,14/10/2009,37.0,1,33,2,Pre-mast
C099,A,Site 1,13/06/2007,2006,Summer,M,Early sexual maturity,7,08/10/2008,25.0,0,7,0,Post-mast
C099,A,Site 1,13/06/2007,2006,Summer,M,Early sexual maturity,7,08/10/2008,25.0,1,22,4,Pre-mast
C099,A,Site 1,13/06/2007,2006,Summer,M,Early sexual maturity,7,08/10/2008,25.0,1,30,3,Post-mast
C109,A,Site 1,19/05/2007,2006,Summer,F,Early sexual maturity,7,07/10/2008,25.0,1,7,1,Post-mast
C109,A,Site 1,19/05/2007,2006,Summer,F,Early sexual maturity,7,07/10/2008,25.0,1,22,2,Pre-mast
C111,A,Site 1,02/06/2007,2006,Summer,F,Early sexual maturity,7,05/09/2008,24.0,0,7,0,Post-mast
C111,A,Site 1,02/06/2007,2006,Summer,F,Early sexual maturity,7,05/09/2008,24.0,1,22,4,Pre-mast
C120,J,Site 1,24/05/2007,2007,Spring,F,Intermediate sexual maturity,15,29/09/2009,29.0,1,15,2,Pre-mast
C120,J,Site 1,24/05/2007,2007,Spring,F,Intermediate sexual maturity,15,29/09/2009,29.0,1,22,4,Post-mast
C120,J,Site 1,24/05/2007,2007,Spring,F,Intermediate sexual maturity,15,29/09/2009,29.0,1,25,4,Pre-mast
C121,A,Site 1,10/05/2007,2006,Summer,F,Early sexual maturity,7,10/06/2007,8.0,1,7,2,Post-mast
C125,A,Site 1,14/05/2007,2006,Summer,M,Early sexual maturity,7,19/08/2009,35.0,0,7,0,Post-mast
C125,A,Site 1,14/05/2007,2006,Summer,M,Early sexual maturity,7,19/08/2009,35.0,1,22,2,Pre-mast
C125,A,Site 1,14/05/2007,2006,Summer,M,Early sexual maturity,7,19/08/2009,35.0,0,30,0,Post-mast
C125,A,Site 1,14/05/2007,2006,Summer,M,Early sexual maturity,7,19/08/2009,35.0,0,33,0,Pre-mast
C128,A,Site 1,09/05/2007,2006,Summer,M,Early sexual maturity,7,21/09/2009,36.0,1,22,2,Pre-mast
C128,A,Site 1,09/05/2007,2006,Summer,M,Early sexual maturity,7,21/09/2009,36.0,0,30,0,Post-mast
C128,A,Site 1,09/05/2007,2006,Summer,M,Early sexual maturity,7,21/09/2009,36.0,1,33,1,Pre-mast
C133,J,Site 1,03/06/2007,2007,Spring,M,Intermediate sexual maturity,15,08/05/2009,24.0,1,15,2,Pre-mast
C144,A,Site 1,11/05/2007,2006,Summer,F,Early sexual maturity,7,25/06/2007,10.0,1,7,1,Post-mast
C154,A,Site 1,19/05/2007,2006,Summer,F,Early sexual maturity,7,08/09/2008,24.0,1,7,1,Post-mast
C154,A,Site 1,19/05/2007,2006,Summer,F,Early sexual maturity,7,08/09/2008,24.0,1,22,3,Pre-mast
C159,A,Site 1,26/05/2007,2006,Summer,F,Early sexual maturity,7,21/06/2010,45.0,0,7,0,Post-mast
C159,A,Site 1,26/05/2007,2006,Summer,F,Early sexual maturity,7,21/06/2010,45.0,1,22,2,Pre-mast
C159,A,Site 1,26/05/2007,2006,Summer,F,Early sexual maturity,7,21/06/2010,45.0,0,30,0,Post-mast
C159,A,Site 1,26/05/2007,2006,Summer,F,Early sexual maturity,7,21/06/2010,45.0,0,33,0,Pre-mast
C162,J,Site 1,29/06/2007,2007,Spring,F,Intermediate sexual maturity,15,08/10/2009,28.0,1,15,3,Pre-mast
C162,J,Site 1,29/06/2007,2007,Spring,F,Intermediate sexual maturity,15,08/10/2009,28.0,1,22,2,Post-mast
C162,J,Site 1,29/06/2007,2007,Spring,F,Intermediate sexual maturity,15,08/10/2009,28.0,1,25,2,Pre-mast
C175,J,Site 1,24/05/2007,2007,Spring,F,Intermediate sexual maturity,15,14/05/2010,36.0,1,15,3,Pre-mast
C175,J,Site 1,24/05/2007,2007,Spring,F,Intermediate sexual maturity,15,14/05/2010,36.0,1,22,3,Post-mast
C175,J,Site 1,24/05/2007,2007,Spring,F,Intermediate sexual maturity,15,14/05/2010,36.0,0,37,0,Pre-mast
D001,A,Site 1,17/05/2008,2007,Spring,F,Intermediate sexual maturity,15,07/10/2008,17.0,1,15,1,Pre-mast
D002,A,Site 1,18/05/2008,2007,Spring,F,Intermediate sexual maturity,15,29/06/2010,38.0,0,15,0,Pre-mast
D002,A,Site 1,18/05/2008,2007,Spring,F,Intermediate sexual maturity,15,29/06/2010,38.0,0,22,0,Post-mast
D002,A,Site 1,18/05/2008,2007,Spring,F,Intermediate sexual maturity,15,29/06/2010,38.0,1,25,1,Pre-mast
D003,A,Site 1,24/05/2008,2007,Spring,F,Intermediate sexual maturity,15,17/09/2008,16.0,1,15,5,Pre-mast
D008,A,Site 1,02/06/2008,2007,Spring,M,Intermediate sexual maturity,15,10/08/2008,15.0,1,15,1,Pre-mast
D009,A,Site 1,03/06/2008,2007,Spring,F,Intermediate sexual maturity,15,08/10/2008,17.0,1,15,2,Pre-mast
D010,A,Site 1,05/06/2008,2007,Spring,M,Intermediate sexual maturity,15,15/05/2009,24.0,1,15,5,Pre-mast
D021,A,Site 1,29/06/2008,2007,Spring,F,Intermediate sexual maturity,15,03/09/2008,15.0,1,15,2,Pre-mast
D023,A,Site 1,02/07/2008,2007,Spring,M,Intermediate sexual maturity,15,06/10/2008,16.0,1,15,4,Pre-mast
D025,A,Site 1,30/07/2008,2007,Spring,F,Intermediate sexual maturity,15,22/09/2008,16.0,1,15,1,Pre-mast
D026,A,Site 1,15/08/2008,2007,Spring,M,Intermediate sexual maturity,15,15/08/2008,,1,15,1,Pre-mast
D027,A,Site 1,15/08/2008,2007,Spring,M,Intermediate sexual maturity,15,25/06/2010,37.0,1,15,1,Pre-mast
D027,A,Site 1,15/08/2008,2007,Spring,M,Intermediate sexual maturity,15,25/06/2010,37.0,0,22,0,Post-mast
D027,A,Site 1,15/08/2008,2007,Spring,M,Intermediate sexual maturity,15,25/06/2010,37.0,0,37,0,Pre-mast
D037,J,Site 1,30/08/2008,2008,Summer,M,Early sexual maturity,7,19/04/2009,,1,7,1,Post-mast
D037,J,Site 1,30/08/2008,2008,Summer,M,Early sexual maturity,10,19/04/2009,,1,10,1,Pre-mast
D114,J,Site 1,12/09/2008,2008,Summer,M,Early sexual maturity,7,26/06/2010,22.0,0,7,0,Post-mast
D114,J,Site 1,12/09/2008,2008,Summer,M,Early sexual maturity,10,26/06/2010,22.0,1,10,2,Pre-mast
D165,J,Site 1,22/09/2008,2008,Summer,M,Early sexual maturity,7,26/06/2010,21.0,0,7,0,Post-mast
D165,J,Site 1,22/09/2008,2008,Summer,M,Early sexual maturity,10,26/06/2010,21.0,1,10,4,Pre-mast
D176,J,Site 1,30/09/2008,2008,Summer,M,Early sexual maturity,7,17/10/2008,,1,7,1,Pre-mast
F033,A,MV5,08/08/2010,2009,Summer,M,Early sexual maturity,7,25/05/2016,81.0,0,52,0,Pre-mast
F033,A,MV5,08/08/2010,2009,Summer,M,Early sexual maturity,7,25/05/2016,81.0,1,67,4,Post-mast
F033,A,MV5,08/08/2010,2009,Summer,M,Early sexual maturity,7,25/05/2016,81.0,0,74,0,Pre-mast
F033,A,MV5,08/08/2010,2009,Summer,M,Early sexual maturity,7,25/05/2016,81.0,0,89,0,Post-mast
G014,A,MV1,12/05/2012,2009,Summer ,M,Early sexual maturity,7,17/06/2012,33.0,1,30,1,Post-mast
H002,A,MV1,14/05/2012,2011,Summer ,F,Early sexual maturity,7,02/09/2015,48.0,1,7,1,Post-mast
H002,A,MV1,14/05/2012,2011,Summer ,F,Early sexual maturity,7,02/09/2015,48.0,1,22,1,Pre-mast
H002,A,MV1,14/05/2012,2011,Summer ,F,Early sexual maturity,7,02/09/2015,48.0,1,30,2,Post-mast
H002,A,MV1,14/05/2012,2011,Summer ,F,Early sexual maturity,7,02/09/2015,48.0,1,45,4,Pre-mast
H007,A,MV1,24/05/2012,2011,Summer ,F,Early sexual maturity,7,17/09/2013,24.0,1,7,2,Post-mast
H007,A,MV1,24/05/2012,2011,Summer ,F,Early sexual maturity,7,17/09/2013,24.0,1,22,4,Pre-mast
H042,A,MV1,07/06/2012,2011,Summer ,M,Early sexual maturity,7,14/07/2014,34.0,1,7,1,Post-mast
H042,A,MV1,07/06/2012,2011,Summer ,M,Early sexual maturity,7,14/07/2014,34.0,1,22,1,Pre-mast
H042,A,MV1,07/06/2012,2011,Summer ,M,Early sexual maturity,7,14/07/2014,34.0,1,30,4,Post-mast
H045,A,MV1,07/06/2012,2011,Summer ,M,Early sexual maturity,7,28/08/2013,23.0,1,7,2,Post-mast
H045,A,MV1,07/06/2012,2011,Summer ,M,Early sexual maturity,7,28/08/2013,23.0,1,22,4,Pre-mast
H058,J,MV5,18/06/2012,2012,Spring,F,Intermediate sexual maturity,15,30/06/2016,49.0,0,15,0,Pre-mast
H058,J,MV5,18/06/2012,2012,Spring,F,Intermediate sexual maturity,15,30/06/2016,49.0,1,22,4,Post-mast
H058,J,MV5,18/06/2012,2012,Spring,F,Intermediate sexual maturity,15,30/06/2016,49.0,0,30,0,Pre-mast
H058,J,MV5,18/06/2012,2012,Spring,F,Intermediate sexual maturity,15,30/06/2016,49.0,1,45,1,Post-mast
H063,J,MV5,19/06/2012,2012,Spring,F,Intermediate sexual maturity,15,29/05/2015,36.0,0,15,0,Pre-mast
H063,J,MV5,19/06/2012,2012,Spring,F,Intermediate sexual maturity,15,29/05/2015,36.0,1,22,3,Post-mast
H063,J,MV5,19/06/2012,2012,Spring,F,Intermediate sexual maturity,15,29/05/2015,36.0,0,37,0,Pre-mast
H068,A,MV5,20/06/2012,2011,Summer ,F,Late sexual maturity,22,11/06/2016,57.0,0,7,0,Post-mast
H068,A,MV5,20/06/2012,2011,Summer ,F,Late sexual maturity,22,11/06/2016,57.0,1,22,1,Pre-mast
H068,A,MV5,20/06/2012,2011,Summer ,F,Late sexual maturity,22,11/06/2016,57.0,0,30,0,Post-mast
H068,A,MV5,20/06/2012,2011,Summer ,F,Late sexual maturity,22,11/06/2016,57.0,0,45,0,Pre-mast
H068,A,MV5,20/06/2012,2011,Summer ,F,Late sexual maturity,22,11/06/2016,57.0,1,52,1,Post-mast
H069,A,MV5,21/06/2012,2011,Summer ,M,Early sexual maturity,7,29/05/2015,45.0,1,7,3,Post-mast
H069,A,MV5,21/06/2012,2011,Summer ,M,Early sexual maturity,7,29/05/2015,45.0,0,22,0,Pre-mast
H069,A,MV5,21/06/2012,2011,Summer ,M,Early sexual maturity,7,29/05/2015,45.0,1,30,2,Post-mast
H069,A,MV5,21/06/2012,2011,Summer ,M,Early sexual maturity,7,29/05/2015,45.0,0,45,0,Pre-mast
H072,A,MV5,03/07/2012,2011,Summer ,F,Early sexual maturity,7,30/08/2017,72.0,1,7,1,Post-mast
H072,A,MV5,03/07/2012,2011,Summer ,F,Early sexual maturity,7,30/08/2017,72.0,1,22,1,Pre-mast
H072,A,MV5,03/07/2012,2011,Summer ,F,Early sexual maturity,7,30/08/2017,72.0,0,30,0,Post-mast
H072,A,MV5,03/07/2012,2011,Summer ,F,Early sexual maturity,7,30/08/2017,72.0,1,45,3,Pre-mast
H072,A,MV5,03/07/2012,2011,Summer ,F,Early sexual maturity,7,30/08/2017,72.0,1,52,1,Post-mast
H072,A,MV5,03/07/2012,2011,Summer ,F,Early sexual maturity,7,30/08/2017,72.0,1,67,2,Pre-mast
I002,A,MV4,22/05/2013,2012,Spring ,F,Intermediate sexual maturity,15,25/06/2015,37.0,1,15,2,Pre-mast
I002,A,MV4,22/05/2013,2012,Spring ,F,Intermediate sexual maturity,15,25/06/2015,37.0,1,22,4,Post-mast
I002,A,MV4,22/05/2013,2012,Spring ,F,Intermediate sexual maturity,15,25/06/2015,37.0,0,37,0,Pre-mast
I003,A,MV4,22/05/2013,2012,Spring ,F,Intermediate sexual maturity,15,03/07/2014,25.0,1,15,5,Pre-mast
I003,A,MV4,22/05/2013,2012,Spring ,F,Intermediate sexual maturity,15,03/07/2014,25.0,0,22,0,Post-mast
I004,A,MV4,23/05/2013,2012,Spring ,F,Intermediate sexual maturity,15,05/07/2015,38.0,1,15,5,Pre-mast
I004,A,MV4,23/05/2013,2012,Spring ,F,Intermediate sexual maturity,15,05/07/2015,38.0,1,22,1,Post-mast
I004,A,MV4,23/05/2013,2012,Spring ,F,Intermediate sexual maturity,15,05/07/2015,38.0,0,37,0,Pre-mast
I005,A,MV4,23/05/2013,2012,Spring ,M,Intermediate sexual maturity,15,19/05/2014,24.0,1,15,1,Pre-mast
I005,A,MV4,23/05/2013,2012,Spring ,M,Intermediate sexual maturity,15,19/05/2014,24.0,1,22,3,Post-mast
I006,A,MV4,27/05/2013,2012,Spring ,M,Intermediate sexual maturity,15,04/06/2014,24.0,0,15,0,Pre-mast
I006,A,MV4,27/05/2013,2012,Spring ,M,Intermediate sexual maturity,15,04/06/2014,24.0,1,22,1,Post-mast
I007,A,MV4,27/05/2013,2012,Spring ,M,Intermediate sexual maturity,15,21/06/2014,25.0,1,15,1,Pre-mast
I007,A,MV4,27/05/2013,2012,Spring ,M,Intermediate sexual maturity,15,21/06/2014,25.0,1,22,3,Post-mast
I009,A,MV4,27/05/2013,2012,Spring ,F,Intermediate sexual maturity,15,27/06/2016,50.0,1,15,3,Pre-mast
I009,A,MV4,27/05/2013,2012,Spring ,F,Intermediate sexual maturity,15,27/06/2016,50.0,1,22,2,Post-mast
I009,A,MV4,27/05/2013,2012,Spring ,F,Intermediate sexual maturity,15,27/06/2016,50.0,1,37,3,Pre-mast
I009,A,MV4,27/05/2013,2012,Spring ,F,Intermediate sexual maturity,15,27/06/2016,50.0,1,44,1,Post-mast
I011,A,MV1,28/05/2013,2012,Spring ,M,Intermediate sexual maturity,15,11/06/2014,25.0,1,15,3,Pre-mast
I011,A,MV1,28/05/2013,2012,Spring ,M,Intermediate sexual maturity,15,11/06/2014,25.0,1,22,1,Post-mast
I014,A,MV4,31/05/2013,2012,Spring ,F,Intermediate sexual maturity,15,05/09/2015,40.0,0,15,0,Pre-mast
I014,A,MV4,31/05/2013,2012,Spring ,F,Intermediate sexual maturity,15,05/09/2015,40.0,1,22,2,Post-mast
I014,A,MV4,31/05/2013,2012,Spring ,F,Intermediate sexual maturity,15,05/09/2015,40.0,0,37,0,Pre-mast
I015,A,MV4,31/05/2013,2012,Spring ,F,Intermediate sexual maturity,15,28/05/2016,49.0,1,15,4,Pre-mast
I015,A,MV4,31/05/2013,2012,Spring ,F,Intermediate sexual maturity,15,28/05/2016,49.0,0,22,0,Post-mast
I015,A,MV4,31/05/2013,2012,Spring ,F,Intermediate sexual maturity,15,28/05/2016,49.0,1,37,5,Pre-mast
I016,A,MV4,31/05/2013,2012,Spring ,M,Intermediate sexual maturity,15,19/08/2015,39.0,1,15,2,Pre-mast
I016,A,MV4,31/05/2013,2012,Spring ,M,Intermediate sexual maturity,15,19/08/2015,39.0,1,22,2,Post-mast
I016,A,MV4,31/05/2013,2012,Spring ,M,Intermediate sexual maturity,15,19/08/2015,39.0,0,37,0,Pre-mast
I018,A,MV1,01/06/2013,2012,Spring ,M,Intermediate sexual maturity,15,30/06/2015,38.0,0,15,0,Pre-mast
I018,A,MV1,01/06/2013,2012,Spring ,M,Intermediate sexual maturity,15,30/06/2015,38.0,0,22,0,Post-mast
I018,A,MV1,01/06/2013,2012,Spring ,M,Intermediate sexual maturity,15,30/06/2015,38.0,1,37,1,Pre-mast
I021,A,MV1,01/06/2013,2012,Spring ,F,Intermediate sexual maturity,15,28/08/2013,15.0,1,15,1,Pre-mast
I022,A,MV4,03/06/2013,2012,Spring ,F,Intermediate sexual maturity,15,07/09/2013,16.0,1,15,3,Pre-mast
I022,A,MV4,03/06/2013,2012,Spring ,F,Intermediate sexual maturity,15,07/09/2013,16.0,1,22,1,Post-mast
I024,A,MV4,04/06/2013,2012,Spring ,M,Intermediate sexual maturity,15,26/06/2013,13.0,1,15,1,Pre-mast
I027,A,MV4,10/06/2013,2012,Spring ,F,Intermediate sexual maturity,15,07/06/2015,37.0,1,15,4,Pre-mast
I027,A,MV4,10/06/2013,2012,Spring ,F,Intermediate sexual maturity,15,07/06/2015,37.0,1,22,1,Post-mast
I027,A,MV4,10/06/2013,2012,Spring ,F,Intermediate sexual maturity,15,07/06/2015,37.0,0,37,0,Pre-mast
I028,A,MV4,10/06/2013,2012,Spring ,M,Intermediate sexual maturity,15,17/09/2013,16.0,1,15,1,Pre-mast
I029,A,MV1,01/06/2013,2012,Spring ,F,Intermediate sexual maturity,15,05/09/2013,15.0,1,15,2,Pre-mast
I037,A,MV1,23/06/2013,2012,Spring ,F,Intermediate sexual maturity,15,13/06/2015,37.0,1,15,1,Pre-mast
I037,A,MV1,23/06/2013,2012,Spring ,F,Intermediate sexual maturity,15,13/06/2015,37.0,0,22,0,Post-mast
I037,A,MV1,23/06/2013,2012,Spring ,F,Intermediate sexual maturity,15,13/06/2015,37.0,0,37,0,Pre-mast
I047,A,MV4,29/06/2013,2012,Spring ,M,Intermediate sexual maturity,15,17/07/2013,14.0,1,15,1,Pre-mast
I051,A,MV4,30/06/2013,2012,Spring ,M,Intermediate sexual maturity,15,14/06/2014,25.0,1,15,1,Pre-mast
I051,A,MV4,30/06/2013,2012,Spring ,M,Intermediate sexual maturity,15,14/06/2014,25.0,1,22,1,Post-mast
I053,A,MV1,16/07/2013,2012,Spring ,M,Intermediate sexual maturity,15,29/08/2017,64.0,0,15,0,Pre-mast
I053,A,MV1,16/07/2013,2012,Spring ,M,Intermediate sexual maturity,15,29/08/2017,64.0,1,22,4,Post-mast
I053,A,MV1,16/07/2013,2012,Spring ,M,Intermediate sexual maturity,15,29/08/2017,64.0,1,37,1,Pre-mast
I053,A,MV1,16/07/2013,2012,Spring ,M,Intermediate sexual maturity,15,29/08/2017,64.0,1,44,1,Post-mast
I053,A,MV1,16/07/2013,2012,Spring ,M,Intermediate sexual maturity,15,29/08/2017,64.0,0,59,0,Pre-mast
I075,J,MV4,11/09/2013,2013,Summer,F,Late sexual maturity,22,14/06/2016,34.0,0,7,0,Post-mast
I075,J,MV4,11/09/2013,2013,Summer,F,Late sexual maturity,22,14/06/2016,34.0,1,22,5,Pre-mast
I075,J,MV4,11/09/2013,2013,Summer,F,Late sexual maturity,22,14/06/2016,34.0,1,30,4,Post-mast
I077,J,MV4,14/09/2013,2013,Summer,F,Early sexual maturity,7,01/07/2014,10.0,1,7,2,Post-mast
I081,J,MV4,15/09/2013,2013,Summer,M,Early sexual maturity,7,06/06/2014,9.0,1,7,2,Post-mast
I082,J,MV4,15/09/2013,2013,Summer,F,Early sexual maturity,7,01/07/2014,10.0,1,7,4,Post-mast
I084,J,MV4,15/09/2013,2013,Summer,M,Early sexual maturity,7,25/06/2015,22.0,0,7,0,Post-mast
I084,J,MV4,15/09/2013,2013,Summer,M,Early sexual maturity,7,25/06/2015,22.0,1,22,1,Pre-mast
I085,J,MV4,16/09/2013,2013,Summer,M,Early sexual maturity,7,04/06/2015,21.0,1,7,1,Post-mast
I085,J,MV4,16/09/2013,2013,Summer,M,Early sexual maturity,7,04/06/2015,21.0,0,22,0,Pre-mast
J004,A,MV1,15/05/2014,2013,Summer ,F,Early sexual maturity,7,20/06/2018,57.0,1,7,2,Post-mast
J004,A,MV1,15/05/2014,2013,Summer ,F,Early sexual maturity,7,20/06/2018,57.0,1,22,1,Pre-mast
J004,A,MV1,15/05/2014,2013,Summer ,F,Early sexual maturity,7,20/06/2018,57.0,1,30,1,Post-mast
J004,A,MV1,15/05/2014,2013,Summer ,F,Early sexual maturity,7,20/06/2018,57.0,1,45,1,Pre-mast
J004,A,MV1,15/05/2014,2013,Summer ,F,Early sexual maturity,7,20/06/2018,57.0,0,52,0,Post-mast
J006,A,MV4,16/05/2014,2013,Summer ,F,Early sexual maturity,7,14/06/2016,33.0,1,7,2,Post-mast
J006,A,MV4,16/05/2014,2013,Summer ,F,Early sexual maturity,7,14/06/2016,33.0,1,22,2,Pre-mast
J006,A,MV4,16/05/2014,2013,Summer ,F,Early sexual maturity,7,14/06/2016,33.0,1,30,2,Post-mast
J007,A,MV1,18/05/2014,2013,Summer ,F,Late sexual maturity,22,10/08/2017,47.0,0,7,0,Post-mast
J007,A,MV1,18/05/2014,2013,Summer ,F,Late sexual maturity,22,10/08/2017,47.0,1,22,3,Pre-mast
J007,A,MV1,18/05/2014,2013,Summer ,F,Late sexual maturity,22,10/08/2017,47.0,1,30,1,Post-mast
J007,A,MV1,18/05/2014,2013,Summer ,F,Late sexual maturity,22,10/08/2017,47.0,0,45,0,Pre-mast
J008,A,MV4,19/05/2014,2013,Summer ,F,Late sexual maturity,22,20/05/2016,32.0,0,7,0,Post-mast
J008,A,MV4,19/05/2014,2013,Summer ,F,Late sexual maturity,22,20/05/2016,32.0,1,22,5,Pre-mast
J008,A,MV4,19/05/2014,2013,Summer ,F,Late sexual maturity,22,20/05/2016,32.0,1,30,3,Post-mast
J009,A,MV1,20/05/2014,2013,Summer ,F,Early sexual maturity,7,09/07/2014,9.0,1,7,2,Post-mast
J011,A,MV1,21/05/2014,2013,Summer ,M,Early sexual maturity,7,13/07/2016,34.0,1,7,1,Post-mast
J011,A,MV1,21/05/2014,2013,Summer ,M,Early sexual maturity,7,13/07/2016,34.0,1,22,3,Pre-mast
J011,A,MV1,21/05/2014,2013,Summer ,M,Early sexual maturity,7,13/07/2016,34.0,1,30,2,Post-mast
J013,A,MV4,21/05/2014,2013,Summer ,M,Early sexual maturity,7,04/09/2017,48.0,1,7,1,Post-mast
J013,A,MV4,21/05/2014,2013,Summer ,M,Early sexual maturity,7,04/09/2017,48.0,1,22,1,Pre-mast
J013,A,MV4,21/05/2014,2013,Summer ,M,Early sexual maturity,7,04/09/2017,48.0,1,30,4,Post-mast
J013,A,MV4,21/05/2014,2013,Summer ,M,Early sexual maturity,7,04/09/2017,48.0,0,45,0,Pre-mast
J014,A,MV4,22/05/2014,2013,Summer ,M,Early sexual maturity,7,05/09/2015,24.0,0,7,0,Post-mast
J014,A,MV4,22/05/2014,2013,Summer ,M,Early sexual maturity,7,05/09/2015,24.0,1,22,1,Pre-mast
J017,J,MV1,22/05/2014,2014,Spring,F,Intermediate sexual maturity,15,21/08/2017,40.0,1,15,4,Pre-mast
J017,J,MV1,22/05/2014,2014,Spring,F,Intermediate sexual maturity,15,21/08/2017,40.0,1,22,1,Post-mast
J017,J,MV1,22/05/2014,2014,Spring,F,Intermediate sexual maturity,15,21/08/2017,40.0,0,37,0,Pre-mast
J019,A,MV1,23/05/2014,2013,Summer ,F,Late sexual maturity,22,22/05/2018,56.0,0,7,0,Post-mast
J019,A,MV1,23/05/2014,2013,Summer ,F,Late sexual maturity,22,22/05/2018,56.0,1,22,5,Pre-mast
J019,A,MV1,23/05/2014,2013,Summer ,F,Late sexual maturity,22,22/05/2018,56.0,1,30,3,Post-mast
J019,A,MV1,23/05/2014,2013,Summer ,F,Late sexual maturity,22,22/05/2018,56.0,1,45,1,Pre-mast
J019,A,MV1,23/05/2014,2013,Summer ,F,Late sexual maturity,22,22/05/2018,56.0,1,52,2,Post-mast
J020,A,MV1,23/05/2014,2013,Summer ,M,Early sexual maturity,7,10/06/2017,45.0,1,7,1,Post-mast
J020,A,MV1,23/05/2014,2013,Summer ,M,Early sexual maturity,7,10/06/2017,45.0,1,22,3,Pre-mast
J020,A,MV1,23/05/2014,2013,Summer ,M,Early sexual maturity,7,10/06/2017,45.0,0,30,0,Post-mast
J020,A,MV1,23/05/2014,2013,Summer ,M,Early sexual maturity,7,10/06/2017,45.0,0,45,0,Pre-mast
J026,A,MV1,25/05/2014,2013,Summer ,F,Early sexual maturity,7,04/08/2017,47.0,1,7,3,Post-mast
J026,A,MV1,25/05/2014,2013,Summer ,F,Early sexual maturity,7,04/08/2017,47.0,1,22,6,Pre-mast
J026,A,MV1,25/05/2014,2013,Summer ,F,Early sexual maturity,7,04/08/2017,47.0,1,30,2,Post-mast
J026,A,MV1,25/05/2014,2013,Summer ,F,Early sexual maturity,7,04/08/2017,47.0,0,45,0,Pre-mast
J031,A,MV1,25/05/2014,2013,Summer ,F,Early sexual maturity,7,08/06/2014,8.0,1,7,4,Post-mast
J032,A,MV4,28/05/2014,2013,Summer ,M,Early sexual maturity,7,12/06/2019,69.0,0,7,0,Post-mast
J032,A,MV4,28/05/2014,2013,Summer ,M,Early sexual maturity,7,12/06/2019,69.0,1,22,2,Pre-mast
J032,A,MV4,28/05/2014,2013,Summer ,M,Early sexual maturity,7,12/06/2019,69.0,1,30,3,Post-mast
J032,A,MV4,28/05/2014,2013,Summer ,M,Early sexual maturity,7,12/06/2019,69.0,0,45,0,Pre-mast
J032,A,MV4,28/05/2014,2013,Summer ,M,Early sexual maturity,7,12/06/2019,69.0,0,52,0,Post-mast
J036,A,MV4,28/05/2014,2013,Summer ,M,Early sexual maturity,7,01/07/2014,9.0,1,7,1,Post-mast
J037,A,MV4,28/05/2014,2013,Summer ,M,Early sexual maturity,7,05/07/2015,21.0,0,7,0,Post-mast
J037,A,MV4,28/05/2014,2013,Summer ,M,Early sexual maturity,7,05/07/2015,21.0,1,22,1,Pre-mast
J041,A,MV4,29/05/2014,2013,Summer ,M,Early sexual maturity,7,03/06/2016,33.0,0,7,0,Post-mast
J041,A,MV4,29/05/2014,2013,Summer ,M,Early sexual maturity,7,03/06/2016,33.0,1,22,2,Pre-mast
J041,A,MV4,29/05/2014,2013,Summer ,M,Early sexual maturity,7,03/06/2016,33.0,0,30,0,Post-mast
J043,A,MV1,30/05/2014,2013,Summer ,F,Late sexual maturity,22,29/07/2017,47.0,0,7,0,Post-mast
J043,A,MV1,30/05/2014,2013,Summer ,F,Late sexual maturity,22,29/07/2017,47.0,1,22,4,Pre-mast
J043,A,MV1,30/05/2014,2013,Summer ,F,Late sexual maturity,22,29/07/2017,47.0,0,30,0,Post-mast
J043,A,MV1,30/05/2014,2013,Summer ,F,Late sexual maturity,22,29/07/2017,47.0,0,45,0,Pre-mast
J045,A,MV5,31/05/2014,2013,Summer ,F,Late sexual maturity,22,12/09/2019,72.0,0,7,0,Post-mast
J045,A,MV5,31/05/2014,2013,Summer ,F,Late sexual maturity,22,12/09/2019,72.0,1,22,1,Pre-mast
J045,A,MV5,31/05/2014,2013,Summer ,F,Late sexual maturity,22,12/09/2019,72.0,1,30,1,Post-mast
J045,A,MV5,31/05/2014,2013,Summer ,F,Late sexual maturity,22,12/09/2019,72.0,1,45,2,Pre-mast
J045,A,MV5,31/05/2014,2013,Summer ,F,Late sexual maturity,22,12/09/2019,72.0,1,52,1,Post-mast
J047,A,MV1,01/06/2014,2013,Summer ,F,Late sexual maturity,22,30/08/2015,23.0,0,7,0,Post-mast
J047,A,MV1,01/06/2014,2013,Summer ,F,Late sexual maturity,22,30/08/2015,23.0,1,22,6,Pre-mast
J048,A,MV1,01/06/2014,2013,Summer ,M,Early sexual maturity,7,24/08/2019,72.0,1,7,2,Post-mast
J048,A,MV1,01/06/2014,2013,Summer ,M,Early sexual maturity,7,24/08/2019,72.0,1,22,1,Pre-mast
J048,A,MV1,01/06/2014,2013,Summer ,M,Early sexual maturity,7,24/08/2019,72.0,1,30,1,Post-mast
J048,A,MV1,01/06/2014,2013,Summer ,M,Early sexual maturity,7,24/08/2019,72.0,1,45,1,Pre-mast
J048,A,MV1,01/06/2014,2013,Summer ,M,Early sexual maturity,7,24/08/2019,72.0,0,52,0,Post-mast
J054,A,MV1,03/06/2014,2013,Summer ,F,Late sexual maturity,22,02/09/2015,23.0,0,7,0,Post-mast
J054,A,MV1,03/06/2014,2013,Summer ,F,Late sexual maturity,22,02/09/2015,23.0,1,22,3,Pre-mast
J055,A,MV1,03/06/2014,2013,Summer ,M,Early sexual maturity,7,02/09/2017,48.0,0,7,0,Post-mast
J055,A,MV1,03/06/2014,2013,Summer ,M,Early sexual maturity,7,02/09/2017,48.0,0,22,0,Pre-mast
J055,A,MV1,03/06/2014,2013,Summer ,M,Early sexual maturity,7,02/09/2017,48.0,1,30,2,Post-mast
J055,A,MV1,03/06/2014,2013,Summer ,M,Early sexual maturity,7,02/09/2017,48.0,1,45,1,Pre-mast
J057,A,MV1,03/06/2014,2013,Summer ,F,Late sexual maturity,22,02/09/2017,48.0,0,7,0,Post-mast
J057,A,MV1,03/06/2014,2013,Summer ,F,Late sexual maturity,22,02/09/2017,48.0,1,22,3,Pre-mast
J057,A,MV1,03/06/2014,2013,Summer ,F,Late sexual maturity,22,02/09/2017,48.0,1,30,2,Post-mast
J057,A,MV1,03/06/2014,2013,Summer ,F,Late sexual maturity,22,02/09/2017,48.0,0,45,0,Pre-mast
J060,A,MV1,05/06/2014,2013,Summer ,F,Early sexual maturity,7,27/05/2015,20.0,1,7,2,Post-mast
J060,A,MV1,05/06/2014,2013,Summer ,F,Early sexual maturity,7,27/05/2015,20.0,0,22,0,Pre-mast
J064,A,MV4,06/06/2014,2013,Summer ,M,Early sexual maturity,7,05/09/2015,24.0,0,7,0,Post-mast
J064,A,MV4,06/06/2014,2013,Summer ,M,Early sexual maturity,7,05/09/2015,24.0,1,22,1,Pre-mast
J080,A,MV1,08/06/2014,2013,Summer ,F,Late sexual maturity,22,16/09/2017,48.0,0,7,0,Post-mast
J080,A,MV1,08/06/2014,2013,Summer ,F,Late sexual maturity,22,16/09/2017,48.0,1,22,1,Pre-mast
J080,A,MV1,08/06/2014,2013,Summer ,F,Late sexual maturity,22,16/09/2017,48.0,0,30,0,Post-mast
J080,A,MV1,08/06/2014,2013,Summer ,F,Late sexual maturity,22,16/09/2017,48.0,1,45,3,Pre-mast
J085,A,MV1,08/06/2014,2013,Summer ,M,Early sexual maturity,7,30/06/2015,21.0,0,7,0,Post-mast
J085,A,MV1,08/06/2014,2013,Summer ,M,Early sexual maturity,7,30/06/2015,21.0,1,22,1,Pre-mast
J086,A,MV1,08/06/2014,2013,Summer ,M,Early sexual maturity,7,24/08/2019,72.0,1,7,1,Post-mast
J086,A,MV1,08/06/2014,2013,Summer ,M,Early sexual maturity,7,24/08/2019,72.0,0,22,0,Pre-mast
J086,A,MV1,08/06/2014,2013,Summer ,M,Early sexual maturity,7,24/08/2019,72.0,0,30,0,Post-mast
J086,A,MV1,08/06/2014,2013,Summer ,M,Early sexual maturity,7,24/08/2019,72.0,1,45,2,Pre-mast
J086,A,MV1,08/06/2014,2013,Summer ,M,Early sexual maturity,7,24/08/2019,72.0,0,52,0,Post-mast
J088,A,MV4,09/06/2014,2013,Summer ,M,Early sexual maturity,7,16/06/2019,70.0,1,7,1,Post-mast
J088,A,MV4,09/06/2014,2013,Summer ,M,Early sexual maturity,7,16/06/2019,70.0,1,22,1,Pre-mast
J088,A,MV4,09/06/2014,2013,Summer ,M,Early sexual maturity,7,16/06/2019,70.0,1,30,1,Post-mast
J088,A,MV4,09/06/2014,2013,Summer ,M,Early sexual maturity,7,16/06/2019,70.0,1,45,3,Pre-mast
J088,A,MV4,09/06/2014,2013,Summer ,M,Early sexual maturity,7,16/06/2019,70.0,1,52,1,Post-mast
J094,A,MV1,11/06/2014,2013,Summer ,F,Late sexual maturity,22,21/08/2017,47.0,0,7,0,Post-mast
J094,A,MV1,11/06/2014,2013,Summer ,F,Late sexual maturity,22,21/08/2017,47.0,1,22,1,Pre-mast
J094,A,MV1,11/06/2014,2013,Summer ,F,Late sexual maturity,22,21/08/2017,47.0,0,30,0,Post-mast
J094,A,MV1,11/06/2014,2013,Summer ,F,Late sexual maturity,22,21/08/2017,47.0,0,45,0,Pre-mast
J097,A,MV1,15/06/2014,2013,Summer,F,Early sexual maturity,7,29/06/2014,9.0,1,7,1,Post-mast
J102,A,MV5,15/06/2014,2013,Summer ,F,Early sexual maturity,7,30/05/2015,20.0,1,7,2,Post-mast
J102,A,MV5,15/06/2014,2013,Summer ,F,Early sexual maturity,7,30/05/2015,20.0,0,22,0,Pre-mast
J129,A,MV5,17/06/2014,2013,Summer ,M,Early sexual maturity,7,23/05/2015,20.0,1,7,2,Post-mast
J129,A,MV5,17/06/2014,2013,Summer ,M,Early sexual maturity,7,23/05/2015,20.0,0,22,0,Pre-mast
J136,A,MV5,20/06/2014,2013,Summer ,F,Early sexual maturity,7,02/06/2016,33.0,0,7,0,Post-mast
J136,A,MV5,20/06/2014,2013,Summer ,F,Early sexual maturity,7,02/06/2016,33.0,1,22,1,Pre-mast
J136,A,MV5,20/06/2014,2013,Summer ,F,Early sexual maturity,7,02/06/2016,33.0,1,30,1,Post-mast
J145,A,MV1,28/06/2014,2013,Summer ,F,Late sexual maturity,22,04/07/2015,21.0,0,7,0,Post-mast
J145,A,MV1,28/06/2014,2013,Summer ,F,Late sexual maturity,22,04/07/2015,21.0,1,22,1,Pre-mast
J151,A,MV1,05/07/2014,2013,Summer ,M,Early sexual maturity,7,16/09/2019,73.0,0,7,0,Post-mast
J151,A,MV1,05/07/2014,2013,Summer ,M,Early sexual maturity,7,16/09/2019,73.0,1,22,1,Pre-mast
J151,A,MV1,05/07/2014,2013,Summer ,M,Early sexual maturity,7,16/09/2019,73.0,1,30,1,Post-mast
J151,A,MV1,05/07/2014,2013,Summer ,M,Early sexual maturity,7,16/09/2019,73.0,0,45,0,Pre-mast
J151,A,MV1,05/07/2014,2013,Summer ,M,Early sexual maturity,7,16/09/2019,73.0,0,52,0,Post-mast
J151,A,MV1,05/07/2014,2013,Summer ,M,Early sexual maturity,7,16/09/2019,73.0,0,67,0,Pre-mast
K001,A,MV4,15/05/2015,2014,Spring ,M,Intermediate sexual maturity,15,04/06/2017,37.0,0,15,0,Pre-mast
K001,A,MV4,15/05/2015,2014,Spring ,M,Intermediate sexual maturity,15,04/06/2017,37.0,1,22,2,Post-mast
K001,A,MV4,15/05/2015,2014,Spring ,M,Intermediate sexual maturity,15,04/06/2017,37.0,0,30,0,Pre-mast
K007,A,MV5,29/05/2015,2014,Spring ,F,Intermediate sexual maturity,15,17/06/2019,61.0,0,15,0,Pre-mast
K007,A,MV5,29/05/2015,2014,Spring ,F,Intermediate sexual maturity,15,17/06/2019,61.0,0,22,0,Post-mast
K007,A,MV5,29/05/2015,2014,Spring ,F,Intermediate sexual maturity,15,17/06/2019,61.0,1,37,1,Pre-mast
K007,A,MV5,29/05/2015,2014,Spring ,F,Intermediate sexual maturity,15,17/06/2019,61.0,1,44,1,Post-mast
K011,A,MV4,04/06/2015,2014,Spring ,M,Intermediate sexual maturity,15,25/08/2019,64.0,0,15,0,Pre-mast
K011,A,MV4,04/06/2015,2014,Spring ,M,Intermediate sexual maturity,15,25/08/2019,64.0,1,22,4,Post-mast
K011,A,MV4,04/06/2015,2014,Spring ,M,Intermediate sexual maturity,15,25/08/2019,64.0,1,37,2,Pre-mast
K011,A,MV4,04/06/2015,2014,Spring ,M,Intermediate sexual maturity,15,25/08/2019,64.0,0,44,0,Post-mast
K013,A,MV1,07/06/2015,2014,Spring ,M,Intermediate sexual maturity,15,16/07/2017,38.0,1,15,2,Pre-mast
K013,A,MV1,07/06/2015,2014,Spring ,M,Intermediate sexual maturity,15,16/07/2017,38.0,0,22,0,Post-mast
K013,A,MV1,07/06/2015,2014,Spring ,M,Intermediate sexual maturity,15,16/07/2017,38.0,0,37,0,Pre-mast
K014,A,MV1,13/06/2015,2014,Spring ,M,Intermediate sexual maturity,15,23/05/2018,48.0,1,15,3,Pre-mast
K014,A,MV1,13/06/2015,2014,Spring ,M,Intermediate sexual maturity,15,23/05/2018,48.0,0,22,0,Post-mast
K014,A,MV1,13/06/2015,2014,Spring ,M,Intermediate sexual maturity,15,23/05/2018,48.0,0,37,0,Pre-mast
K014,A,MV1,13/06/2015,2014,Spring ,M,Intermediate sexual maturity,15,23/05/2018,48.0,0,44,0,Post-mast
K015,A,MV1,30/06/2015,2014,Spring ,M,Intermediate sexual maturity,15,02/09/2015,15.0,1,15,1,Pre-mast
K017,A,MV1,04/07/2015,2014,Spring ,M,Intermediate sexual maturity,15,10/08/2017,39.0,1,15,3,Pre-mast
K017,A,MV1,04/07/2015,2014,Spring ,M,Intermediate sexual maturity,15,10/08/2017,39.0,0,22,0,Post-mast
K017,A,MV1,04/07/2015,2014,Spring ,M,Intermediate sexual maturity,15,10/08/2017,39.0,0,37,0,Pre-mast
K046,J,MV4,02/09/2015,2015,Summer,F,Early sexual maturity,7,12/05/2016,8.0,1,7,2,Post-mast
L003,A,MV5,13/05/2016,2015,Summer ,F,Late sexual maturity,22,12/09/2019,48.0,0,7,0,Post-mast
L003,A,MV5,13/05/2016,2015,Summer ,F,Late sexual maturity,22,12/09/2019,48.0,1,22,2,Pre-mast
L003,A,MV5,13/05/2016,2015,Summer ,F,Late sexual maturity,22,12/09/2019,48.0,1,30,1,Post-mast
L005,A,MV5,14/05/2016,2015,Summer ,F,Early sexual maturity,7,23/05/2017,20.0,1,7,1,Post-mast
L005,A,MV5,14/05/2016,2015,Summer ,F,Early sexual maturity,7,23/05/2017,20.0,0,22,0,Pre-mast
L007,A,MV1,17/05/2016,2015,Summer ,M,Early sexual maturity,7,09/09/2019,48.0,1,7,1,Post-mast
L007,A,MV1,17/05/2016,2015,Summer ,M,Early sexual maturity,7,09/09/2019,48.0,1,22,1,Pre-mast
L007,A,MV1,17/05/2016,2015,Summer ,M,Early sexual maturity,7,09/09/2019,48.0,0,30,0,Post-mast
L008,A,MV1,17/05/2016,2015,Summer ,F,Early sexual maturity,7,13/07/2016,10.0,1,7,1,Post-mast
L009,A,MV1,17/05/2016,2015,Summer ,M,Early sexual maturity,7,23/06/2019,45.0,0,7,0,Post-mast
L009,A,MV1,17/05/2016,2015,Summer ,M,Early sexual maturity,7,23/06/2019,45.0,1,22,1,Pre-mast
L009,A,MV1,17/05/2016,2015,Summer ,M,Early sexual maturity,7,23/06/2019,45.0,0,30,0,Post-mast
L011,A,MV1,18/05/2016,2015,Summer ,M,Early sexual maturity,7,03/09/2019,48.0,0,7,0,Post-mast
L011,A,MV1,18/05/2016,2015,Summer ,M,Early sexual maturity,7,03/09/2019,48.0,1,22,2,Pre-mast
L011,A,MV1,18/05/2016,2015,Summer ,M,Early sexual maturity,7,03/09/2019,48.0,0,30,0,Post-mast
L011,A,MV1,18/05/2016,2015,Summer ,M,Early sexual maturity,7,03/09/2019,48.0,0,45,0,Pre-mast
L014,A,MV1,18/05/2016,2015,Summer ,M,Early sexual maturity,7,07/05/2018,32.0,1,7,2,Post-mast
L014,A,MV1,18/05/2016,2015,Summer ,M,Early sexual maturity,7,07/05/2018,32.0,0,22,0,Pre-mast
L014,A,MV1,18/05/2016,2015,Summer ,M,Early sexual maturity,7,07/05/2018,32.0,1,30,1,Post-mast
L017,A,MV4,19/05/2016,2015,Summer ,M,Early sexual maturity,7,26/06/2017,21.0,1,7,3,Post-mast
L017,A,MV4,19/05/2016,2015,Summer ,M,Early sexual maturity,7,26/06/2017,21.0,0,22,0,Pre-mast
L018,A,MV4,20/05/2016,2015,Summer ,F,Early sexual maturity,7,14/05/2018,32.0,1,7,1,Post-mast
L018,A,MV4,20/05/2016,2015,Summer ,F,Early sexual maturity,7,14/05/2018,32.0,1,22,4,Pre-mast
L018,A,MV4,20/05/2016,2015,Summer ,F,Early sexual maturity,7,14/05/2018,32.0,0,30,0,Post-mast
L020,A,MV5,21/05/2016,2015,Summer ,F,Early sexual maturity,7,27/08/2017,23.0,1,7,1,Post-mast
L020,A,MV5,21/05/2016,2015,Summer ,F,Early sexual maturity,7,27/08/2017,23.0,0,22,0,Pre-mast
L021,A,MV5,21/05/2016,2015,Summer ,M,Early sexual maturity,7,25/06/2019,45.0,1,7,1,Post-mast
L021,A,MV5,21/05/2016,2015,Summer ,M,Early sexual maturity,7,25/06/2019,45.0,1,22,1,Pre-mast
L021,A,MV5,21/05/2016,2015,Summer ,M,Early sexual maturity,7,25/06/2019,45.0,1,30,2,Post-mast
L025,A,MV1,23/05/2016,2015,Summer ,M,Early sexual maturity,7,16/06/2016,9.0,1,7,1,Post-mast
L035,A,MV5,25/05/2016,2015,Summer ,M,Early sexual maturity,7,27/08/2017,23.0,0,7,0,Post-mast
L035,A,MV5,25/05/2016,2015,Summer ,M,Early sexual maturity,7,27/08/2017,23.0,1,22,1,Pre-mast
L043,A,MV4,27/05/2016,2015,Summer ,F,Late sexual maturity,22,07/09/2019,48.0,0,7,0,Post-mast
L043,A,MV4,27/05/2016,2015,Summer ,F,Late sexual maturity,22,07/09/2019,48.0,1,22,3,Pre-mast
L043,A,MV4,27/05/2016,2015,Summer ,F,Late sexual maturity,22,07/09/2019,48.0,0,30,0,Post-mast
L048,A,MV4,27/05/2016,2015,Summer ,F,Early sexual maturity,7,05/07/2016,9.0,1,7,1,Post-mast
L049,A,MV4,27/05/2016,2015,Summer ,F,Late sexual maturity,22,25/05/2018,32.0,0,7,0,Post-mast
L049,A,MV4,27/05/2016,2015,Summer ,F,Late sexual maturity,22,25/05/2018,32.0,1,22,2,Pre-mast
L049,A,MV4,27/05/2016,2015,Summer ,F,Late sexual maturity,22,25/05/2018,32.0,1,30,1,Post-mast
L054,A,MV4,28/05/2016,2015,Summer ,F,Early sexual maturity,7,16/06/2019,45.0,1,7,2,Post-mast
L054,A,MV4,28/05/2016,2015,Summer ,F,Early sexual maturity,7,16/06/2019,45.0,1,22,3,Pre-mast
L054,A,MV4,28/05/2016,2015,Summer ,F,Early sexual maturity,7,16/06/2019,45.0,1,30,3,Post-mast
L065,A,MV1,01/06/2016,2015,Summer ,F,Early sexual maturity,7,05/07/2016,9.0,1,7,1,Post-mast
L071,A,MV4,03/06/2016,2015,Summer ,M,Early sexual maturity,7,16/05/2018,32.0,1,7,3,Post-mast
L071,A,MV4,03/06/2016,2015,Summer ,M,Early sexual maturity,7,16/05/2018,32.0,1,22,1,Pre-mast
L071,A,MV4,03/06/2016,2015,Summer ,M,Early sexual maturity,7,16/05/2018,32.0,0,30,0,Post-mast
L090,A,MV5,11/06/2016,2015,Summer ,M,Early sexual maturity,7,18/07/2019,46.0,0,7,0,Post-mast
L090,A,MV5,11/06/2016,2015,Summer ,M,Early sexual maturity,7,18/07/2019,46.0,0,22,0,Pre-mast
L090,A,MV5,11/06/2016,2015,Summer ,M,Early sexual maturity,7,18/07/2019,46.0,1,30,1,Post-mast
L097,A,MV4,14/06/2016,2015,Summer ,F,Early sexual maturity,7,11/07/2016,10.0,1,7,2,Post-mast
L101,A,MV4,14/06/2016,2015,Summer ,M,Early sexual maturity,7,20/09/2019,48.0,0,7,0,Post-mast
L101,A,MV4,14/06/2016,2015,Summer ,M,Early sexual maturity,7,20/09/2019,48.0,1,22,1,Pre-mast
L101,A,MV4,14/06/2016,2015,Summer ,M,Early sexual maturity,7,20/09/2019,48.0,1,30,2,Post-mast
L110,A,MV1,16/06/2016,2015,Summer ,M,Early sexual maturity,7,14/09/2017,24.0,1,7,1,Post-mast
L110,A,MV1,16/06/2016,2015,Summer ,M,Early sexual maturity,7,14/09/2017,24.0,0,22,0,Pre-mast
L120,A,MV4,17/06/2016,2015,Summer ,M,Early sexual maturity,7,04/09/2017,24.0,0,7,0,Post-mast
L120,A,MV4,17/06/2016,2015,Summer ,M,Early sexual maturity,7,04/09/2017,24.0,0,22,0,Pre-mast
L120,A,MV4,17/06/2016,2015,Summer ,M,Early sexual maturity,7,04/09/2017,24.0,1,30,1,Post-mast
L121,A,MV4,18/06/2016,2015,Summer ,M,Early sexual maturity,7,09/07/2019,46.0,1,7,1,Post-mast
L121,A,MV4,18/06/2016,2015,Summer ,M,Early sexual maturity,7,09/07/2019,46.0,1,22,1,Pre-mast
L121,A,MV4,18/06/2016,2015,Summer ,M,Early sexual maturity,7,09/07/2019,46.0,0,30,0,Post-mast
L123,A,MV4,18/06/2016,2015,Summer ,M,Early sexual maturity,7,13/09/2017,24.0,0,7,0,Post-mast
L123,A,MV4,18/06/2016,2015,Summer ,M,Early sexual maturity,7,13/09/2017,24.0,1,22,2,Pre-mast
L141,A,MV5,06/07/2016,2015,Summer ,M,Early sexual maturity,7,28/06/2017,21.0,0,7,0,Post-mast
L141,A,MV5,06/07/2016,2015,Summer ,M,Early sexual maturity,7,28/06/2017,21.0,1,22,1,Pre-mast
M001,A,MV5,18/05/2017,2016,Spring ,M,Intermediate sexual maturity,15,22/06/2018,25.0,1,15,1,Pre-mast
M001,A,MV5,18/05/2017,2016,Spring ,M,Intermediate sexual maturity,15,22/06/2018,25.0,1,22,3,Post-mast
M003,A,MV1,07/06/2017,2016,Spring ,F,Intermediate sexual maturity,15,07/06/2017,,1,15,1,Pre-mast
M006,A,MV1,10/06/2017,2016,Spring ,M,Intermediate sexual maturity,15,05/07/2017,13.0,1,15,2,Pre-mast
M007,A,MV1,15/06/2017,2016,Spring ,M,Intermediate sexual maturity,15,29/08/2017,15.0,1,15,2,Pre-mast
M009,A,MV4,18/06/2017,2016,Spring ,F,Intermediate sexual maturity,15,11/07/2017,14.0,1,15,1,Pre-mast
M009,A,MV4,18/06/2017,2016,Spring ,F,Intermediate sexual maturity,15,11/07/2017,14.0,1,22,1,Post-mast
M011,A,MV1,21/06/2017,2016,Spring ,M,Intermediate sexual maturity,15,06/09/2019,40.0,0,15,0,Pre-mast
M011,A,MV1,21/06/2017,2016,Spring ,M,Intermediate sexual maturity,15,06/09/2019,40.0,1,22,1,Post-mast
M013,A,MV4,22/06/2017,2016,Spring ,M,Intermediate sexual maturity,15,22/06/2017,,1,15,1,Pre-mast
M013,A,MV4,22/06/2017,2016,Spring ,M,Intermediate sexual maturity,15,22/06/2017,,1,22,1,Post-mast
M025,J,MV1,14/09/2017,2017,Summer,F,Early sexual maturity,7,14/09/2017,,1,7,1,Post-mast
M026,J,MV1,14/09/2017,2017,Summer,M,Early sexual maturity,7,06/06/2018,9.0,1,7,1,Post-mast
N001,A,MV4,08/05/2018,2017,Summer ,M,Early sexual maturity,7,,,1,7,1,Post-mast
N002,A,MV4,11/05/2018,2017,Summer ,F,Early sexual maturity,7,,,1,7,1,Post-mast
N004,A,MV5,12/05/2018,2017,Summer ,M,Early sexual maturity,7,,,1,7,1,Post-mast
N014,A,MV4,16/05/2018,2017,Summer ,M,Early sexual maturity,7,,,1,7,1,Post-mast
N015,A,MV4,16/05/2018,2017,Summer ,M,Early sexual maturity,7,,,1,7,1,Post-mast
N018,A,MV1,17/05/2018,2017,Summer ,M,Early sexual maturity,7,,,1,7,1,Post-mast
N021,A,MV4,18/05/2018,2017,Summer ,F,Early sexual maturity,7,,,1,7,1,Post-mast
N024,A,MV4,18/05/2018,2017,Summer ,M,Early sexual maturity,7,,,1,7,2,Post-mast
N038,A,MV1,22/05/2018,2017,Summer ,F,Early sexual maturity,7,,,1,7,2,Post-mast
N065,A,MV4,31/05/2018,2017,Summer ,M,Early sexual maturity,7,,,1,7,2,Post-mast
N067,A,MV5,02/06/2018,2017,Summer ,M,Early sexual maturity,7,,,1,7,1,Post-mast
N078,A,MV4,08/06/2018,2017,Summer,M,Early sexual maturity,7,,,1,7,2,Post-mast
N079,A,MV4,08/06/2018,2017,Summer ,M,Early sexual maturity,7,,,1,7,2,Post-mast
N089,A,MV5,10/06/2018,2017,Summer ,F,Early sexual maturity,7,,,1,7,1,Post-mast
N091,A,MV1,12/06/2018,2017,Summer ,F,Early sexual maturity,7,,,1,7,1,Post-mast
Z042,A,Site 1,27/07/2004,2003,Spring ,M,Intermediate sexual maturity,15,31/05/2006,37.0,1,37,1,Pre-mast
