id,year_of_sampling,capture_date,sex,age,mass,year_of_birth,ALO,lymphocyte_count,neutrophil_count,monocyte_count,eosinophil_count,leukocyte_concentration,included_in_survival_analysis,log_leukocyte_concentration
1,2011,123,f,9,4000,2002,12,15.0,74.0,5.0,6.0,,yes,
1,2013,140,f,11,3280,2002,12,16.0,84.0,0.0,0.0,22032000.0,yes,16.908006499950574
1,2014,136,f,12,3525,2002,12,23.0,74.0,0.0,3.0,33864000.0,yes,17.337863061182897
2,2011,160,m,8,4950,2003,10,26.0,58.0,8.0,8.0,,yes,
2,2012,158,m,9,4675,2003,10,36.0,49.0,5.0,10.0,,yes,
2,2013,171,m,10,4760,2003,10,2.0,44.0,0.0,5.0,,yes,
3,2012,171,f,11,4450,2001,12,37.0,52.0,7.0,4.0,,yes,
3,2013,140,f,12,3900,2001,12,32.0,66.0,1.0,1.0,,yes,
4,2011,127,f,7,4525,2004,8,29.0,65.0,0.0,6.0,,yes,
4,2012,165,f,8,4250,2004,8,31.0,50.0,10.0,8.0,,yes,
5,2011,118,f,7,3650,2004,10,19.0,72.0,6.0,3.0,,yes,
5,2012,138,f,8,3450,2004,10,24.0,70.0,5.0,1.0,,yes,
5,2013,136,f,9,3050,2004,10,33.0,63.0,1.0,3.0,16626000.0,yes,16.62647829307317
5,2014,137,f,10,3800,2004,10,85.0,10.0,5.0,0.0,4794000.0,yes,15.382875693976466
6,2011,119,f,7,3125,2004,11,25.0,67.0,6.0,2.0,,yes,
6,2013,139,f,9,2760,2004,11,46.0,46.0,4.0,4.0,,yes,
6,2014,139,f,10,3375,2004,11,34.0,66.0,0.0,0.0,11934000.0,yes,16.294902027064165
6,2015,135,f,11,3375,2004,11,21.0,75.0,3.0,1.0,16217999.2296864,yes,16.60163224698919
7,2012,156,m,7,3900,2005,10,42.0,43.0,9.0,5.0,,yes,
7,2013,149,m,8,3590,2005,10,61.0,38.0,0.0,0.0,,yes,
7,2015,143,m,10,4175,2005,10,35.0,57.0,6.0,1.0,,yes,
8,2011,148,f,6,3450,2005,9,34.0,59.0,2.0,5.0,,yes,
8,2012,166,f,7,3500,2005,9,31.0,58.0,3.0,8.0,,yes,
8,2013,171,f,8,3180,2005,9,64.0,34.0,1.0,1.0,15402000.0,yes,16.550007929081332
8,2014,157,f,9,3475,2005,9,22.0,71.0,4.0,3.0,22213333.9217857,yes,16.916203293645705
9,2011,120,m,6,3250,2005,10,9.0,88.0,1.0,2.0,,yes,
9,2012,138,m,7,3350,2005,10,27.0,69.0,3.0,1.0,,yes,
9,2013,141,m,8,3050,2005,10,15.0,84.0,0.0,0.0,8160000.0,yes,15.91475472694029
9,2014,137,m,9,3525,2005,10,21.0,67.0,6.0,6.0,12138000.0,yes,16.311851585377937
9,2015,140,m,10,3750,2005,10,44.0,42.0,6.0,8.0,22440000.594457,yes,16.926355665109725
10,2011,129,m,6,3300,2005,10,11.0,86.0,3.0,0.0,,yes,
10,2012,158,m,7,3500,2005,10,52.0,32.0,9.0,7.0,,yes,
10,2013,160,m,8,3250,2005,10,24.0,76.0,0.0,0.0,11220000.0,yes,16.233208458058826
10,2015,142,m,10,3500,2005,10,35.0,61.0,3.0,1.0,23233333.9488065,yes,16.961098613553595
11,2011,124,f,6,3450,2005,7,17.0,79.0,1.0,3.0,,yes,
11,2012,137,f,7,3025,2005,7,20.0,77.0,3.0,0.0,,yes,
12,2011,120,f,6,4000,2005,10,33.0,63.0,1.0,2.0,,yes,
12,2012,137,f,7,3400,2005,10,18.0,75.0,3.0,3.0,,yes,
12,2013,149,f,8,3510,2005,10,21.0,72.0,6.0,1.0,20502000.0,yes,16.836033000325482
12,2014,137,f,9,3500,2005,10,20.0,76.0,2.0,2.0,23970000.0,yes,16.992313606410566
12,2015,158,f,10,4125,2005,10,31.0,63.0,1.0,5.0,24071998.8566414,yes,16.99655984979457
13,2011,117,f,5,3950,2006,9,17.0,80.0,1.0,2.0,,yes,
13,2012,139,f,6,3175,2006,9,20.0,66.0,6.0,7.0,,yes,
13,2013,148,f,7,3520,2006,9,56.0,40.0,2.0,2.0,15708000.0,yes,16.569680694680038
13,2014,138,f,8,3525,2006,9,18.0,80.0,1.0,1.0,26112000.0,yes,17.07790553674597
13,2015,141,f,9,3625,2006,9,42.0,56.0,1.0,1.0,26520000.7025401,yes,17.09340974977289
14,2011,125,f,4,3400,2007,8,71.0,26.0,3.0,0.0,,yes,
14,2012,156,f,5,3100,2007,8,20.0,72.0,6.0,0.0,,yes,
14,2013,149,f,6,3320,2007,8,64.0,31.0,0.0,5.0,31110000.0,yes,17.25303986887382
14,2014,138,f,7,3650,2007,8,32.0,62.0,4.0,2.0,13872000.0,yes,16.44538297800246
14,2015,169,f,8,3900,2007,8,49.0,46.0,1.0,4.0,23765998.8711756,yes,16.983766498334656
15,2011,121,f,4,4150,2007,5,53.0,39.0,5.0,3.0,,yes,
15,2012,188,f,5,3900,2007,5,11.0,87.0,2.0,0.0,,yes,
16,2011,119,m,4,4000,2007,5,15.0,79.0,4.0,2.0,,yes,
16,2012,137,m,5,3550,2007,5,12.0,82.0,6.0,0.0,,yes,
17,2011,152,m,4,3500,2007,8,36.0,52.0,4.0,8.0,,yes,
17,2012,158,m,5,3450,2007,8,18.0,75.0,3.0,4.0,,yes,
17,2013,150,m,6,3450,2007,8,44.0,52.0,1.0,3.0,,yes,
17,2014,149,m,7,4050,2007,8,25.0,65.0,4.0,6.0,25908000.0,yes,17.070062359284943
17,2015,167,m,8,3775,2007,8,30.0,64.0,3.0,3.0,19532999.0722323,yes,16.787615853389656
18,2011,116,m,4,3500,2007,8,57.0,38.0,4.0,0.0,,yes,
18,2012,139,m,5,3500,2007,8,48.0,45.0,5.0,2.0,,yes,
18,2013,157,m,6,4160,2007,8,35.0,64.0,0.0,1.0,17748000.0,yes,16.691783391480936
18,2014,140,m,7,3975,2007,8,24.0,71.0,4.0,1.0,18258000.0,yes,16.72011389810716
18,2015,136,m,8,3975,2007,8,27.0,68.0,2.0,3.0,27488998.6943426,yes,17.129296435118007
19,2011,127,m,4,3700,2007,8,35.0,56.0,4.0,5.0,,yes,
19,2012,139,m,5,3650,2007,8,44.0,48.0,5.0,3.0,,yes,
19,2013,152,m,6,3440,2007,8,66.0,31.0,0.0,2.0,,yes,
19,2014,139,m,7,3925,2007,8,25.0,70.0,2.0,3.0,29172000.0,yes,17.18871990308626
19,2015,144,m,8,4000,2007,8,36.0,48.0,10.0,6.0,23120000.6124709,yes,16.956208628259407
20,2011,122,m,7,4050,2004,9,11.0,83.0,4.0,2.0,,yes,
20,2012,145,m,8,3925,2004,9,15.0,75.0,3.0,7.0,,yes,
20,2013,167,m,9,4440,2004,9,32.0,63.0,0.0,5.0,,yes,
21,2012,159,m,5,4025,2007,8,25.0,70.0,2.0,3.0,,yes,
21,2013,166,m,6,4070,2007,8,16.0,83.0,0.0,1.0,,yes,
21,2014,148,m,7,3950,2007,8,23.0,66.0,5.0,6.0,24582000.0,yes,17.017525025757063
21,2015,142,m,8,3925,2007,8,31.0,67.0,0.0,2.0,21080000.5584293,yes,16.86383530812839
22,2011,128,f,3,3925,2008,6,46.0,48.0,2.0,4.0,,yes,
22,2012,149,f,4,3325,2008,6,24.0,60.0,6.0,9.0,,yes,
22,2013,151,f,5,3260,2008,6,19.0,75.0,2.0,4.0,17442000.0,yes,16.674391648769067
22,2014,145,f,6,3650,2008,6,32.0,59.0,3.0,4.0,19482000.0,yes,16.78500152031304
23,2011,161,m,3,4350,2008,6,30.0,58.0,10.0,2.0,,yes,
23,2012,139,m,4,4050,2008,6,45.0,37.0,9.0,8.0,,yes,
23,2013,146,m,5,3980,2008,6,28.0,62.0,4.0,6.0,7446000.0,yes,15.8231875334148
23,2014,136,m,6,4350,2008,6,28.0,64.0,5.0,3.0,22236000.0,yes,16.917223155055495
24,2011,118,m,3,4425,2008,5,17.0,78.0,4.0,1.0,,yes,
24,2012,137,m,4,4450,2008,5,34.0,59.0,7.0,0.0,,yes,
24,2013,154,m,5,4410,2008,5,22.0,70.0,7.0,1.0,,yes,
25,2012,153,f,4,3750,2008,7,24.0,57.0,8.0,11.0,,yes,
25,2013,166,f,5,3720,2008,7,22.0,75.0,2.0,1.0,,yes,
25,2014,156,f,6,4250,2008,7,30.0,63.0,3.0,4.0,31733334.1739796,yes,17.272878237584436
25,2015,133,f,7,3650,2008,7,19.0,78.0,1.0,2.0,21521998.9777599,yes,16.884586178245023
26,2011,124,m,3,3700,2008,7,46.0,24.0,30.0,0.0,,yes,
26,2012,137,m,4,3525,2008,7,54.0,46.0,0.0,0.0,,yes,
26,2013,149,m,5,3550,2008,7,23.0,77.0,0.0,0.0,,yes,
26,2014,144,m,6,3925,2008,7,35.0,56.0,6.0,3.0,22032000.0,yes,16.908006499950574
26,2015,136,m,7,3750,2008,7,15.0,79.0,5.0,1.0,18920999.1013008,yes,16.75578292681645
27,2012,151,f,4,3525,2008,5,24.0,68.0,3.0,5.0,,yes,
27,2013,152,f,5,2920,2008,5,9.0,89.0,1.0,0.0,,yes,
28,2012,146,m,4,4150,2008,7,18.0,76.0,3.0,2.0,,yes,
28,2015,137,m,7,4200,2008,7,18.0,76.0,1.0,5.0,,yes,
29,2011,119,m,3,3900,2008,7,28.0,69.0,2.0,1.0,,yes,
29,2012,138,m,4,3700,2008,7,9.0,89.0,0.0,2.0,,yes,
29,2013,150,m,5,4050,2008,7,45.0,44.0,5.0,5.0,19482000.0,yes,16.78500152031304
29,2014,139,m,6,4150,2008,7,32.0,62.0,1.0,5.0,21624000.0,yes,16.88931436693842
29,2015,144,m,7,4050,2008,7,14.0,80.0,1.0,5.0,,yes,
30,2011,123,f,3,4275,2008,5,58.0,42.0,0.0,0.0,,yes,
30,2012,156,f,4,4000,2008,5,43.0,44.0,9.0,4.0,,yes,
30,2013,172,f,5,4590,2008,5,51.0,44.0,3.0,2.0,,yes,
31,2012,142,m,4,3525,2008,6,26.0,66.0,2.0,5.0,,yes,
31,2013,139,m,5,3430,2008,6,22.0,77.0,1.0,0.0,,yes,
31,2014,135,m,6,4100,2008,6,24.0,69.0,5.0,2.0,,yes,
32,2011,156,m,3,4500,2008,4,37.0,44.0,17.0,0.0,,yes,
32,2012,148,m,4,3850,2008,4,38.0,52.0,3.0,7.0,,yes,
33,2011,162,f,3,4600,2008,7,58.0,38.0,5.0,0.0,,yes,
33,2013,154,f,5,4230,2008,7,20.0,68.0,12.0,0.0,19380000.0,yes,16.779752164426895
33,2014,150,f,6,4025,2008,7,23.0,72.0,5.0,0.0,13566000.0,yes,16.42307722048816
33,2015,148,f,7,4050,2008,7,26.0,68.0,3.0,3.0,14789999.2975127,yes,16.50946178718953
34,2011,161,f,3,4050,2008,7,74.0,18.0,6.0,0.0,,yes,
34,2012,158,f,4,4050,2008,7,26.0,61.0,3.0,10.0,,yes,
34,2014,145,f,6,3650,2008,7,22.0,69.0,3.0,6.0,15810000.0,yes,16.576153209185655
34,2015,146,f,7,3750,2008,7,20.0,79.0,0.0,1.0,17390999.1739719,yes,16.671463341492533
35,2012,144,f,3,3100,2009,4,19.0,77.0,3.0,1.0,,yes,
35,2013,140,f,4,3540,2009,4,16.0,76.0,4.0,4.0,,yes,
36,2011,161,f,3,4050,2008,6,40.0,52.0,5.0,3.0,,yes,
36,2012,158,f,4,4000,2008,6,24.0,65.0,6.0,5.0,,yes,
36,2014,143,f,6,3800,2008,6,23.0,77.0,0.0,0.0,,yes,
37,2012,177,f,3,4500,2009,6,28.0,47.0,17.0,8.0,,yes,
37,2013,160,f,4,4040,2009,6,,,,,27744000.0,yes,17.138530158562407
37,2014,169,f,5,4500,2009,6,54.0,43.0,1.0,2.0,30906000.0,yes,17.246460897775776
37,2015,148,f,6,4425,2009,6,32.0,62.0,3.0,3.0,18665999.1134126,yes,16.742214197610377
38,2012,148,f,3,3500,2009,6,36.0,53.0,8.0,3.0,,yes,
38,2013,152,f,4,3550,2009,6,82.0,12.0,6.0,0.0,16014000.0,yes,16.588973897614718
38,2014,139,f,5,3450,2009,6,26.0,72.0,1.0,1.0,20196000.0,yes,16.820995122960944
38,2015,137,f,6,3500,2009,6,31.0,66.0,2.0,1.0,17645999.16186,yes,16.686019639266735
39,2011,156,m,5,4300,2006,8,31.0,60.0,6.0,3.0,,yes,
39,2012,140,m,6,4150,2006,8,20.0,61.0,10.0,9.0,,yes,
39,2013,149,m,7,3580,2006,8,15.0,85.0,0.0,0.0,,yes,
39,2014,136,m,8,3950,2006,8,20.0,75.0,3.0,2.0,,yes,
40,2013,167,f,3,3690,2010,5,30.0,64.0,2.0,0.0,,yes,
40,2014,143,f,4,3600,2010,5,31.0,58.0,7.0,4.0,26418000.0,yes,17.089556153965948
40,2015,155,f,5,3925,2010,5,31.0,56.0,6.0,7.0,23510998.8832875,yes,16.97297890720566
41,2014,140,f,4,3925,2010,5,47.0,41.0,8.0,4.0,26520000.0,yes,17.093409723281937
41,2015,142,f,5,3500,2010,5,31.0,63.0,4.0,2.0,22326667.2581214,yes,16.921292363153178
41,2015,161,f,5,3525,2010,5,,,,,45134997.8562026,yes,17.62516850921694
42,2013,148,m,3,3180,2010,5,74.0,23.0,1.0,2.0,17034000.0,yes,16.650721904683163
42,2014,137,m,4,3425,2010,5,50.0,48.0,2.0,0.0,37128000.0,yes,17.42988195990315
42,2015,133,m,5,3500,2010,5,63.0,32.0,3.0,2.0,24071998.8566414,yes,16.99655984979457
43,2012,143,f,4,2875,2008,7,22.0,69.0,5.0,4.0,,yes,
43,2013,149,f,5,3220,2008,7,51.0,45.0,3.0,0.0,25296000.0,yes,17.04615683843139
43,2014,137,f,6,3600,2008,7,37.0,58.0,4.0,1.0,40392000.0,yes,17.514142303520888
43,2015,164,f,7,3525,2008,7,25.0,73.0,0.0,2.0,27896998.6749637,yes,17.144029666630995
44,2014,145,f,3,3875,2011,4,,,,,25704000.0,yes,17.06215717977783
44,2015,138,f,4,3700,2011,4,,,,,18926667.1680521,yes,16.756082446831943
45,2014,137,f,3,3475,2011,4,13.0,86.0,1.0,0.0,51102000.0,no,17.749334193351274
45,2015,147,f,4,3900,2011,4,22.0,59.0,9.0,10.0,22337998.939002,no,16.92179977458546
46,2014,138,f,3,3525,2011,4,57.0,36.0,7.0,0.0,13158000.0,no,16.39254049662808
46,2015,153,f,4,3625,2011,4,35.0,57.0,1.0,7.0,21623998.9729152,no,16.889314319440974
47,2014,163,m,3,4550,2011,4,31.0,55.0,7.0,7.0,19380000.5133947,yes,16.779752190917847
47,2015,148,m,4,4250,2011,4,19.0,70.0,5.0,5.0,13973999.3362706,yes,16.45270897059708
48,2014,138,f,3,3550,2011,4,65.0,32.0,2.0,1.0,58038000.0,yes,17.87660852639274
48,2015,141,f,4,3400,2011,4,33.0,66.0,0.0,1.0,24140000.6394916,yes,16.999380800124612
49,2014,135,m,3,3850,2011,4,28.0,66.0,3.0,3.0,,yes,
49,2015,142,m,4,3875,2011,4,22.0,73.0,4.0,1.0,,yes,
50,2014,136,m,3,4025,2011,4,30.0,68.0,2.0,0.0,27438000.0,no,17.127439471868247
50,2015,137,m,4,3875,2011,4,19.0,73.0,3.0,5.0,10811999.4864576,no,16.196167138881027
51,2014,142,f,3,3600,2011,4,54.0,41.0,3.0,2.0,,yes,
51,2015,142,f,4,4025,2011,4,21.0,75.0,3.0,1.0,,yes,
52,2013,136,m,3,3150,2010,4,29.0,64.0,5.0,2.0,17238000.0,yes,16.662626807189483
52,2014,136,m,4,3500,2010,4,21.0,73.0,1.0,4.0,18462000.0,yes,16.731225123532234
53,2013,173,f,3,4120,2010,5,48.0,51.0,0.0,1.0,13770000.0,yes,16.43800287070484
53,2014,136,f,4,4475,2010,5,35.0,62.0,2.0,2.0,,yes,
53,2015,141,f,5,4000,2010,5,47.0,49.0,2.0,2.0,14620000.3872977,yes,16.497901038776856
