ID,age,year_sampling,year_of_birth,sex,HA,hapto,initial_lysis,pre-scan_absorbance,assay_batch_HAHL,assay_batch_hapto,storage_time_HAHL,storage_time_hapto
1,11,2017,2006,2,12.0,0.083366,1.0,0.174,2017.0,2018.0,0.0,1.0
1,12,2018,2006,2,14.0,0.730218,5.0,0.201,2018.0,2018.0,0.0,0.0
1,13,2019,2006,2,12.0,0.181307,3.0,0.134,2020.0,2020.0,1.0,1.0
2,8,2016,2008,1,10.0,0.12275,3.0,0.149,2018.0,2018.0,2.0,2.0
2,10,2018,2008,1,17.0,1.425807,6.0,0.4,2018.0,2018.0,0.0,0.0
2,11,2019,2008,1,11.0,0.192533,1.0,0.147,2020.0,2020.0,1.0,1.0
3,8,2018,2010,1,13.0,,5.0,,2019.0,,1.0,
3,9,2019,2010,1,12.0,0.423025,4.0,0.169,2020.0,2020.0,1.0,1.0
4,11,2008,1997,1,9.0,,4.0,,2017.0,,9.0,
4,12,2009,1997,1,13.0,,2.0,,2017.0,,8.0,
5,4,2014,2010,2,12.0,,1.0,,2017.0,,3.0,
5,7,2017,2010,2,13.0,,1.0,,2017.0,,0.0,
5,8,2018,2010,2,15.0,,5.0,,2018.0,,0.0,
6,14,2008,1994,2,10.0,,1.0,,2017.0,,9.0,
6,17,2011,1994,2,12.0,,5.0,,2017.0,,6.0,
6,18,2012,1994,2,12.0,,1.0,,2017.0,,5.0,
6,19,2013,1994,2,12.0,,1.0,,2017.0,,4.0,
7,8,2009,2001,2,12.0,,6.0,,2017.0,,8.0,
8,8,2018,2010,2,8.0,0.402443,2.0,0.116,2020.0,2020.0,2.0,2.0
8,9,2019,2010,2,9.0,0.059313,1.0,0.124,2020.0,2020.0,1.0,1.0
9,7,2008,2001,1,12.0,,1.0,,2017.0,,9.0,
9,8,2009,2001,1,13.0,,4.0,,2017.0,,8.0,
10,9,2019,2010,1,6.0,0.526433,5.0,0.184,2020.0,2020.0,1.0,1.0
11,16,2016,2000,2,12.0,0.50839,2.0,0.151,2017.0,2017.0,1.0,1.0
11,17,2017,2000,2,12.0,0.250491,1.0,0.126,2017.0,2017.0,0.0,0.0
11,18,2018,2000,2,12.0,0.838923,7.0,0.344,2018.0,2018.0,0.0,0.0
11,19,2019,2000,2,12.0,0.744444,3.0,0.196,2020.0,2020.0,1.0,1.0
12,8,2009,2001,2,12.0,1.6124,5.0,0.115,2017.0,2018.0,8.0,9.0
12,11,2012,2001,2,12.0,0.80887,6.0,0.226,2017.0,2018.0,5.0,6.0
12,13,2014,2001,2,10.0,4.615277,8.0,2.532,2017.0,2018.0,3.0,4.0
12,17,2018,2001,2,14.0,0.621513,2.0,0.17,2018.0,2018.0,0.0,0.0
12,18,2019,2001,2,11.0,0.271115,2.0,0.207,2020.0,2020.0,1.0,1.0
13,7,2008,2001,2,7.0,,1.0,,2017.0,,9.0,
13,8,2009,2001,2,12.0,,2.0,,2017.0,,8.0,
13,11,2012,2001,2,15.0,,8.0,,2017.0,,5.0,
13,12,2013,2001,2,12.0,,1.0,,2017.0,,4.0,
13,17,2018,2001,2,16.0,,2.0,,2018.0,,0.0,
13,18,2019,2001,2,9.0,0.161647,2.0,0.11,2020.0,2020.0,1.0,1.0
14,4,2017,2013,1,16.0,0.339399,4.0,0.196,2018.0,2018.0,1.0,1.0
14,5,2018,2013,1,10.0,0.424754,6.0,0.21,2018.0,2018.0,0.0,0.0
14,6,2019,2013,1,10.0,0.535056,3.0,0.229,2020.0,2020.0,1.0,1.0
15,11,2012,2001,1,12.0,,8.0,,2017.0,,5.0,
15,12,2013,2001,1,8.0,,1.0,,2017.0,,4.0,
16,3,2011,2008,1,10.0,,2.0,,2017.0,,6.0,
16,5,2013,2008,1,12.0,,8.0,,2017.0,,4.0,
17,5,2017,2012,1,11.0,0.024548,1.0,0.171,2018.0,2018.0,1.0,1.0
17,6,2018,2012,1,15.0,0.467415,7.0,0.213,2018.0,2018.0,0.0,0.0
17,7,2019,2012,1,10.0,0.136403,2.0,0.117,2020.0,2020.0,1.0,1.0
18,4,2014,2010,1,,0.294656,,0.133,,2020.0,,6.0
18,9,2019,2010,1,10.0,0.380569,2.0,0.134,2020.0,2020.0,1.0,1.0
19,9,2009,2000,1,10.0,,8.0,,2017.0,,8.0,
19,16,2016,2000,1,10.0,0.052107,1.0,0.139,2017.0,2017.0,1.0,1.0
19,17,2017,2000,1,12.0,0.124848,1.0,0.35,2017.0,2017.0,0.0,0.0
19,18,2018,2000,1,11.0,1.166315,7.0,0.289,2018.0,2018.0,0.0,0.0
19,19,2019,2000,1,14.0,0.478796,3.0,0.578,2020.0,2020.0,1.0,1.0
20,4,2017,2013,1,10.0,0.0,1.0,0.13,2018.0,2018.0,1.0,1.0
20,5,2018,2013,1,10.0,0.634302,7.0,0.324,2018.0,2018.0,0.0,0.0
20,6,2019,2013,1,9.0,0.088693,1.0,0.155,2020.0,2020.0,1.0,1.0
21,4,2017,2013,1,6.0,0.079433,2.0,0.117,2018.0,2018.0,1.0,1.0
21,5,2018,2013,1,12.0,1.238573,6.0,0.29,2018.0,2018.0,0.0,0.0
21,6,2019,2013,1,11.0,0.380569,3.0,0.145,2020.0,2020.0,1.0,1.0
22,7,2019,2012,2,12.0,0.480078,3.0,0.191,2020.0,2020.0,1.0,1.0
23,6,2018,2012,2,,1.228981,,0.247,,2018.0,,0.0
24,7,2008,2001,2,9.0,,2.0,,2017.0,,9.0,
24,8,2009,2001,2,12.0,,1.0,,2017.0,,8.0,
25,14,2009,1995,1,15.0,0.053296,2.0,0.144,2017.0,2017.0,8.0,8.0
25,15,2010,1995,1,10.0,,2.0,,2017.0,,7.0,
25,18,2013,1995,1,9.0,,3.0,,2017.0,,4.0,
25,22,2017,1995,1,13.0,0.089975,1.0,0.159,2017.0,2017.0,0.0,0.0
26,9,2008,1999,1,8.0,0.005613,1.0,0.138,2017.0,2017.0,9.0,9.0
26,10,2009,1999,1,12.0,,4.0,,2017.0,,8.0,
26,12,2011,1999,1,12.0,,5.0,,2017.0,,6.0,
26,13,2012,1999,1,13.0,,3.0,,2017.0,,5.0,
26,17,2016,1999,1,10.0,,1.0,,2017.0,,1.0,
26,18,2017,1999,1,12.0,0.031288,1.0,0.134,2017.0,2017.0,0.0,0.0
26,19,2018,1999,1,19.0,4.32656,6.0,0.743,2018.0,2018.0,0.0,0.0
26,20,2019,1999,1,11.0,0.481603,4.0,0.16,2020.0,2020.0,1.0,1.0
27,23,2017,1994,2,13.0,0.485245,3.0,0.151,2017.0,2017.0,0.0,0.0
28,6,2019,2013,2,,1.146882,,0.343,,2020.0,,1.0
29,9,2009,2000,2,12.0,,7.0,,2017.0,,8.0,
29,10,2010,2000,2,13.0,,8.0,,2017.0,,7.0,
29,12,2012,2000,2,8.0,,3.0,,2017.0,,5.0,
29,14,2014,2000,2,12.0,,5.0,,2017.0,,3.0,
29,18,2018,2000,2,17.0,,7.0,,2018.0,,0.0,
30,7,2008,2001,1,9.0,,1.0,,2017.0,,9.0,
30,8,2009,2001,1,12.0,,4.0,,2017.0,,8.0,
31,7,2018,2011,1,13.0,,6.0,,2019.0,,1.0,
31,8,2019,2011,1,7.0,0.323183,3.0,0.343,2020.0,2020.0,1.0,1.0
32,6,2018,2012,2,8.0,,4.0,,2019.0,,1.0,
33,14,2013,1999,2,7.0,0.045494,1.0,0.139,2017.0,2017.0,4.0,4.0
33,15,2014,1999,2,,,7.0,,2017.0,,3.0,
33,18,2017,1999,2,12.0,1.1333,5.0,0.25,2017.0,2017.0,0.0,0.0
33,19,2018,1999,2,13.0,2.01053,6.0,0.351,2018.0,2018.0,0.0,0.0
34,13,2016,2003,2,9.0,0.089673,1.0,0.124,2018.0,2018.0,2.0,2.0
34,15,2018,2003,2,18.0,2.280452,8.0,0.743,2018.0,2018.0,0.0,0.0
34,16,2019,2003,2,9.0,0.324439,2.0,0.228,2020.0,2020.0,1.0,1.0
35,5,2019,2014,2,10.0,0.569223,7.0,0.198,2020.0,2020.0,1.0,1.0
36,3,2011,2008,2,12.0,,3.0,,2017.0,,6.0,
36,5,2013,2008,2,4.0,,1.0,,2017.0,,4.0,
37,4,2014,2010,2,8.0,0.091784,2.0,0.132,2017.0,2017.0,3.0,3.0
37,6,2016,2010,2,12.0,0.600969,2.0,0.114,2017.0,2017.0,1.0,1.0
37,7,2017,2010,2,12.0,0.111622,1.0,0.122,2017.0,2017.0,0.0,0.0
37,8,2018,2010,2,12.0,0.503217,4.0,0.16,2018.0,2018.0,0.0,0.0
37,9,2019,2010,2,11.0,0.315198,2.0,0.173,2020.0,2020.0,1.0,1.0
38,12,2013,2001,1,13.0,0.70523,6.0,0.27,2018.0,2018.0,5.0,5.0
38,17,2018,2001,1,12.0,0.727021,6.0,0.267,2018.0,2018.0,0.0,0.0
38,18,2019,2001,1,11.0,0.969934,5.0,0.348,2020.0,2020.0,1.0,1.0
39,3,2017,2014,2,9.0,0.038387,1.0,0.126,2018.0,2018.0,1.0,1.0
39,4,2018,2014,2,8.0,1.508845,7.0,0.351,2018.0,2018.0,0.0,0.0
39,5,2019,2014,2,10.0,0.381505,2.0,0.124,2020.0,2020.0,1.0,1.0
40,9,2008,1999,2,,,1.0,,2017.0,,9.0,
40,10,2009,1999,2,12.0,,2.0,,2017.0,,8.0,
40,14,2013,1999,2,12.0,,1.0,,2017.0,,4.0,
41,6,2009,2003,1,12.0,0.815885,5.0,0.321,2017.0,2017.0,8.0,8.0
41,13,2016,2003,1,,0.38936,4.0,0.226,2017.0,2017.0,1.0,1.0
41,14,2017,2003,1,13.0,0.303393,1.0,0.173,2017.0,2017.0,0.0,0.0
41,15,2018,2003,1,12.0,0.683246,7.0,0.207,2018.0,2018.0,0.0,0.0
41,16,2019,2003,1,6.0,0.0,2.0,0.38,2020.0,2020.0,1.0,1.0
42,6,2014,2008,1,,0.746058,,0.223,,2018.0,,4.0
42,8,2016,2008,1,12.0,0.010848,1.0,0.104,2017.0,2018.0,1.0,2.0
42,9,2017,2008,1,14.0,0.741029,5.0,0.222,2017.0,2018.0,0.0,1.0
42,10,2018,2008,1,16.0,0.77653,7.0,0.431,2018.0,2018.0,0.0,0.0
43,9,2012,2003,2,9.0,,2.0,,2017.0,,5.0,
44,13,2009,1996,1,12.0,,2.0,,2017.0,,8.0,
44,15,2011,1996,1,14.0,,7.0,,2017.0,,6.0,
45,8,2017,2009,1,15.0,0.339764,5.0,0.234,2017.0,2017.0,0.0,0.0
45,9,2018,2009,1,13.0,0.400592,3.0,0.274,2018.0,2018.0,0.0,0.0
45,10,2019,2009,1,11.0,0.702566,4.0,0.296,2020.0,2020.0,1.0,1.0
46,7,2008,2001,1,10.0,0.009281,2.0,0.116,2017.0,2017.0,9.0,9.0
46,9,2010,2001,1,12.0,,3.0,,2017.0,,7.0,
46,11,2012,2001,1,9.0,0.299045,2.0,0.171,2017.0,2017.0,5.0,5.0
46,17,2018,2001,1,14.0,0.207923,3.0,0.113,2018.0,2018.0,0.0,0.0
47,3,2017,2014,1,6.0,1.8957,3.0,0.14,2020.0,2020.0,3.0,3.0
47,5,2019,2014,1,14.0,0.507137,3.0,0.153,2020.0,2020.0,1.0,1.0
48,12,2009,1997,2,10.0,,2.0,,2017.0,,8.0,
48,15,2012,1997,2,9.0,,1.0,,2017.0,,5.0,
49,12,2008,1996,1,9.0,0.0,1.0,0.27,2017.0,2017.0,9.0,9.0
49,13,2009,1996,1,9.0,,3.0,,2017.0,,8.0,
49,16,2012,1996,1,13.0,,4.0,,2017.0,,5.0,
49,17,2013,1996,1,13.0,,1.0,,2017.0,,4.0,
49,18,2014,1996,1,12.0,0.053296,1.0,0.214,2017.0,2017.0,3.0,3.0
50,9,2016,2007,1,10.0,,1.0,,2017.0,,1.0,
50,10,2017,2007,1,12.0,,5.0,,2017.0,,0.0,
50,12,2019,2007,1,8.0,1.885003,7.0,0.362,2020.0,2020.0,1.0,1.0
51,4,2014,2010,1,12.0,,1.0,,2017.0,,3.0,
51,6,2016,2010,1,,,1.0,,2017.0,,1.0,
52,4,2017,2013,2,15.0,0.204463,1.0,0.211,2018.0,2018.0,1.0,1.0
52,5,2018,2013,2,8.0,0.176783,2.0,0.111,2018.0,2018.0,0.0,0.0
52,6,2019,2013,2,13.0,0.953832,6.0,0.361,2020.0,2020.0,1.0,1.0
53,5,2011,2006,2,14.0,,8.0,,2017.0,,6.0,
53,10,2016,2006,2,7.0,,2.0,,2017.0,,1.0,
54,13,2012,1999,2,,1.073441,,0.249,,2018.0,,6.0
54,14,2013,1999,2,10.0,,5.0,,2017.0,,4.0,
54,19,2018,1999,2,17.0,1.304711,6.0,0.555,2018.0,2018.0,0.0,0.0
55,5,2016,2011,2,9.0,0.0,1.0,0.117,2018.0,2018.0,2.0,2.0
55,6,2017,2011,2,13.0,0.28753,4.0,0.17,2018.0,2018.0,1.0,1.0
55,7,2018,2011,2,15.0,5.211991,8.0,0.76,2018.0,2018.0,0.0,0.0
55,8,2019,2011,2,10.0,0.063434,1.0,0.293,2020.0,2020.0,1.0,1.0
56,3,2011,2008,1,10.0,,1.0,,2017.0,,6.0,
56,4,2012,2008,1,,,1.0,,2017.0,,5.0,
57,9,2009,2000,2,9.0,,2.0,,2017.0,,8.0,
57,13,2013,2000,2,16.0,,2.0,,2017.0,,4.0,
57,14,2014,2000,2,12.0,,4.0,,2017.0,,3.0,
58,5,2013,2008,1,9.0,,1.0,,2017.0,,4.0,
58,8,2016,2008,1,9.0,,5.0,,2017.0,,1.0,
59,4,2017,2013,1,13.0,0.010708,1.0,0.155,2018.0,2018.0,1.0,1.0
59,5,2018,2013,1,14.0,2.103948,5.0,0.321,2018.0,2018.0,0.0,0.0
60,3,2009,2006,2,16.0,,8.0,,2017.0,,8.0,
60,4,2010,2006,2,12.0,,8.0,,2017.0,,7.0,
60,5,2011,2006,2,12.0,,5.0,,2017.0,,6.0,
61,3,2014,2011,1,13.0,1.129211,6.0,0.283,2018.0,2018.0,4.0,4.0
61,7,2018,2011,1,16.0,2.379973,8.0,0.433,2018.0,2018.0,0.0,0.0
61,8,2019,2011,1,11.0,0.206566,1.0,0.23,2020.0,2020.0,1.0,1.0
62,9,2017,2008,2,11.0,0.29426,2.0,0.107,2019.0,2020.0,2.0,3.0
63,9,2017,2008,2,9.0,,2.0,,2019.0,,2.0,
63,11,2019,2008,2,12.0,0.084274,1.0,0.158,2020.0,2020.0,1.0,1.0
64,21,2017,1996,2,12.0,,1.0,,2017.0,,0.0,
65,7,2008,2001,1,,0.052412,,0.227,,2018.0,,10.0
65,13,2014,2001,1,,1.163806,,0.341,,2018.0,,4.0
65,16,2017,2001,1,12.0,0.395708,4.0,0.311,2017.0,2018.0,0.0,1.0
65,17,2018,2001,1,11.0,1.225133,4.0,0.272,2018.0,2018.0,0.0,0.0
65,18,2019,2001,1,13.0,0.540539,5.0,0.208,2020.0,2020.0,1.0,1.0
66,18,2018,2000,2,12.0,,5.0,,2018.0,,0.0,
67,3,2009,2006,2,13.0,4.899547,8.0,2.385,2017.0,2018.0,8.0,9.0
67,7,2013,2006,2,12.0,0.089115,1.0,0.13,2017.0,2018.0,4.0,5.0
67,8,2014,2006,2,,0.053615,,0.109,,2018.0,,4.0
67,11,2017,2006,2,9.0,0.04282,1.0,0.148,2017.0,2018.0,0.0,1.0
67,12,2018,2006,2,17.0,4.484697,8.0,2.848,2018.0,2018.0,0.0,0.0
67,13,2019,2006,2,11.0,0.997999,5.0,0.234,2020.0,2020.0,1.0,1.0
68,7,2008,2001,2,8.0,,2.0,,2017.0,,9.0,
68,8,2009,2001,2,12.0,,4.0,,2017.0,,8.0,
68,11,2012,2001,2,12.0,,2.0,,2017.0,,5.0,
69,9,2019,2010,2,14.0,,4.0,,2020.0,,1.0,
70,3,2011,2008,1,13.0,,7.0,,2017.0,,6.0,
70,5,2013,2008,1,12.0,0.531535,3.0,0.183,2017.0,2017.0,4.0,4.0
70,6,2014,2008,1,,,5.0,,2017.0,,3.0,
70,8,2016,2008,1,14.0,0.200895,2.0,0.229,2017.0,2017.0,1.0,1.0
70,9,2017,2008,1,14.0,0.432343,2.0,0.204,2017.0,2017.0,0.0,0.0
71,6,2016,2010,2,10.0,0.0,1.0,0.121,2017.0,2017.0,1.0,1.0
71,7,2017,2010,2,12.0,0.455488,2.0,0.245,2017.0,2017.0,0.0,0.0
71,8,2018,2010,2,14.0,0.484034,3.0,0.175,2018.0,2018.0,0.0,0.0
71,9,2019,2010,2,8.0,0.28379,2.0,0.149,2020.0,2020.0,1.0,1.0
72,5,2019,2014,1,13.0,0.480078,5.0,0.232,2020.0,2020.0,1.0,1.0
73,7,2018,2011,2,,0.658121,,0.198,,2018.0,,0.0
74,9,2008,1999,2,10.0,,2.0,,2017.0,,9.0,
74,10,2009,1999,2,12.0,,2.0,,2017.0,,8.0,
75,7,2018,2011,2,11.0,,5.0,,2019.0,,1.0,
76,15,2008,1993,1,19.0,,1.0,,2017.0,,9.0,
76,16,2009,1993,1,14.0,,7.0,,2017.0,,8.0,
77,5,2009,2004,1,12.0,,1.0,,2017.0,,8.0,
77,6,2010,2004,1,12.0,,7.0,,2017.0,,7.0,
77,8,2012,2004,1,12.0,0.134767,1.0,0.135,2017.0,2017.0,5.0,5.0
77,9,2013,2004,1,12.0,,1.0,,2017.0,,4.0,
77,12,2016,2004,1,12.0,0.0,1.0,0.132,2017.0,2017.0,1.0,1.0
77,13,2017,2004,1,13.0,0.197588,1.0,0.126,2017.0,2017.0,0.0,0.0
77,14,2018,2004,1,12.0,0.775346,5.0,0.211,2018.0,2018.0,0.0,0.0
77,15,2019,2004,1,11.0,0.28379,3.0,0.142,2020.0,2020.0,1.0,1.0
78,3,2014,2011,2,12.0,0.0,1.0,0.144,2018.0,2018.0,4.0,4.0
78,6,2017,2011,2,12.0,0.067688,1.0,0.199,2018.0,2018.0,1.0,1.0
78,7,2018,2011,2,12.0,0.536613,3.0,0.17,2018.0,2018.0,0.0,0.0
78,8,2019,2011,2,13.0,0.214985,2.0,0.127,2020.0,2020.0,1.0,1.0
79,16,2008,1992,1,10.0,0.0,2.0,0.13,2017.0,2017.0,9.0,9.0
79,17,2009,1992,1,12.0,,1.0,,2017.0,,8.0,
79,20,2012,1992,1,12.0,,2.0,,2017.0,,5.0,
79,21,2013,1992,1,12.0,0.100978,2.0,0.161,2017.0,2017.0,4.0,4.0
80,3,2017,2014,2,9.0,0.070011,2.0,0.103,2019.0,2020.0,2.0,3.0
81,3,2017,2014,2,16.0,0.12275,1.0,0.155,2018.0,2018.0,1.0,1.0
81,4,2018,2014,2,9.0,0.162944,2.0,0.187,2018.0,2018.0,0.0,0.0
82,8,2018,2010,2,8.0,,2.0,,2019.0,,1.0,
82,9,2019,2010,2,10.0,0.212643,2.0,0.111,2020.0,2020.0,1.0,1.0
83,3,2011,2008,1,12.0,,5.0,,2017.0,,6.0,
83,5,2013,2008,1,9.0,,3.0,,2017.0,,4.0,
84,13,2009,1996,2,9.0,0.04596,1.0,0.176,2017.0,2017.0,8.0,8.0
84,15,2011,1996,2,12.0,,5.0,,2017.0,,6.0,
84,16,2012,1996,2,15.0,,1.0,,2017.0,,5.0,
84,17,2013,1996,2,15.0,,6.0,,2017.0,,4.0,
84,18,2014,1996,2,12.0,,6.0,,2017.0,,3.0,
84,21,2017,1996,2,8.0,0.25503,3.0,0.138,2017.0,2017.0,0.0,0.0
85,9,2017,2008,1,12.0,0.001257,1.0,0.114,2018.0,2018.0,1.0,1.0
85,10,2018,2008,1,15.0,0.868541,7.0,0.382,2018.0,2018.0,0.0,0.0
85,11,2019,2008,1,14.0,1.316771,6.0,0.26,2020.0,2020.0,1.0,1.0
86,13,2008,1995,1,12.0,,4.0,,2017.0,,9.0,
86,16,2011,1995,1,14.0,,6.0,,2017.0,,6.0,
86,18,2013,1995,1,12.0,,5.0,,2017.0,,4.0,
87,6,2016,2010,2,10.0,0.0,1.0,0.128,2018.0,2018.0,2.0,2.0
87,8,2018,2010,2,15.0,1.263192,6.0,0.273,2018.0,2018.0,0.0,0.0
87,9,2019,2010,2,8.0,0.021337,1.0,0.136,2020.0,2020.0,1.0,1.0
88,8,2018,2010,2,11.0,1.349053,7.0,0.284,2020.0,2018.0,2.0,0.0
88,9,2019,2010,2,10.0,0.137219,2.0,0.131,2020.0,2020.0,1.0,1.0
89,6,2016,2010,1,9.0,0.019043,1.0,0.104,2017.0,2017.0,1.0,1.0
89,7,2017,2010,1,12.0,0.121541,1.0,0.164,2017.0,2017.0,0.0,0.0
89,8,2018,2010,1,12.0,0.353483,2.0,0.211,2018.0,2018.0,0.0,0.0
89,9,2019,2010,1,9.0,0.161647,1.0,0.187,2020.0,2020.0,1.0,1.0
90,6,2016,2010,2,7.0,,2.0,,2017.0,,1.0,
90,7,2017,2010,2,12.0,0.475326,1.0,0.163,2017.0,2017.0,0.0,0.0
90,8,2018,2010,2,10.0,0.26023,6.0,0.318,2018.0,2018.0,0.0,0.0
90,9,2019,2010,2,14.0,0.184114,2.0,0.206,2020.0,2020.0,1.0,1.0
91,14,2009,1995,1,,,6.0,,2017.0,,8.0,
92,10,2011,2001,2,14.0,,7.0,,2017.0,,6.0,
93,4,2014,2010,2,12.0,0.0,1.0,0.132,2017.0,2018.0,3.0,4.0
93,7,2017,2010,2,14.0,0.121079,1.0,0.31,2017.0,2018.0,0.0,1.0
93,8,2018,2010,2,15.0,0.64733,6.0,0.212,2018.0,2018.0,0.0,0.0
93,9,2019,2010,2,10.0,0.81424,4.0,0.292,2020.0,2020.0,1.0,1.0
94,18,2017,1999,2,6.0,0.380235,2.0,0.242,2020.0,2020.0,3.0,3.0
95,7,2008,2001,2,10.0,0.0,1.0,0.126,2017.0,2017.0,9.0,9.0
95,11,2012,2001,2,12.0,0.038881,1.0,0.141,2017.0,2017.0,5.0,5.0
95,12,2013,2001,2,12.0,,1.0,,2017.0,,4.0,
95,16,2017,2001,2,14.0,0.197588,1.0,0.242,2017.0,2017.0,0.0,0.0
96,15,2010,1995,2,12.0,,8.0,,2017.0,,7.0,
96,16,2011,1995,2,12.0,,7.0,,2017.0,,6.0,
97,3,2017,2014,2,10.0,0.106764,2.0,0.123,2018.0,2018.0,1.0,1.0
97,4,2018,2014,2,10.0,1.735038,5.0,0.312,2018.0,2018.0,0.0,0.0
97,5,2019,2014,2,9.0,0.080273,1.0,0.114,2020.0,2020.0,1.0,1.0
98,10,2009,1999,1,12.0,,1.0,,2017.0,,8.0,
98,11,2010,1999,1,13.0,,4.0,,2017.0,,7.0,
99,11,2016,2005,1,8.0,,2.0,,2017.0,,1.0,
99,12,2017,2005,1,12.0,0.534841,3.0,0.203,2017.0,2017.0,0.0,0.0
99,13,2018,2005,1,10.0,0.370538,5.0,0.244,2018.0,2018.0,0.0,0.0
99,14,2019,2005,1,13.0,0.240244,2.0,0.13,2020.0,2020.0,1.0,1.0
100,3,2014,2011,1,8.0,1.521291,4.0,0.228,2020.0,2020.0,6.0,6.0
100,8,2019,2011,1,9.0,0.440831,6.0,0.266,2020.0,2020.0,1.0,1.0
101,4,2017,2013,1,11.0,0.083366,1.0,0.266,2018.0,2018.0,1.0,1.0
101,5,2018,2013,1,11.0,1.374178,5.0,0.303,2018.0,2018.0,0.0,0.0
102,17,2018,2001,1,10.0,0.29918,2.0,0.123,2020.0,2020.0,2.0,2.0
102,18,2019,2001,1,7.0,0.161662,2.0,0.255,2020.0,2020.0,1.0,1.0
103,5,2008,2003,2,12.0,,6.0,,2017.0,,9.0,
103,8,2011,2003,2,13.0,,6.0,,2017.0,,6.0,
103,11,2014,2003,2,10.0,,3.0,,2017.0,,3.0,
103,13,2016,2003,2,10.0,,4.0,,2017.0,,1.0,
104,15,2011,1996,2,12.0,,5.0,,2017.0,,6.0,
105,8,2017,2009,2,8.0,,1.0,,2019.0,,2.0,
106,4,2016,2012,2,6.0,0.337446,2.0,0.122,2020.0,2020.0,4.0,4.0
106,5,2017,2012,2,8.0,0.360566,2.0,0.117,2020.0,2020.0,3.0,3.0
107,11,2008,1997,2,10.0,,1.0,,2017.0,,9.0,
107,16,2013,1997,2,7.0,,3.0,,2017.0,,4.0,
108,12,2013,2001,2,13.0,,6.0,,2017.0,,4.0,
108,16,2017,2001,2,14.0,0.17775,2.0,0.125,2017.0,2017.0,0.0,0.0
108,17,2018,2001,2,14.0,1.738265,4.0,0.363,2018.0,2018.0,0.0,0.0
108,18,2019,2001,2,5.0,0.224464,2.0,0.166,2020.0,2020.0,1.0,1.0
109,3,2010,2007,1,12.0,,1.0,,2017.0,,7.0,
109,4,2011,2007,1,12.0,,8.0,,2017.0,,6.0,
110,8,2009,2001,1,12.0,,2.0,,2017.0,,8.0,
111,6,2018,2012,1,10.0,,3.0,,2019.0,,1.0,
112,5,2014,2009,1,,,4.0,,2017.0,,3.0,
112,7,2016,2009,1,,0.008017,1.0,0.17,2017.0,2018.0,1.0,2.0
112,8,2017,2009,1,12.0,0.100666,2.0,0.182,2017.0,2018.0,0.0,1.0
112,9,2018,2009,1,12.0,0.658121,6.0,0.302,2018.0,2018.0,0.0,0.0
112,10,2019,2009,1,13.0,0.680864,4.0,0.275,2020.0,2020.0,1.0,1.0
113,7,2019,2012,1,8.0,0.476512,4.0,0.154,2020.0,2020.0,1.0,1.0
114,5,2017,2012,2,18.0,0.093975,1.0,0.179,2018.0,2018.0,1.0,1.0
114,6,2018,2012,2,12.0,0.773302,3.0,0.253,2018.0,2018.0,0.0,0.0
114,7,2019,2012,2,11.0,0.374525,2.0,0.162,2020.0,2020.0,1.0,1.0
115,7,2008,2001,1,8.0,,1.0,,2017.0,,9.0,
115,8,2009,2001,1,,,4.0,,2017.0,,8.0,
116,11,2008,1997,1,10.0,0.177103,3.0,0.129,2017.0,2018.0,9.0,10.0
116,16,2013,1997,1,,,8.0,,2017.0,,4.0,
116,21,2018,1997,1,12.0,0.947577,7.0,0.334,2018.0,2018.0,0.0,0.0
116,22,2019,1997,1,11.0,0.28379,2.0,0.169,2020.0,2020.0,1.0,1.0
117,11,2012,2001,2,12.0,4.279233,8.0,2.414,2017.0,2018.0,5.0,6.0
117,16,2017,2001,2,13.0,0.135265,3.0,0.165,2017.0,2018.0,0.0,1.0
117,17,2018,2001,2,13.0,3.991362,6.0,0.58,2018.0,2018.0,0.0,0.0
118,8,2008,2000,1,9.0,,1.0,,2017.0,,9.0,
118,9,2009,2000,1,12.0,,2.0,,2017.0,,8.0,
119,6,2016,2010,1,10.0,0.009124,1.0,0.109,2017.0,2017.0,1.0,1.0
119,7,2017,2010,1,15.0,0.34307,1.0,0.139,2017.0,2017.0,0.0,0.0
119,8,2018,2010,1,13.0,0.523075,6.0,0.239,2018.0,2018.0,0.0,0.0
119,9,2019,2010,1,10.0,0.383375,4.0,0.167,2020.0,2020.0,1.0,1.0
120,4,2017,2013,1,14.0,,6.0,,2019.0,,2.0,
121,5,2017,2012,1,15.0,0.065201,1.0,0.171,2018.0,2018.0,1.0,1.0
121,6,2018,2012,1,9.0,0.714652,6.0,0.251,2018.0,2018.0,0.0,0.0
121,7,2019,2012,1,13.0,0.437341,3.0,0.283,2020.0,2020.0,1.0,1.0
122,7,2013,2006,1,10.0,,5.0,,2017.0,,4.0,
123,11,2008,1997,2,12.0,,1.0,,2017.0,,9.0,
123,13,2010,1997,2,,,8.0,,2017.0,,7.0,
124,4,2012,2008,1,,,4.0,,2017.0,,5.0,
125,6,2014,2008,2,,0.646729,,0.184,,2020.0,,6.0
125,11,2019,2008,2,9.0,0.262851,2.0,0.308,2020.0,2020.0,1.0,1.0
126,5,2011,2006,1,,,7.0,,2017.0,,6.0,
126,7,2013,2006,1,10.0,,1.0,,2017.0,,4.0,
126,11,2017,2006,1,12.0,,2.0,,2017.0,,0.0,
126,12,2018,2006,1,11.0,,3.0,,2018.0,,0.0,
127,7,2008,2001,1,,,6.0,,2017.0,,9.0,
127,8,2009,2001,1,13.0,,6.0,,2017.0,,8.0,
128,5,2008,2003,1,14.0,,7.0,,2017.0,,9.0,
128,6,2009,2003,1,15.0,,6.0,,2017.0,,8.0,
128,10,2013,2003,1,9.0,,6.0,,2017.0,,4.0,
128,15,2018,2003,1,14.0,,3.0,,2018.0,,0.0,
129,11,2008,1997,1,,,1.0,,2017.0,,9.0,
129,12,2009,1997,1,13.0,,7.0,,2017.0,,8.0,
129,14,2011,1997,1,10.0,,5.0,,2017.0,,6.0,
129,16,2013,1997,1,12.0,,3.0,,2017.0,,4.0,
130,23,2009,1986,1,12.0,,1.0,,2017.0,,8.0,
130,24,2010,1986,1,13.0,,1.0,,2017.0,,7.0,
131,3,2013,2010,1,8.0,0.834164,5.0,0.246,2017.0,2018.0,4.0,5.0
131,7,2017,2010,1,12.0,0.07397,2.0,0.136,2017.0,2018.0,0.0,1.0
131,9,2019,2010,1,12.0,0.470377,2.0,0.193,2020.0,2020.0,1.0,1.0
132,6,2018,2012,1,12.0,,5.0,,2019.0,,1.0,
133,10,2008,1998,1,12.0,,3.0,,2017.0,,9.0,
133,11,2009,1998,1,12.0,,1.0,,2017.0,,8.0,
134,6,2010,2004,1,16.0,,8.0,,2017.0,,7.0,
134,7,2011,2004,1,12.0,,4.0,,2017.0,,6.0,
134,9,2013,2004,1,12.0,,1.0,,2017.0,,4.0,
135,13,2010,1997,1,12.0,,1.0,,2017.0,,7.0,
135,14,2011,1997,1,12.0,,4.0,,2017.0,,6.0,
136,3,2011,2008,2,8.0,,2.0,,2018.0,,7.0,
136,5,2013,2008,2,12.0,,6.0,,2017.0,,4.0,
136,10,2018,2008,2,9.0,,1.0,,2018.0,,0.0,
137,7,2008,2001,2,12.0,0.075303,2.0,0.206,2017.0,2017.0,9.0,9.0
137,8,2009,2001,2,7.0,,1.0,,2017.0,,8.0,
137,11,2012,2001,2,12.0,,2.0,,2017.0,,5.0,
137,12,2013,2001,2,,,1.0,,2017.0,,4.0,
137,13,2014,2001,2,12.0,,5.0,,2017.0,,3.0,
137,16,2017,2001,2,12.0,0.111982,1.0,0.14,2017.0,2017.0,0.0,0.0
138,4,2017,2013,2,11.0,0.149344,1.0,0.154,2018.0,2018.0,1.0,1.0
138,5,2018,2013,2,9.0,0.467415,3.0,0.17,2018.0,2018.0,0.0,0.0
138,6,2019,2013,2,12.0,0.172888,1.0,0.116,2020.0,2020.0,1.0,1.0
139,9,2008,1999,2,9.0,,2.0,,2017.0,,9.0,
139,10,2009,1999,2,14.0,,5.0,,2017.0,,8.0,
139,13,2012,1999,2,12.0,,4.0,,2017.0,,5.0,
140,7,2017,2010,1,14.0,,2.0,,2018.0,,1.0,
140,8,2018,2010,1,10.0,,4.0,,2018.0,,0.0,
141,12,2013,2001,1,12.0,,1.0,,2017.0,,4.0,
141,13,2014,2001,1,13.0,,1.0,,2017.0,,3.0,
142,7,2008,2001,2,9.0,,1.0,,2017.0,,9.0,
142,8,2009,2001,2,16.0,,8.0,,2017.0,,8.0,
142,11,2012,2001,2,13.0,,8.0,,2017.0,,5.0,
142,12,2013,2001,2,12.0,,1.0,,2017.0,,4.0,
143,7,2013,2006,1,6.0,,1.0,,2017.0,,4.0,
143,11,2017,2006,1,12.0,,4.0,,2017.0,,0.0,
144,12,2013,2001,1,10.0,,1.0,,2017.0,,4.0,
144,13,2014,2001,1,,,2.0,,2017.0,,3.0,
144,18,2019,2001,1,11.0,0.280393,2.0,0.121,2020.0,2020.0,1.0,1.0
145,5,2017,2012,1,14.0,,1.0,,2019.0,,2.0,
146,7,2017,2010,2,10.0,0.108516,1.0,0.157,2018.0,2018.0,1.0,1.0
146,8,2018,2010,2,11.0,0.889523,4.0,0.205,2018.0,2018.0,0.0,0.0
146,9,2019,2010,2,13.0,1.918531,7.0,0.483,2020.0,2020.0,1.0,1.0
147,6,2009,2003,1,12.0,0.602351,6.0,0.233,2017.0,2018.0,8.0,9.0
147,7,2010,2003,1,13.0,,5.0,,2017.0,,7.0,
147,9,2012,2003,1,10.0,0.0,1.0,0.137,2017.0,2018.0,5.0,6.0
147,10,2013,2003,1,12.0,0.02372,2.0,0.131,2017.0,2018.0,4.0,5.0
147,11,2014,2003,1,12.0,0.0,2.0,0.139,2017.0,2018.0,3.0,4.0
147,14,2017,2003,1,12.0,0.023637,1.0,0.124,2017.0,2018.0,0.0,1.0
147,15,2018,2003,1,,0.154722,,0.106,,2018.0,,0.0
148,7,2017,2010,2,8.0,,1.0,,2019.0,,2.0,
149,8,2009,2001,1,12.0,,6.0,,2017.0,,8.0,
150,7,2017,2010,2,13.0,,4.0,,2018.0,,1.0,
150,8,2018,2010,2,14.0,,7.0,,2018.0,,0.0,
150,9,2019,2010,2,11.0,0.234933,1.0,0.166,2020.0,2020.0,1.0,1.0
151,3,2011,2008,1,10.0,0.010848,2.0,0.106,2017.0,2018.0,6.0,7.0
151,5,2013,2008,1,,0.0,,0.204,,2018.0,,5.0
151,8,2016,2008,1,10.0,0.0,1.0,0.098,2017.0,2018.0,1.0,2.0
151,9,2017,2008,1,13.0,0.295399,4.0,0.143,2017.0,2018.0,0.0,1.0
151,10,2018,2008,1,12.0,0.886881,4.0,0.253,2018.0,2018.0,0.0,0.0
151,11,2019,2008,1,9.0,0.430362,3.0,0.225,2020.0,2020.0,1.0,1.0
152,12,2011,1999,2,12.0,,6.0,,2017.0,,6.0,
152,15,2014,1999,2,12.0,,2.0,,2017.0,,3.0,
152,17,2016,1999,2,10.0,,2.0,,2017.0,,1.0,
153,10,2016,2006,2,6.0,,1.0,,2018.0,,2.0,
153,12,2018,2006,2,16.0,,4.0,,2018.0,,0.0,
153,13,2019,2006,2,10.0,0.0,1.0,0.33,2020.0,2020.0,1.0,1.0
154,11,2009,1998,1,12.0,,3.0,,2017.0,,8.0,
154,12,2010,1998,1,14.0,,1.0,,2017.0,,7.0,
154,13,2011,1998,1,12.0,,5.0,,2017.0,,6.0,
154,14,2012,1998,1,10.0,,1.0,,2017.0,,5.0,
155,5,2018,2013,1,9.0,0.65988,5.0,0.222,2018.0,2018.0,0.0,0.0
155,6,2019,2013,1,11.0,0.646729,4.0,0.156,2020.0,2020.0,1.0,1.0
156,9,2008,1999,1,16.0,,1.0,,2017.0,,9.0,
156,10,2009,1999,1,12.0,,1.0,,2017.0,,8.0,
156,13,2012,1999,1,7.0,,8.0,,2017.0,,5.0,
157,6,2016,2010,1,5.0,0.0,1.0,0.139,2020.0,2018.0,4.0,2.0
157,7,2017,2010,1,2.0,0.302117,1.0,0.233,2020.0,2018.0,3.0,1.0
157,9,2019,2010,1,11.0,0.493178,3.0,0.258,2020.0,2020.0,1.0,1.0
158,6,2009,2003,2,12.0,,3.0,,2017.0,,8.0,
159,11,2010,1999,1,12.0,,2.0,,2017.0,,7.0,
160,14,2008,1994,2,12.0,,7.0,,2017.0,,9.0,
160,15,2009,1994,2,12.0,,2.0,,2017.0,,8.0,
160,18,2012,1994,2,12.0,,3.0,,2017.0,,5.0,
160,19,2013,1994,2,12.0,,1.0,,2017.0,,4.0,
160,20,2014,1994,2,,,6.0,,2017.0,,3.0,
161,10,2017,2007,2,11.0,1.36083,5.0,0.242,2020.0,2020.0,3.0,3.0
162,11,2012,2001,2,12.0,0.105376,2.0,0.145,2017.0,2018.0,5.0,6.0
162,12,2013,2001,2,12.0,0.0,1.0,0.238,2017.0,2018.0,4.0,5.0
162,15,2016,2001,2,12.0,0.055687,2.0,0.132,2017.0,2018.0,1.0,2.0
162,17,2018,2001,2,12.0,0.944881,6.0,0.207,2018.0,2018.0,0.0,0.0
163,8,2009,2001,1,,0.0,,0.388,,2018.0,,9.0
163,9,2010,2001,1,,0.208525,3.0,0.209,2017.0,2018.0,7.0,8.0
163,12,2013,2001,1,,0.183703,2.0,0.156,2017.0,2018.0,4.0,5.0
163,16,2017,2001,1,,0.810148,,0.289,,2018.0,,1.0
163,18,2019,2001,1,11.0,0.254276,4.0,0.2,2020.0,2020.0,1.0,1.0
164,9,2009,2000,2,12.0,0.064299,2.0,0.137,2017.0,2017.0,8.0,8.0
164,13,2013,2000,2,10.0,,3.0,,2017.0,,4.0,
164,17,2017,2000,2,12.0,0.497112,1.0,0.126,2017.0,2017.0,0.0,0.0
165,14,2013,1999,2,10.0,,1.0,,2017.0,,4.0,
166,17,2016,1999,1,9.0,0.0,2.0,0.118,2018.0,2018.0,2.0,2.0
166,19,2018,1999,1,13.0,0.605483,2.0,0.386,2018.0,2018.0,0.0,0.0
166,20,2019,1999,1,13.0,0.265502,1.0,0.308,2020.0,2020.0,1.0,1.0
167,6,2018,2012,1,,1.034993,,0.315,,2018.0,,0.0
167,7,2019,2012,1,10.0,0.081382,1.0,0.132,2020.0,2020.0,1.0,1.0
168,7,2018,2011,1,10.0,,2.0,,2019.0,,1.0,
168,8,2019,2011,1,11.0,0.187682,2.0,0.24,2020.0,2020.0,1.0,1.0
169,3,2017,2014,1,,0.169797,,0.135,,2018.0,,1.0
170,5,2017,2012,2,5.0,0.036014,1.0,0.131,2020.0,2020.0,3.0,3.0
171,7,2017,2010,2,13.0,,5.0,,2019.0,,2.0,
172,9,2008,1999,1,14.0,,3.0,,2017.0,,9.0,
172,13,2012,1999,1,12.0,,2.0,,2017.0,,5.0,
172,19,2018,1999,1,22.0,,6.0,,2018.0,,0.0,
173,13,2009,1996,2,9.0,,2.0,,2017.0,,8.0,
173,15,2011,1996,2,10.0,,2.0,,2017.0,,6.0,
174,4,2014,2010,2,17.0,0.080251,1.0,0.127,2017.0,2018.0,3.0,4.0
174,7,2017,2010,2,14.0,0.356624,5.0,0.166,2017.0,2018.0,0.0,1.0
174,8,2018,2010,2,12.0,0.928213,4.0,0.218,2018.0,2018.0,0.0,0.0
174,9,2019,2010,2,10.0,0.111145,2.0,0.109,2020.0,2020.0,1.0,1.0
175,6,2016,2010,2,10.0,0.237265,3.0,0.156,2017.0,2017.0,1.0,1.0
175,7,2017,2010,2,12.0,,5.0,,2017.0,,0.0,
175,8,2018,2010,2,11.0,0.976403,4.0,0.238,2018.0,2018.0,0.0,0.0
175,9,2019,2010,2,12.0,0.495635,3.0,0.253,2020.0,2020.0,1.0,1.0
176,15,2012,1997,2,12.0,,2.0,,2017.0,,5.0,
177,5,2019,2014,1,11.0,0.669638,4.0,0.189,2020.0,2020.0,1.0,1.0
178,6,2016,2010,1,12.0,,8.0,,2017.0,,1.0,
178,7,2017,2010,1,14.0,0.267023,2.0,0.144,2017.0,2017.0,0.0,0.0
178,8,2018,2010,1,11.0,0.618316,3.0,0.137,2018.0,2018.0,0.0,0.0
178,9,2019,2010,1,13.0,1.239358,8.0,0.335,2020.0,2020.0,1.0,1.0
179,8,2018,2010,2,10.0,,3.0,,2019.0,,1.0,
179,9,2019,2010,2,11.0,0.487209,7.0,0.253,2020.0,2020.0,1.0,1.0
180,8,2018,2010,1,13.0,,5.0,,2019.0,,1.0,
180,9,2019,2010,1,11.0,0.070011,2.0,0.232,2020.0,2020.0,1.0,1.0
181,7,2018,2011,2,11.0,,6.0,,2019.0,,1.0,
181,8,2019,2011,2,10.0,0.273261,3.0,0.136,2020.0,2020.0,1.0,1.0
182,6,2016,2010,2,12.0,0.825804,6.0,0.397,2017.0,2017.0,1.0,1.0
182,7,2017,2010,2,15.0,0.392666,3.0,0.184,2017.0,2017.0,0.0,0.0
182,8,2018,2010,2,15.0,1.340883,7.0,0.312,2018.0,2018.0,0.0,0.0
182,9,2019,2010,2,8.0,0.063434,2.0,0.104,2020.0,2020.0,1.0,1.0
183,4,2017,2013,1,12.0,,2.0,,2019.0,,2.0,
184,6,2016,2010,1,12.0,0.048767,3.0,0.191,2017.0,2018.0,1.0,2.0
184,7,2017,2010,1,,,5.0,,2017.0,,0.0,
184,9,2019,2010,1,7.0,0.193055,2.0,0.184,2020.0,2020.0,1.0,1.0
185,4,2011,2007,1,13.0,,8.0,,2017.0,,6.0,
185,5,2012,2007,1,12.0,,8.0,,2017.0,,5.0,
186,10,2009,1999,2,8.0,0.0,3.0,0.129,2017.0,2018.0,8.0,9.0
186,13,2012,1999,2,12.0,0.0,1.0,0.117,2017.0,2018.0,5.0,6.0
186,15,2014,1999,2,17.0,3.723347,6.0,0.645,2017.0,2018.0,3.0,4.0
186,17,2016,1999,2,12.0,0.072978,1.0,0.149,2017.0,2018.0,1.0,2.0
186,18,2017,1999,2,12.0,1.830055,6.0,0.357,2017.0,2018.0,0.0,1.0
186,19,2018,1999,2,12.0,0.298889,3.0,0.165,2018.0,2018.0,0.0,0.0
187,12,2013,2001,1,12.0,,1.0,,2017.0,,4.0,
188,6,2016,2010,1,9.0,,2.0,,2017.0,,1.0,
188,7,2017,2010,1,12.0,0.209075,1.0,0.117,2017.0,2018.0,0.0,1.0
188,8,2018,2010,1,11.0,0.42009,3.0,0.151,2018.0,2018.0,0.0,0.0
188,9,2019,2010,1,11.0,0.408634,4.0,0.16,2020.0,2020.0,1.0,1.0
189,12,2011,1999,1,2.0,0.848515,7.0,0.276,2020.0,2018.0,9.0,7.0
189,13,2012,1999,1,4.0,0.0,1.0,0.211,2020.0,2018.0,8.0,6.0
189,18,2017,1999,1,,0.0,,0.213,,2018.0,,1.0
189,20,2019,1999,1,11.0,0.165137,1.0,0.194,2020.0,2020.0,1.0,1.0
190,3,2017,2014,2,6.0,0.109235,1.0,0.181,2020.0,2020.0,3.0,3.0
191,7,2017,2010,2,13.0,,1.0,,2017.0,,0.0,
191,8,2018,2010,2,11.0,,5.0,,2018.0,,0.0,
192,4,2016,2012,1,8.0,0.033142,1.0,0.122,2018.0,2018.0,2.0,2.0
192,6,2018,2012,1,10.0,0.617293,3.0,0.174,2018.0,2018.0,0.0,0.0
192,7,2019,2012,1,15.0,0.350096,3.0,0.206,2020.0,2020.0,1.0,1.0
193,6,2017,2011,1,11.0,0.12736,1.0,0.115,2018.0,2018.0,1.0,1.0
193,7,2018,2011,1,11.0,1.252812,6.0,0.326,2018.0,2018.0,0.0,0.0
194,13,2008,1995,2,12.0,,1.0,,2017.0,,9.0,
194,14,2009,1995,2,12.0,,2.0,,2017.0,,8.0,
195,4,2009,2005,2,12.0,,2.0,,2017.0,,8.0,
195,9,2014,2005,2,12.0,,2.0,,2017.0,,3.0,
196,18,2011,1993,1,4.0,,1.0,,2017.0,,6.0,
196,19,2012,1993,1,12.0,,4.0,,2017.0,,5.0,
196,21,2014,1993,1,12.0,,4.0,,2017.0,,3.0,
197,4,2010,2006,1,12.0,,2.0,,2017.0,,7.0,
197,5,2011,2006,1,17.0,,6.0,,2017.0,,6.0,
197,8,2014,2006,1,12.0,,2.0,,2017.0,,3.0,
198,6,2014,2008,1,,,2.0,,2017.0,,3.0,
198,8,2016,2008,1,10.0,0.007248,1.0,0.118,2017.0,2018.0,1.0,2.0
198,9,2017,2008,1,,,3.0,,2017.0,,0.0,
198,10,2018,2008,1,13.0,0.852838,5.0,0.195,2018.0,2018.0,0.0,0.0
198,11,2019,2008,1,4.0,0.417053,2.0,0.198,2020.0,2020.0,1.0,1.0
199,7,2012,2005,2,16.0,,1.0,,2017.0,,5.0,
199,8,2013,2005,2,12.0,,1.0,,2017.0,,4.0,
199,13,2018,2005,2,14.0,,6.0,,2018.0,,0.0,
200,5,2017,2012,1,13.0,,2.0,,2019.0,,2.0,
201,13,2014,2001,1,,0.111045,,0.137,,2018.0,,4.0
201,15,2016,2001,1,9.0,0.045307,2.0,0.132,2017.0,2018.0,1.0,2.0
201,16,2017,2001,1,13.0,0.205875,3.0,0.182,2017.0,2018.0,0.0,1.0
201,17,2018,2001,1,10.0,1.317647,5.0,0.304,2018.0,2018.0,0.0,0.0
201,18,2019,2001,1,12.0,0.315198,4.0,0.183,2020.0,2020.0,1.0,1.0
202,4,2017,2013,2,15.0,0.605483,4.0,0.219,2018.0,2018.0,1.0,1.0
202,5,2018,2013,2,17.0,2.391732,7.0,0.458,2018.0,2018.0,0.0,0.0
203,13,2008,1995,2,6.0,0.060632,1.0,0.137,2017.0,2017.0,9.0,9.0
203,14,2009,1995,2,7.0,,1.0,,2017.0,,8.0,
203,16,2011,1995,2,12.0,,3.0,,2017.0,,6.0,
203,17,2012,1995,2,7.0,0.0,3.0,0.228,2017.0,2017.0,5.0,5.0
203,18,2013,1995,2,12.0,,3.0,,2017.0,,4.0,
203,19,2014,1995,2,12.0,,6.0,,2017.0,,3.0,
203,22,2017,1995,2,12.0,0.174336,1.0,0.147,2017.0,2017.0,0.0,0.0
203,23,2018,1995,2,12.0,1.66081,7.0,0.341,2018.0,2018.0,0.0,0.0
204,7,2016,2009,2,9.0,0.0,1.0,0.109,2017.0,2018.0,1.0,2.0
204,8,2017,2009,2,,0.039423,1.0,0.111,2017.0,2018.0,0.0,1.0
204,9,2018,2009,2,13.0,0.841076,6.0,0.173,2018.0,2018.0,0.0,0.0
204,10,2019,2009,2,9.0,0.344084,4.0,0.206,2020.0,2020.0,1.0,1.0
205,8,2014,2006,2,12.0,,1.0,,2017.0,,3.0,
206,4,2009,2005,1,12.0,,4.0,,2017.0,,8.0,
206,6,2011,2005,1,12.0,,5.0,,2017.0,,6.0,
207,6,2016,2010,1,13.0,0.177609,3.0,0.179,2018.0,2018.0,2.0,2.0
207,8,2018,2010,1,11.0,0.796308,4.0,0.17,2018.0,2018.0,0.0,0.0
207,9,2019,2010,1,10.0,0.338471,4.0,0.171,2020.0,2020.0,1.0,1.0
208,19,2009,1990,2,7.0,,5.0,,2017.0,,8.0,
208,21,2011,1990,2,10.0,,4.0,,2017.0,,6.0,
208,22,2012,1990,2,10.0,,2.0,,2017.0,,5.0,
208,27,2017,1990,2,12.0,,5.0,,2017.0,,0.0,
209,12,2008,1996,2,10.0,,2.0,,2017.0,,9.0,
209,13,2009,1996,2,15.0,,2.0,,2017.0,,8.0,
210,4,2016,2012,1,9.0,0.0,1.0,0.095,2017.0,2018.0,1.0,2.0
210,5,2017,2012,1,12.0,0.048767,1.0,0.128,2017.0,2018.0,0.0,1.0
210,6,2018,2012,1,12.0,1.021805,4.0,0.239,2018.0,2018.0,0.0,0.0
210,7,2019,2012,1,11.0,0.153242,1.0,0.117,2020.0,2020.0,1.0,1.0
211,10,2018,2008,1,11.0,,2.0,,2019.0,,1.0,
212,7,2019,2012,1,11.0,0.180551,4.0,0.203,2020.0,2020.0,1.0,1.0
213,7,2018,2011,1,13.0,,5.0,,2019.0,,1.0,
214,3,2019,2016,2,9.0,,5.0,,2020.0,,1.0,
215,6,2016,2010,1,12.0,0.01243,2.0,0.114,2017.0,2017.0,1.0,1.0
215,7,2017,2010,1,12.0,0.210814,1.0,0.143,2017.0,2017.0,0.0,0.0
215,8,2018,2010,1,13.0,0.429681,2.0,0.169,2018.0,2018.0,0.0,0.0
215,9,2019,2010,1,12.0,0.795931,2.0,0.156,2020.0,2020.0,1.0,1.0
216,4,2017,2013,2,9.0,,1.0,,2019.0,,2.0,
217,12,2017,2005,1,12.0,0.286861,3.0,0.209,2017.0,2017.0,0.0,0.0
217,13,2018,2005,1,12.0,0.620434,4.0,0.188,2018.0,2018.0,0.0,0.0
217,14,2019,2005,1,15.0,0.353586,3.0,0.233,2020.0,2020.0,1.0,1.0
218,9,2009,2000,1,12.0,,3.0,,2017.0,,8.0,
218,10,2010,2000,1,10.0,,1.0,,2017.0,,7.0,
218,12,2012,2000,1,12.0,,3.0,,2017.0,,5.0,
218,13,2013,2000,1,10.0,,1.0,,2017.0,,4.0,
218,14,2014,2000,1,12.0,,7.0,,2017.0,,3.0,
218,18,2018,2000,1,14.0,,6.0,,2018.0,,0.0,
219,4,2014,2010,2,14.0,,2.0,,2018.0,,4.0,
219,8,2018,2010,2,11.0,,1.0,,2018.0,,0.0,
219,9,2019,2010,2,10.0,0.587052,7.0,0.201,2020.0,2020.0,1.0,1.0
220,5,2011,2006,2,12.0,,5.0,,2017.0,,6.0,
220,7,2013,2006,2,12.0,,1.0,,2017.0,,4.0,
221,6,2009,2003,1,13.0,,8.0,,2017.0,,8.0,
221,7,2010,2003,1,9.0,,2.0,,2017.0,,7.0,
221,8,2011,2003,1,12.0,,4.0,,2017.0,,6.0,
221,9,2012,2003,1,7.0,,5.0,,2017.0,,5.0,
221,10,2013,2003,1,12.0,,3.0,,2017.0,,4.0,
222,5,2019,2014,1,13.0,0.437288,5.0,0.161,2020.0,2020.0,1.0,1.0
223,4,2014,2010,1,10.0,0.080251,3.0,0.113,2017.0,2018.0,3.0,4.0
223,7,2017,2010,1,12.0,0.04716,1.0,0.119,2017.0,2018.0,0.0,1.0
223,8,2018,2010,1,13.0,0.538386,4.0,0.15,2018.0,2018.0,0.0,0.0
223,9,2019,2010,1,11.0,0.301987,2.0,0.213,2020.0,2020.0,1.0,1.0
224,4,2019,2015,2,11.0,0.298222,6.0,0.185,2020.0,2020.0,1.0,1.0
225,4,2018,2014,2,8.0,0.098537,1.0,0.092,2020.0,2020.0,2.0,2.0
225,5,2019,2014,2,4.0,0.1093,2.0,0.18,2020.0,2020.0,1.0,1.0
226,5,2016,2011,1,9.0,0.161218,2.0,0.134,2017.0,2017.0,1.0,1.0
226,6,2017,2011,1,,0.286861,2.0,0.135,2017.0,2017.0,0.0,0.0
226,7,2018,2011,1,12.0,0.448865,7.0,0.197,2018.0,2018.0,0.0,0.0
226,8,2019,2011,1,11.0,1.114363,5.0,0.233,2020.0,2020.0,1.0,1.0
227,7,2017,2010,1,12.0,0.259265,1.0,0.137,2018.0,2018.0,1.0,1.0
227,8,2018,2010,1,12.0,0.367078,3.0,0.198,2018.0,2018.0,0.0,0.0
227,9,2019,2010,1,9.0,0.587403,5.0,0.183,2020.0,2020.0,1.0,1.0
228,4,2011,2007,2,12.0,,2.0,,2018.0,,7.0,
228,6,2013,2007,2,15.0,,8.0,,2018.0,,5.0,
228,11,2018,2007,2,13.0,,6.0,,2018.0,,0.0,
229,8,2018,2010,2,13.0,,3.0,,2019.0,,1.0,
230,15,2008,1993,2,12.0,,2.0,,2017.0,,9.0,
230,16,2009,1993,2,14.0,,2.0,,2017.0,,8.0,
231,6,2016,2010,1,9.0,0.0,1.0,0.14,2017.0,2018.0,1.0,2.0
231,7,2017,2010,1,,,6.0,,2017.0,,0.0,
231,8,2018,2010,1,10.0,1.225133,6.0,0.274,2018.0,2018.0,0.0,0.0
231,9,2019,2010,1,10.0,0.29918,4.0,0.15,2020.0,2020.0,1.0,1.0
232,6,2017,2011,2,17.0,0.511891,1.0,0.186,2018.0,2018.0,1.0,1.0
232,7,2018,2011,2,13.0,0.21498,3.0,0.133,2018.0,2018.0,0.0,0.0
232,8,2019,2011,2,9.0,0.308219,4.0,0.17,2020.0,2020.0,1.0,1.0
233,3,2009,2006,1,,,2.0,,2017.0,,8.0,
233,5,2011,2006,1,8.0,,5.0,,2017.0,,6.0,
234,19,2008,1989,2,13.0,,4.0,,2017.0,,9.0,
234,20,2009,1989,2,12.0,,2.0,,2017.0,,8.0,
234,22,2011,1989,2,7.0,,4.0,,2017.0,,6.0,
234,23,2012,1989,2,8.0,,1.0,,2017.0,,5.0,
234,24,2013,1989,2,12.0,,1.0,,2017.0,,4.0,
235,6,2016,2010,1,9.0,0.0,1.0,0.159,2017.0,2017.0,1.0,1.0
235,7,2017,2010,1,12.0,0.207508,1.0,0.175,2017.0,2017.0,0.0,0.0
235,8,2018,2010,1,10.0,0.618392,6.0,0.232,2018.0,2018.0,0.0,0.0
235,9,2019,2010,1,10.0,0.154668,2.0,0.152,2020.0,2020.0,1.0,1.0
236,11,2012,2001,1,12.0,0.799448,6.0,0.215,2017.0,2018.0,5.0,6.0
236,12,2013,2001,1,10.0,0.0,1.0,0.134,2017.0,2018.0,4.0,5.0
236,13,2014,2001,1,12.0,0.289005,2.0,0.176,2017.0,2018.0,3.0,4.0
236,16,2017,2001,1,12.0,0.187031,2.0,0.156,2017.0,2018.0,0.0,1.0
236,17,2018,2001,1,10.0,0.685389,2.0,0.192,2018.0,2018.0,0.0,0.0
236,18,2019,2001,1,13.0,0.377762,2.0,0.141,2020.0,2020.0,1.0,1.0
237,11,2009,1998,1,12.0,,1.0,,2017.0,,8.0,
238,5,2016,2011,2,12.0,0.0,1.0,0.133,2017.0,2018.0,1.0,2.0
238,6,2017,2011,2,9.0,0.036426,1.0,0.108,2017.0,2018.0,0.0,1.0
238,7,2018,2011,2,10.0,0.362905,3.0,0.109,2018.0,2018.0,0.0,0.0
238,8,2019,2011,2,10.0,0.043789,1.0,0.119,2020.0,2020.0,1.0,1.0
239,8,2009,2001,1,13.0,,2.0,,2017.0,,8.0,
239,9,2010,2001,1,9.0,,1.0,,2017.0,,7.0,
240,9,2008,1999,2,,,7.0,,2017.0,,9.0,
240,10,2009,1999,2,12.0,0.29678,3.0,0.155,2017.0,2017.0,8.0,8.0
240,12,2011,1999,2,12.0,,5.0,,2017.0,,6.0,
240,13,2012,1999,2,12.0,0.108316,1.0,0.116,2017.0,2017.0,5.0,5.0
240,14,2013,1999,2,12.0,,6.0,,2017.0,,4.0,
240,17,2016,1999,2,7.0,0.042188,2.0,0.107,2017.0,2017.0,1.0,1.0
240,18,2017,1999,2,7.0,0.091784,1.0,0.252,2017.0,2017.0,0.0,0.0
240,19,2018,1999,2,16.0,0.356698,3.0,0.178,2018.0,2018.0,0.0,0.0
240,20,2019,1999,2,10.0,0.200953,1.0,0.339,2020.0,2020.0,1.0,1.0
241,15,2009,1994,2,12.0,,2.0,,2017.0,,8.0,
241,18,2012,1994,2,12.0,,2.0,,2017.0,,5.0,
241,19,2013,1994,2,,,1.0,,2017.0,,4.0,
241,20,2014,1994,2,12.0,,2.0,,2017.0,,3.0,
242,17,2018,2001,2,15.0,,5.0,,2019.0,,1.0,
243,6,2018,2012,2,11.0,,5.0,,2019.0,,1.0,
243,7,2019,2012,2,8.0,0.123259,1.0,0.152,2020.0,2020.0,1.0,1.0
244,8,2018,2010,1,10.0,,5.0,,2019.0,,1.0,
245,7,2017,2010,2,10.0,,1.0,,2019.0,,2.0,
246,3,2011,2008,2,9.0,,8.0,,2017.0,,6.0,
246,5,2013,2008,2,12.0,,2.0,,2017.0,,4.0,
247,17,2011,1994,1,12.0,,8.0,,2017.0,,6.0,
247,22,2016,1994,1,12.0,0.386053,4.0,0.183,2017.0,2017.0,1.0,1.0
247,23,2017,1994,1,12.0,0.154605,1.0,0.127,2017.0,2017.0,0.0,0.0
248,11,2008,1997,2,12.0,,1.0,,2017.0,,9.0,
248,14,2011,1997,2,15.0,,7.0,,2017.0,,6.0,
248,15,2012,1997,2,12.0,,3.0,,2017.0,,5.0,
248,16,2013,1997,2,12.0,,5.0,,2017.0,,4.0,
249,13,2009,1996,2,12.0,,2.0,,2017.0,,8.0,
250,5,2018,2013,2,12.0,,5.0,,2019.0,,1.0,
251,4,2010,2006,2,13.0,,8.0,,2017.0,,7.0,
251,11,2017,2006,2,12.0,,3.0,,2017.0,,0.0,
251,12,2018,2006,2,15.0,,7.0,,2018.0,,0.0,
251,13,2019,2006,2,13.0,0.088361,3.0,0.235,2020.0,2020.0,1.0,1.0
252,6,2009,2003,2,10.0,0.0,1.0,0.108,2017.0,2018.0,8.0,9.0
252,13,2016,2003,2,12.0,0.049215,2.0,0.118,2017.0,2018.0,1.0,2.0
252,14,2017,2003,2,12.0,0.404104,3.0,0.162,2017.0,2018.0,0.0,1.0
252,15,2018,2003,2,11.0,0.151525,1.0,0.12,2018.0,2018.0,0.0,0.0
252,16,2019,2003,2,10.0,0.388988,4.0,0.171,2020.0,2020.0,1.0,1.0
253,17,2011,1994,2,12.0,,8.0,,2017.0,,6.0,
253,18,2012,1994,2,10.0,,2.0,,2017.0,,5.0,
253,19,2013,1994,2,12.0,,3.0,,2017.0,,4.0,
253,20,2014,1994,2,10.0,,1.0,,2017.0,,3.0,
254,6,2019,2013,2,15.0,0.811697,5.0,0.213,2020.0,2020.0,1.0,1.0
255,3,2014,2011,1,9.0,,2.0,,2018.0,,4.0,
255,7,2018,2011,1,13.0,,6.0,,2018.0,,0.0,
256,7,2017,2010,1,15.0,,2.0,,2018.0,,1.0,
256,8,2018,2010,1,11.0,,4.0,,2018.0,,0.0,
256,9,2019,2010,1,11.0,0.761776,5.0,0.202,2020.0,2020.0,1.0,1.0
257,9,2008,1999,2,,0.0,,0.149,,2018.0,,10.0
257,10,2009,1999,2,,1.714956,7.0,0.395,2017.0,2018.0,8.0,9.0
257,11,2010,1999,2,,,3.0,,2017.0,,7.0,
257,12,2011,1999,2,18.0,4.442544,8.0,0.807,2017.0,2018.0,6.0,7.0
257,13,2012,1999,2,12.0,0.327371,5.0,0.151,2017.0,2018.0,5.0,6.0
257,14,2013,1999,2,13.0,0.0,1.0,0.146,2017.0,2018.0,4.0,5.0
257,15,2014,1999,2,12.0,0.263427,2.0,0.135,2017.0,2018.0,3.0,4.0
257,17,2016,1999,2,10.0,0.089115,1.0,0.134,2017.0,2018.0,1.0,2.0
257,18,2017,1999,2,12.0,0.07711,2.0,0.131,2017.0,2018.0,0.0,1.0
257,19,2018,1999,2,11.0,0.701443,7.0,0.261,2018.0,2018.0,0.0,0.0
257,20,2019,1999,2,13.0,0.349697,4.0,0.16,2020.0,2020.0,1.0,1.0
258,6,2012,2006,1,12.0,4.375026,8.0,2.035,2017.0,2018.0,5.0,6.0
258,7,2013,2006,1,,0.111657,,0.251,,2018.0,,5.0
258,10,2016,2006,1,10.0,0.315179,2.0,0.206,2017.0,2018.0,1.0,2.0
258,12,2018,2006,1,9.0,0.585887,4.0,0.179,2018.0,2018.0,0.0,0.0
258,13,2019,2006,1,11.0,0.098831,1.0,0.202,2020.0,2020.0,1.0,1.0
259,9,2010,2001,1,12.0,,7.0,,2017.0,,7.0,
259,11,2012,2001,1,12.0,,2.0,,2017.0,,5.0,
260,5,2017,2012,2,22.0,0.269821,2.0,0.234,2018.0,2018.0,1.0,1.0
260,6,2018,2012,2,9.0,0.491634,1.0,0.157,2018.0,2018.0,0.0,0.0
260,7,2019,2012,2,17.0,0.582637,3.0,0.231,2020.0,2020.0,1.0,1.0
261,6,2018,2012,2,13.0,,5.0,,2019.0,,1.0,
261,7,2019,2012,2,11.0,0.398064,4.0,0.159,2020.0,2020.0,1.0,1.0
262,3,2017,2014,2,5.0,0.092342,2.0,0.095,2018.0,2018.0,1.0,1.0
262,4,2018,2014,2,10.0,1.903274,6.0,0.283,2018.0,2018.0,0.0,0.0
262,5,2019,2014,2,11.0,0.224464,3.0,0.137,2020.0,2020.0,1.0,1.0
263,10,2008,1998,1,12.0,,2.0,,2017.0,,9.0,
263,11,2009,1998,1,12.0,,1.0,,2017.0,,8.0,
264,6,2018,2012,2,9.0,0.226906,1.0,0.12,2020.0,2020.0,2.0,2.0
264,7,2019,2012,2,,0.0,,0.119,,2020.0,,1.0
265,10,2018,2008,2,10.0,0.226906,2.0,0.117,2020.0,2020.0,2.0,2.0
265,11,2019,2008,2,11.0,1.542686,5.0,0.224,2020.0,2020.0,1.0,1.0
266,10,2013,2003,2,,0.062003,1.0,0.216,2017.0,2018.0,4.0,5.0
266,14,2017,2003,2,12.0,0.050387,1.0,0.121,2017.0,2018.0,0.0,1.0
266,15,2018,2003,2,15.0,4.584696,8.0,0.842,2018.0,2018.0,0.0,0.0
266,16,2019,2003,2,13.0,0.038176,1.0,0.239,2020.0,2020.0,1.0,1.0
267,3,2011,2008,1,13.0,,1.0,,2017.0,,6.0,
267,8,2016,2008,1,6.0,0.0,1.0,0.137,2017.0,2018.0,1.0,2.0
267,9,2017,2008,1,12.0,0.089673,1.0,0.178,2017.0,2018.0,0.0,1.0
267,10,2018,2008,1,14.0,0.136782,1.0,0.108,2018.0,2018.0,0.0,0.0
267,11,2019,2008,1,14.0,1.301101,8.0,0.413,2020.0,2020.0,1.0,1.0
268,6,2014,2008,2,,6.17971,8.0,2.632,2017.0,2018.0,3.0,4.0
268,8,2016,2008,2,8.0,0.027796,3.0,0.11,2017.0,2018.0,1.0,2.0
268,9,2017,2008,2,12.0,0.143979,1.0,0.113,2017.0,2018.0,0.0,1.0
268,10,2018,2008,2,11.0,0.372132,3.0,0.23,2018.0,2018.0,0.0,0.0
268,11,2019,2008,2,6.0,0.367545,1.0,0.263,2020.0,2020.0,1.0,1.0
269,7,2017,2010,1,11.0,,2.0,,2019.0,,2.0,
269,9,2019,2010,1,10.0,0.294656,5.0,0.144,2020.0,2020.0,1.0,1.0
270,7,2008,2001,2,12.0,,5.0,,2017.0,,9.0,
270,8,2009,2001,2,9.0,,4.0,,2017.0,,8.0,
270,11,2012,2001,2,12.0,,1.0,,2017.0,,5.0,
271,10,2008,1998,2,,,7.0,,2017.0,,9.0,
271,12,2010,1998,2,12.0,,8.0,,2017.0,,7.0,
272,10,2009,1999,2,14.0,,5.0,,2017.0,,8.0,
272,15,2014,1999,2,13.0,,7.0,,2017.0,,3.0,
273,7,2013,2006,2,10.0,0.0,1.0,0.303,2017.0,2017.0,4.0,4.0
273,8,2014,2006,2,8.0,0.035575,1.0,0.121,2017.0,2017.0,3.0,3.0
273,10,2016,2006,2,12.0,0.108316,1.0,0.175,2017.0,2017.0,1.0,1.0
273,11,2017,2006,2,14.0,0.3067,2.0,0.151,2017.0,2017.0,0.0,0.0
273,12,2018,2006,2,12.0,0.384377,3.0,0.143,2018.0,2018.0,0.0,0.0
273,13,2019,2006,2,12.0,1.138324,6.0,0.242,2020.0,2020.0,1.0,1.0
274,8,2009,2001,2,10.0,,2.0,,2017.0,,8.0,
275,7,2011,2004,1,12.0,,6.0,,2017.0,,6.0,
275,9,2013,2004,1,6.0,,1.0,,2017.0,,4.0,
276,10,2018,2008,1,8.0,0.597749,5.0,0.317,2020.0,2020.0,2.0,2.0
276,11,2019,2008,1,8.0,0.565657,6.0,0.249,2020.0,2020.0,1.0,1.0
277,6,2019,2013,1,8.0,0.594183,3.0,0.174,2020.0,2020.0,1.0,1.0
278,8,2018,2010,2,12.0,,3.0,,2019.0,,1.0,
279,10,2016,2006,2,10.0,0.022349,1.0,0.128,2017.0,2017.0,1.0,1.0
279,11,2017,2006,2,5.0,0.0,1.0,0.147,2017.0,2017.0,0.0,0.0
279,12,2018,2006,2,12.0,0.553913,7.0,0.174,2018.0,2018.0,0.0,0.0
279,13,2019,2006,2,15.0,1.104646,6.0,0.245,2020.0,2020.0,1.0,1.0
280,14,2013,1999,1,12.0,,1.0,,2017.0,,4.0,
280,19,2018,1999,1,17.0,,7.0,,2018.0,,0.0,
280,20,2019,1999,1,8.0,0.490775,4.0,0.172,2020.0,2020.0,1.0,1.0
281,6,2009,2003,1,12.0,,3.0,,2017.0,,8.0,
281,8,2011,2003,1,12.0,,7.0,,2017.0,,6.0,
282,9,2009,2000,2,9.0,,1.0,,2017.0,,8.0,
283,7,2008,2001,2,,,5.0,,2017.0,,9.0,
283,8,2009,2001,2,14.0,,8.0,,2017.0,,8.0,
283,10,2011,2001,2,10.0,,8.0,,2017.0,,6.0,
283,11,2012,2001,2,12.0,,6.0,,2017.0,,5.0,
284,6,2017,2011,1,5.0,0.0,1.0,0.108,2020.0,2020.0,3.0,3.0
285,5,2018,2013,2,16.0,1.082954,5.0,0.347,2019.0,2020.0,1.0,2.0
285,6,2019,2013,2,10.0,0.537131,3.0,0.248,2020.0,2020.0,1.0,1.0
286,5,2018,2013,2,13.0,,3.0,,2019.0,,1.0,
287,3,2014,2011,1,12.0,,2.0,,2017.0,,3.0,
287,6,2017,2011,1,12.0,,1.0,,2017.0,,0.0,
288,7,2008,2001,2,8.0,,2.0,,2017.0,,9.0,
288,8,2009,2001,2,12.0,,1.0,,2017.0,,8.0,
288,11,2012,2001,2,10.0,,3.0,,2017.0,,5.0,
288,12,2013,2001,2,12.0,,4.0,,2017.0,,4.0,
288,13,2014,2001,2,12.0,,2.0,,2017.0,,3.0,
289,10,2017,2007,2,2.0,0.0,1.0,0.182,2020.0,2020.0,3.0,3.0
290,12,2008,1996,2,12.0,,2.0,,2017.0,,9.0,
291,6,2010,2004,2,10.0,,1.0,,2017.0,,7.0,
291,7,2011,2004,2,12.0,,2.0,,2017.0,,6.0,
291,8,2012,2004,2,8.0,,2.0,,2017.0,,5.0,
291,9,2013,2004,2,12.0,,1.0,,2017.0,,4.0,
292,5,2018,2013,1,,1.747578,,0.405,,2018.0,,0.0
292,6,2019,2013,1,14.0,1.494749,6.0,0.461,2020.0,2020.0,1.0,1.0
293,4,2019,2015,2,14.0,0.694026,5.0,0.192,2020.0,2020.0,1.0,1.0
294,7,2008,2001,2,12.0,,1.0,,2017.0,,9.0,
294,9,2010,2001,2,,,4.0,,2017.0,,7.0,
294,11,2012,2001,2,12.0,0.111622,1.0,0.12,2017.0,2017.0,5.0,5.0
294,13,2014,2001,2,12.0,0.0488,1.0,0.123,2017.0,2017.0,3.0,3.0
294,16,2017,2001,2,12.0,0.604276,3.0,0.202,2017.0,2017.0,0.0,0.0
294,17,2018,2001,2,13.0,1.135492,6.0,0.214,2018.0,2018.0,0.0,0.0
294,18,2019,2001,2,11.0,0.133729,1.0,0.228,2020.0,2020.0,1.0,1.0
295,5,2017,2012,1,13.0,,2.0,,2019.0,,2.0,
296,10,2009,1999,1,9.0,,1.0,,2017.0,,8.0,
296,12,2011,1999,1,18.0,,4.0,,2017.0,,6.0,
297,16,2008,1992,1,12.0,,7.0,,2017.0,,9.0,
297,17,2009,1992,1,12.0,,1.0,,2017.0,,8.0,
297,20,2012,1992,1,12.0,,5.0,,2017.0,,5.0,
298,7,2017,2010,1,5.0,0.187163,1.0,0.124,2018.0,2018.0,1.0,1.0
298,8,2018,2010,1,16.0,1.510335,6.0,0.379,2018.0,2018.0,0.0,0.0
298,9,2019,2010,1,10.0,0.248663,3.0,0.25,2020.0,2020.0,1.0,1.0
299,14,2011,1997,2,12.0,,1.0,,2017.0,,6.0,
300,5,2017,2012,2,11.0,0.042564,1.0,0.179,2018.0,2018.0,1.0,1.0
300,6,2018,2012,2,12.0,1.149015,5.0,0.209,2018.0,2018.0,0.0,0.0
300,7,2019,2012,2,10.0,0.391974,3.0,0.21,2020.0,2020.0,1.0,1.0
301,8,2019,2011,2,11.0,0.811697,5.0,0.201,2020.0,2020.0,1.0,1.0
302,9,2008,1999,2,9.0,,1.0,,2017.0,,9.0,
302,10,2009,1999,2,14.0,,5.0,,2017.0,,8.0,
303,10,2009,1999,1,10.0,0.124615,1.0,0.122,2017.0,2018.0,8.0,9.0
303,17,2016,1999,1,9.0,0.056842,3.0,0.126,2017.0,2018.0,1.0,2.0
303,19,2018,1999,1,13.0,1.394668,6.0,0.328,2018.0,2018.0,0.0,0.0
303,20,2019,1999,1,8.0,0.514117,3.0,0.29,2020.0,2020.0,1.0,1.0
304,5,2008,2003,1,12.0,,7.0,,2017.0,,9.0,
304,6,2009,2003,1,12.0,,8.0,,2017.0,,8.0,
305,5,2016,2011,1,13.0,0.028962,2.0,0.125,2017.0,2017.0,1.0,1.0
305,6,2017,2011,1,15.0,0.154605,1.0,0.138,2017.0,2017.0,0.0,0.0
306,3,2009,2006,1,12.0,,3.0,,2018.0,,9.0,
306,12,2018,2006,1,10.0,,5.0,,2018.0,,0.0,
307,14,2012,1998,1,12.0,,5.0,,2017.0,,5.0,
307,15,2013,1998,1,12.0,,2.0,,2017.0,,4.0,
307,16,2014,1998,1,12.0,,5.0,,2017.0,,3.0,
307,19,2017,1998,1,12.0,,1.0,,2017.0,,0.0,
308,9,2008,1999,1,12.0,,6.0,,2017.0,,9.0,
308,10,2009,1999,1,12.0,,3.0,,2017.0,,8.0,
309,4,2011,2007,1,11.0,,8.0,,2018.0,,7.0,
309,11,2018,2007,1,12.0,,2.0,,2018.0,,0.0,
310,6,2009,2003,2,12.0,0.460263,5.0,0.18,2017.0,2018.0,8.0,9.0
310,11,2014,2003,2,,,1.0,,2017.0,,3.0,
310,13,2016,2003,2,,,6.0,,2017.0,,1.0,
310,14,2017,2003,2,12.0,0.328358,2.0,0.278,2017.0,2018.0,0.0,1.0
310,15,2018,2003,2,9.0,0.074792,1.0,0.145,2018.0,2018.0,0.0,0.0
310,16,2019,2003,2,9.0,0.161647,4.0,0.135,2020.0,2020.0,1.0,1.0
311,4,2018,2014,1,11.0,0.554481,5.0,0.198,2020.0,2018.0,2.0,0.0
311,5,2019,2014,1,10.0,0.29918,1.0,0.239,2020.0,2020.0,1.0,1.0
312,3,2016,2013,1,10.0,,3.0,,2018.0,,2.0,
312,5,2018,2013,1,13.0,,5.0,,2018.0,,0.0,
313,9,2008,1999,2,12.0,,1.0,,2017.0,,9.0,
313,10,2009,1999,2,12.0,,7.0,,2017.0,,8.0,
313,11,2010,1999,2,14.0,,8.0,,2017.0,,7.0,
313,13,2012,1999,2,14.0,,8.0,,2017.0,,5.0,
313,14,2013,1999,2,13.0,,5.0,,2017.0,,4.0,
313,15,2014,1999,2,12.0,,1.0,,2017.0,,3.0,
313,17,2016,1999,2,6.0,,1.0,,2017.0,,1.0,
314,7,2017,2010,2,12.0,0.237265,1.0,0.113,2017.0,2017.0,0.0,0.0
314,8,2018,2010,2,10.0,1.110368,7.0,0.304,2018.0,2018.0,0.0,0.0
314,9,2019,2010,2,10.0,0.273321,3.0,0.146,2020.0,2020.0,1.0,1.0
315,3,2017,2014,2,,0.163343,,0.162,,2018.0,,1.0
316,11,2012,2001,2,10.0,,1.0,,2017.0,,5.0,
316,12,2013,2001,2,10.0,,5.0,,2017.0,,4.0,
317,7,2018,2011,1,,1.686181,,0.32,,2018.0,,0.0
318,4,2017,2013,2,9.0,0.0,1.0,0.1,2018.0,2018.0,1.0,1.0
318,5,2018,2013,2,10.0,0.187163,2.0,0.174,2018.0,2018.0,0.0,0.0
319,5,2016,2011,1,12.0,0.657178,7.0,0.25,2017.0,2017.0,1.0,1.0
319,6,2017,2011,1,12.0,0.293474,3.0,0.259,2017.0,2017.0,0.0,0.0
319,7,2018,2011,1,13.0,1.117876,5.0,0.205,2018.0,2018.0,0.0,0.0
319,8,2019,2011,1,15.0,1.121485,3.0,0.31,2020.0,2020.0,1.0,1.0
320,3,2017,2014,1,8.0,0.102103,2.0,0.113,2020.0,2020.0,3.0,3.0
321,9,2017,2008,2,13.0,0.263281,6.0,0.237,2018.0,2018.0,1.0,1.0
321,10,2018,2008,2,11.0,0.100666,2.0,0.332,2018.0,2018.0,0.0,0.0
321,11,2019,2008,2,13.0,0.111145,3.0,0.279,2020.0,2020.0,1.0,1.0
322,3,2010,2007,2,10.0,,5.0,,2017.0,,7.0,
322,5,2012,2007,2,12.0,0.111982,1.0,0.119,2017.0,2017.0,5.0,5.0
322,9,2016,2007,2,9.0,,1.0,,2017.0,,1.0,
322,10,2017,2007,2,12.0,0.053296,2.0,0.187,2017.0,2017.0,0.0,0.0
322,11,2018,2007,2,13.0,2.36079,5.0,0.437,2018.0,2018.0,0.0,0.0
322,12,2019,2007,2,13.0,0.507137,3.0,0.174,2020.0,2020.0,1.0,1.0
323,8,2008,2000,1,12.0,0.0,1.0,0.353,2017.0,2018.0,9.0,10.0
323,10,2010,2000,1,12.0,4.052109,3.0,0.86,2017.0,2018.0,7.0,8.0
323,14,2014,2000,1,,0.062607,,0.12,,2018.0,,4.0
323,18,2018,2000,1,11.0,0.533153,5.0,0.181,2018.0,2018.0,0.0,0.0
323,19,2019,2000,1,10.0,0.043789,1.0,0.119,2020.0,2020.0,1.0,1.0
324,8,2018,2010,1,13.0,,5.0,,2019.0,,1.0,
325,9,2009,2000,1,13.0,,5.0,,2017.0,,8.0,
325,17,2017,2000,1,12.0,,1.0,,2017.0,,0.0,
326,9,2008,1999,1,12.0,,6.0,,2017.0,,9.0,
326,10,2009,1999,1,12.0,,3.0,,2017.0,,8.0,
326,13,2012,1999,1,13.0,,3.0,,2017.0,,5.0,
326,14,2013,1999,1,10.0,,1.0,,2017.0,,4.0,
327,3,2011,2008,2,12.0,,1.0,,2017.0,,6.0,
327,5,2013,2008,2,12.0,,6.0,,2017.0,,4.0,
328,4,2017,2013,2,,0.156888,,0.148,,2018.0,,1.0
328,5,2018,2013,2,11.0,0.736613,4.0,0.218,2018.0,2018.0,0.0,0.0
328,6,2019,2013,2,10.0,0.02695,1.0,0.154,2020.0,2020.0,1.0,1.0
329,10,2009,1999,1,10.0,,2.0,,2017.0,,8.0,
329,11,2010,1999,1,10.0,,3.0,,2017.0,,7.0,
329,12,2011,1999,1,12.0,,8.0,,2017.0,,6.0,
329,13,2012,1999,1,,,4.0,,2017.0,,5.0,
330,5,2013,2008,1,14.0,,5.0,,2017.0,,4.0,
330,6,2014,2008,1,,0.062607,3.0,0.125,2017.0,2018.0,3.0,4.0
330,9,2017,2008,1,12.0,0.136782,1.0,0.127,2017.0,2018.0,0.0,1.0
330,10,2018,2008,1,13.0,1.059058,5.0,0.26,2018.0,2018.0,0.0,0.0
330,11,2019,2008,1,10.0,0.147688,2.0,0.257,2020.0,2020.0,1.0,1.0
331,13,2016,2003,1,12.0,0.395972,3.0,0.146,2017.0,2017.0,1.0,1.0
331,14,2017,2003,1,12.0,0.174444,2.0,0.139,2017.0,2017.0,0.0,0.0
331,15,2018,2003,1,12.0,1.069121,4.0,0.165,2018.0,2018.0,0.0,0.0
331,16,2019,2003,1,10.0,0.122371,2.0,0.131,2020.0,2020.0,1.0,1.0
332,5,2018,2013,2,,0.947577,,0.251,,2018.0,,0.0
333,3,2011,2008,2,12.0,0.086307,1.0,0.115,2017.0,2017.0,6.0,6.0
333,4,2012,2008,2,10.0,,3.0,,2017.0,,5.0,
333,5,2013,2008,2,10.0,,1.0,,2017.0,,4.0,
333,8,2016,2008,2,8.0,,2.0,,2017.0,,1.0,
333,9,2017,2008,2,15.0,0.288041,4.0,0.205,2017.0,2017.0,0.0,0.0
333,11,2019,2008,2,9.0,0.172117,2.0,0.118,2020.0,2020.0,1.0,1.0
334,7,2008,2001,1,8.0,,2.0,,2017.0,,9.0,
334,12,2013,2001,1,12.0,,7.0,,2017.0,,4.0,
335,11,2008,1997,1,12.0,,1.0,,2017.0,,9.0,
335,12,2009,1997,1,10.0,,1.0,,2017.0,,8.0,
335,13,2010,1997,1,10.0,,8.0,,2017.0,,7.0,
335,14,2011,1997,1,13.0,,3.0,,2017.0,,6.0,
335,15,2012,1997,1,14.0,,8.0,,2017.0,,5.0,
335,16,2013,1997,1,12.0,,3.0,,2017.0,,4.0,
336,8,2009,2001,2,12.0,,4.0,,2017.0,,8.0,
336,11,2012,2001,2,12.0,,2.0,,2017.0,,5.0,
337,3,2017,2014,2,11.0,0.0,1.0,0.181,2018.0,2018.0,1.0,1.0
337,4,2018,2014,2,9.0,0.292202,4.0,0.143,2018.0,2018.0,0.0,0.0
337,5,2019,2014,2,11.0,0.531566,4.0,0.155,2020.0,2020.0,1.0,1.0
338,3,2011,2008,2,12.0,,8.0,,2017.0,,6.0,
338,5,2013,2008,2,10.0,,2.0,,2017.0,,4.0,
339,8,2009,2001,1,7.0,0.071945,1.0,0.115,2017.0,2017.0,8.0,8.0
339,13,2014,2001,1,8.0,,4.0,,2017.0,,3.0,
339,15,2016,2001,1,9.0,0.091784,2.0,0.153,2017.0,2017.0,1.0,1.0
339,16,2017,2001,1,8.0,0.078558,3.0,0.126,2017.0,2017.0,0.0,0.0
339,17,2018,2001,1,15.0,1.542307,6.0,0.306,2018.0,2018.0,0.0,0.0
339,18,2019,2001,1,10.0,0.252382,2.0,0.114,2020.0,2020.0,1.0,1.0
340,11,2012,2001,1,12.0,,4.0,,2017.0,,5.0,
341,5,2016,2011,1,12.0,0.065332,1.0,0.131,2017.0,2017.0,1.0,1.0
341,6,2017,2011,1,12.0,0.485245,4.0,0.199,2017.0,2017.0,0.0,0.0
341,7,2018,2011,1,11.0,1.325171,6.0,0.296,2018.0,2018.0,0.0,0.0
341,8,2019,2011,1,11.0,0.273321,3.0,0.197,2020.0,2020.0,1.0,1.0
342,13,2011,1998,2,13.0,,4.0,,2017.0,,6.0,
342,15,2013,1998,2,10.0,,2.0,,2017.0,,4.0,
343,6,2018,2012,1,13.0,,7.0,,2019.0,,1.0,
343,7,2019,2012,1,9.0,0.316051,4.0,0.158,2020.0,2020.0,1.0,1.0
344,12,2012,2000,2,12.0,,4.0,,2017.0,,5.0,
345,8,2008,2000,1,12.0,,5.0,,2017.0,,9.0,
345,12,2012,2000,1,12.0,,2.0,,2017.0,,5.0,
346,6,2017,2011,1,10.0,,2.0,,2019.0,,2.0,
347,9,2009,2000,1,7.0,,1.0,,2017.0,,8.0,
347,12,2012,2000,1,12.0,,5.0,,2017.0,,5.0,
347,13,2013,2000,1,12.0,,1.0,,2017.0,,4.0,
347,14,2014,2000,1,12.0,,2.0,,2017.0,,3.0,
348,11,2008,1997,1,10.0,,2.0,,2017.0,,9.0,
348,12,2009,1997,1,12.0,,4.0,,2017.0,,8.0,
349,3,2011,2008,1,12.0,,4.0,,2017.0,,6.0,
349,5,2013,2008,1,8.0,,1.0,,2017.0,,4.0,
350,4,2017,2013,2,13.0,0.081382,1.0,0.145,2020.0,2020.0,3.0,3.0
351,3,2011,2008,2,16.0,0.532497,4.0,0.141,2017.0,2018.0,6.0,7.0
351,8,2016,2008,2,8.0,0.004876,1.0,0.107,2017.0,2018.0,1.0,2.0
351,9,2017,2008,2,12.0,0.0,3.0,0.357,2017.0,2018.0,0.0,1.0
351,10,2018,2008,2,10.0,0.63003,4.0,0.2,2018.0,2018.0,0.0,0.0
351,11,2019,2008,2,11.0,0.238423,1.0,0.158,2020.0,2020.0,1.0,1.0
352,6,2017,2011,1,13.0,0.448865,4.0,0.219,2018.0,2018.0,1.0,1.0
352,7,2018,2011,1,14.0,3.552008,6.0,0.627,2018.0,2018.0,0.0,0.0
352,8,2019,2011,1,11.0,0.445118,1.0,0.33,2020.0,2020.0,1.0,1.0
353,13,2008,1995,1,9.0,,3.0,,2017.0,,9.0,
353,14,2009,1995,1,12.0,,2.0,,2017.0,,8.0,
353,16,2011,1995,1,21.0,,6.0,,2017.0,,6.0,
353,18,2013,1995,1,14.0,,6.0,,2017.0,,4.0,
354,5,2018,2013,2,4.0,0.406873,1.0,0.109,2020.0,2018.0,2.0,0.0
354,6,2019,2013,2,11.0,0.346607,2.0,0.113,2020.0,2020.0,1.0,1.0
355,11,2009,1998,2,12.0,,4.0,,2017.0,,8.0,
355,12,2010,1998,2,10.0,,8.0,,2017.0,,7.0,
355,14,2012,1998,2,8.0,,8.0,,2017.0,,5.0,
356,7,2008,2001,1,12.0,,2.0,,2017.0,,9.0,
357,5,2017,2012,2,12.0,0.098797,2.0,0.204,2018.0,2018.0,1.0,1.0
357,6,2018,2012,2,10.0,0.97602,4.0,0.26,2018.0,2018.0,0.0,0.0
357,7,2019,2012,2,17.0,2.645414,6.0,0.378,2020.0,2020.0,1.0,1.0
358,8,2009,2001,1,14.0,0.28058,2.0,0.147,2017.0,2018.0,8.0,9.0
358,11,2012,2001,1,10.0,0.020579,1.0,0.117,2017.0,2018.0,5.0,6.0
358,15,2016,2001,1,10.0,0.196453,4.0,0.144,2017.0,2018.0,1.0,2.0
358,17,2018,2001,1,10.0,0.884244,6.0,0.187,2018.0,2018.0,0.0,0.0
358,18,2019,2001,1,11.0,0.398954,6.0,0.338,2020.0,2020.0,1.0,1.0
359,23,2017,1994,1,13.0,0.29678,2.0,0.168,2017.0,2017.0,0.0,0.0
360,3,2012,2009,2,12.0,,1.0,,2017.0,,5.0,
361,18,2019,2001,1,9.0,0.629841,5.0,0.316,2020.0,2020.0,1.0,1.0
362,8,2018,2010,2,11.0,,5.0,,2019.0,,1.0,
363,3,2016,2013,1,10.0,,1.0,,2017.0,,1.0,
363,4,2017,2013,1,13.0,,2.0,,2017.0,,0.0,
364,16,2017,2001,2,13.0,0.125947,2.0,0.124,2018.0,2018.0,1.0,1.0
364,17,2018,2001,2,11.0,0.571212,2.0,0.139,2018.0,2018.0,0.0,0.0
364,18,2019,2001,2,9.0,0.056953,1.0,0.125,2020.0,2020.0,1.0,1.0
365,9,2008,1999,1,,,3.0,,2017.0,,9.0,
365,10,2009,1999,1,12.0,,6.0,,2017.0,,8.0,
366,9,2008,1999,2,9.0,,3.0,,2017.0,,9.0,
367,4,2018,2014,2,,1.277032,,0.257,,2018.0,,0.0
368,9,2008,1999,2,16.0,,2.0,,2017.0,,9.0,
368,10,2009,1999,2,15.0,,5.0,,2017.0,,8.0,
369,9,2008,1999,2,12.0,,1.0,,2017.0,,9.0,
369,10,2009,1999,2,12.0,,1.0,,2017.0,,8.0,
369,13,2012,1999,2,9.0,,6.0,,2017.0,,5.0,
370,7,2008,2001,2,8.0,,4.0,,2017.0,,9.0,
370,12,2013,2001,2,,,1.0,,2017.0,,4.0,
371,4,2014,2010,1,15.0,,5.0,,2017.0,,3.0,
371,7,2017,2010,1,10.0,,1.0,,2017.0,,0.0,
372,4,2014,2010,2,12.0,,8.0,,2017.0,,3.0,
372,6,2016,2010,2,12.0,0.075252,1.0,0.189,2017.0,2017.0,1.0,1.0
372,7,2017,2010,2,16.0,0.402585,1.0,0.187,2017.0,2017.0,0.0,0.0
372,8,2018,2010,2,11.0,1.975931,4.0,0.225,2018.0,2018.0,0.0,0.0
372,9,2019,2010,2,11.0,0.456344,4.0,0.143,2020.0,2020.0,1.0,1.0
373,7,2013,2006,1,13.0,,6.0,,2018.0,,5.0,
373,12,2018,2006,1,11.0,,6.0,,2018.0,,0.0,
374,6,2019,2013,1,8.0,0.476512,3.0,0.208,2020.0,2020.0,1.0,1.0
375,3,2017,2014,2,12.0,0.446656,3.0,0.148,2018.0,2018.0,1.0,1.0
375,4,2018,2014,2,12.0,0.934494,5.0,0.213,2018.0,2018.0,0.0,0.0
375,5,2019,2014,2,9.0,0.057821,2.0,0.139,2020.0,2020.0,1.0,1.0
376,5,2017,2012,1,13.0,0.392481,3.0,0.156,2018.0,2018.0,1.0,1.0
376,6,2018,2012,1,11.0,1.014769,4.0,0.222,2018.0,2018.0,0.0,0.0
376,7,2019,2012,1,10.0,0.726995,4.0,0.299,2020.0,2020.0,1.0,1.0
377,13,2013,2000,1,13.0,0.825804,5.0,0.291,2017.0,2017.0,4.0,4.0
377,14,2014,2000,1,12.0,0.103,2.0,0.167,2017.0,2017.0,3.0,3.0
377,16,2016,2000,1,10.0,0.065332,1.0,0.134,2017.0,2017.0,1.0,1.0
377,17,2017,2000,1,12.0,0.0,1.0,0.128,2017.0,2017.0,0.0,0.0
378,5,2013,2008,2,10.0,,2.0,,2017.0,,4.0,
378,8,2016,2008,2,,,3.0,,2017.0,,1.0,
378,10,2018,2008,2,12.0,,2.0,,2018.0,,0.0,
378,11,2019,2008,2,15.0,1.375094,7.0,0.305,2020.0,2020.0,1.0,1.0
379,5,2017,2012,1,,0.189161,,0.129,,2018.0,,1.0
380,12,2018,2006,1,,0.893275,,0.247,,2018.0,,0.0
380,13,2019,2006,1,7.0,0.102321,1.0,0.115,2020.0,2020.0,1.0,1.0
381,6,2016,2010,2,9.0,0.0,1.0,0.12,2017.0,2018.0,1.0,2.0
381,7,2017,2010,2,14.0,0.138725,2.0,0.136,2017.0,2018.0,0.0,1.0
381,8,2018,2010,2,10.0,0.642418,5.0,0.193,2018.0,2018.0,0.0,0.0
381,9,2019,2010,2,11.0,0.366536,7.0,0.395,2020.0,2020.0,1.0,1.0
382,5,2019,2014,1,13.0,1.288853,4.0,0.138,2020.0,2020.0,1.0,1.0
383,4,2018,2014,1,10.0,0.283959,3.0,0.108,2020.0,2020.0,2.0,2.0
383,5,2019,2014,1,8.0,0.405196,6.0,0.164,2020.0,2020.0,1.0,1.0
384,7,2018,2011,1,7.0,0.216209,1.0,0.195,2020.0,2020.0,2.0,2.0
384,8,2019,2011,1,9.0,0.070011,1.0,0.1,2020.0,2020.0,1.0,1.0
385,4,2017,2013,2,10.0,0.021088,1.0,0.131,2018.0,2018.0,1.0,1.0
385,5,2018,2013,2,13.0,0.803754,5.0,0.238,2018.0,2018.0,0.0,0.0
385,6,2019,2013,2,11.0,0.63626,5.0,0.176,2020.0,2020.0,1.0,1.0
386,12,2011,1999,1,14.0,,6.0,,2017.0,,6.0,
387,14,2008,1994,1,9.0,,8.0,,2017.0,,9.0,
387,15,2009,1994,1,12.0,,4.0,,2017.0,,8.0,
387,20,2014,1994,1,12.0,,6.0,,2017.0,,3.0,
387,25,2019,1994,1,8.0,0.130629,2.0,0.155,2020.0,2020.0,1.0,1.0
388,10,2009,1999,1,8.0,,8.0,,2017.0,,8.0,
388,14,2013,1999,1,10.0,,2.0,,2017.0,,4.0,
389,3,2014,2011,2,2.0,0.897276,6.0,0.168,2020.0,2020.0,6.0,6.0
389,8,2019,2011,2,2.0,0.821219,6.0,0.423,2020.0,2020.0,1.0,1.0
390,10,2008,1998,1,12.0,,3.0,,2017.0,,9.0,
390,14,2012,1998,1,12.0,,1.0,,2017.0,,5.0,
391,21,2009,1988,2,10.0,,7.0,,2017.0,,8.0,
391,22,2010,1988,2,12.0,,2.0,,2017.0,,7.0,
392,15,2011,1996,1,13.0,,6.0,,2017.0,,6.0,
393,6,2018,2012,1,10.0,,3.0,,2019.0,,1.0,
394,9,2017,2008,1,8.0,,1.0,,2019.0,,2.0,
395,8,2019,2011,1,13.0,0.398954,2.0,0.142,2020.0,2020.0,1.0,1.0
396,3,2017,2014,1,12.0,0.080251,1.0,0.145,2018.0,2018.0,1.0,1.0
396,4,2018,2014,1,11.0,0.875683,6.0,0.234,2018.0,2018.0,0.0,0.0
396,5,2019,2014,1,14.0,1.163582,6.0,0.332,2020.0,2020.0,1.0,1.0
397,8,2009,2001,2,12.0,,2.0,,2017.0,,8.0,
398,15,2012,1997,1,12.0,,2.0,,2017.0,,5.0,
398,16,2013,1997,1,7.0,,1.0,,2017.0,,4.0,
398,20,2017,1997,1,15.0,,6.0,,2017.0,,0.0,
399,6,2017,2011,1,14.0,0.458456,6.0,0.365,2018.0,2018.0,1.0,1.0
399,7,2018,2011,1,11.0,0.70523,5.0,0.195,2018.0,2018.0,0.0,0.0
399,8,2019,2011,1,11.0,0.182586,1.0,0.148,2020.0,2020.0,1.0,1.0
400,16,2016,2000,1,10.0,,3.0,,2018.0,,2.0,
400,18,2018,2000,1,10.0,,1.0,,2018.0,,0.0,
400,19,2019,2000,1,8.0,0.084274,2.0,0.125,2020.0,2020.0,1.0,1.0
401,7,2018,2011,1,13.0,,5.0,,2019.0,,1.0,
401,8,2019,2011,1,8.0,0.244735,3.0,0.204,2020.0,2020.0,1.0,1.0
402,5,2018,2013,1,9.0,,3.0,,2019.0,,1.0,
403,3,2011,2008,2,13.0,,8.0,,2017.0,,6.0,
404,3,2011,2008,2,12.0,0.474442,4.0,0.163,2017.0,2018.0,6.0,7.0
404,5,2013,2008,2,10.0,,1.0,,2017.0,,4.0,
404,8,2016,2008,2,12.0,0.007651,1.0,0.111,2017.0,2018.0,1.0,2.0
404,10,2018,2008,2,19.0,1.849238,7.0,0.325,2018.0,2018.0,0.0,0.0
404,11,2019,2008,2,11.0,0.13921,2.0,0.107,2020.0,2020.0,1.0,1.0
405,5,2016,2011,2,10.0,,2.0,,2017.0,,1.0,
405,6,2017,2011,2,12.0,,1.0,,2017.0,,0.0,
406,5,2012,2007,1,12.0,,8.0,,2017.0,,5.0,
406,7,2014,2007,1,10.0,,5.0,,2017.0,,3.0,
406,11,2018,2007,1,17.0,,7.0,,2018.0,,0.0,
406,12,2019,2007,1,6.0,0.231443,1.0,0.194,2020.0,2020.0,1.0,1.0
407,10,2019,2009,2,11.0,0.426591,5.0,0.169,2020.0,2020.0,1.0,1.0
