FemaleID,ObsYear,FemaleCohort,AgeLastObs,Age,OffspringBirthWt,OffspringSex,OffspringCaptureAge,OffspringTwinStatus,BredYearling,EarlyLifeRec
2832,38,49,8,5,2.099999905,2,2,2,0,2
2832,38,49,8,5,1.799999952,1,2,2,0,2
17731,18,75,9,5,2.599999905,2,1,1,1,2
9968,18,75,10,5,2.700000048,1,2,1,1,1
13502,18,75,10,5,2.400000095,2,2,2,1,0
13502,18,75,10,5,2.200000048,2,2,2,1,0
1654,18,75,9,5,2.799999952,1,3,1,0,0
101,18,75,12,5,3.299999952,1,3,1,1,1
2832,18,49,8,6,2.200000048,2,1,1,0,2
1341,18,75,15,5,3.700000048,2,3,1,1,0
3453,89,93,11,5,2.900000095,2,3,1,1,1
6386,89,93,7,5,2.700000048,2,2,1,1,1
10018,89,93,8,5,2.299999952,2,1,1,0,1
13502,89,75,10,6,1.700000048,2,2,2,1,0
3875,89,49,10,7,1.899999976,2,2,1,0,1
16841,89,93,7,5,2,1,2,1,0,0
5140,89,93,8,5,3,1,2,1,0,1
17731,89,75,9,6,2.5,1,2,1,1,2
9968,89,75,10,6,2.900000095,2,2,1,1,1
101,89,75,12,6,2.900000095,2,1,1,1,1
3598,89,93,11,5,2.900000095,2,2,1,1,1
18306,89,93,8,5,2.099999905,1,2,1,1,1
1341,89,75,15,6,2.799999952,1,2,1,1,0
14641,89,93,11,5,3.200000048,2,3,1,1,1
15384,89,49,9,7,2.200000048,1,3,1,0,1
14014,89,93,7,5,2.900000095,2,2,1,1,1
6678,89,93,11,5,2.900000095,1,2,1,1,0
16743,89,93,10,5,1.700000048,2,3,2,1,2
13502,89,75,10,6,1.899999976,1,2,2,1,0
1654,89,75,9,6,2.700000048,1,2,1,0,0
16743,89,93,10,5,1.600000024,2,3,2,1,2
14609,89,93,8,5,1.700000048,1,3,2,1,1
19210,89,93,5,5,1.899999976,2,2,1,0,1
17000,89,75,11,6,1.799999952,2,0,1,0,0
17317,89,75,6,6,1.399999976,2,1,1,1,1
9065,89,93,5,5,1.5,1,0,2,1,1
9065,89,93,5,5,1.600000024,2,0,2,1,1
7337,89,93,7,5,1.600000024,2,1,1,1,2
3453,63,93,11,6,2.200000048,2,2,2,1,1
3453,63,93,11,6,2.200000048,2,2,2,1,1
15107,63,66,13,5,2.900000095,1,2,1,0,2
14641,63,93,11,6,3.400000095,1,2,1,1,1
17731,63,75,9,7,3.099999905,1,2,1,1,2
3875,63,49,10,8,1.5,1,3,2,0,1
3875,63,49,10,8,1.700000048,2,3,2,0,1
13502,63,75,10,7,3.299999952,1,3,1,1,0
18306,63,93,8,6,2.099999905,1,3,2,1,1
18306,63,93,8,6,2.200000048,1,3,2,1,1
7337,63,93,7,6,2.299999952,2,3,2,1,2
7337,63,93,7,6,2.700000048,2,3,2,1,2
16841,63,93,7,6,2.200000048,1,6,2,0,0
1341,63,75,15,7,2.599999905,2,3,2,1,0
1341,63,75,15,7,2.099999905,1,3,2,1,0
10018,63,93,8,6,3.700000048,2,4,1,0,1
14609,63,93,8,6,2.200000048,1,2,2,1,1
14609,63,93,8,6,2.299999952,2,2,2,1,1
7890,63,66,10,5,2.099999905,2,3,2,0,1
7890,63,66,10,5,1.799999952,1,3,2,0,1
1654,63,75,9,7,2.700000048,2,4,2,0,0
1654,63,75,9,7,2.5,1,4,2,0,0
9968,63,75,10,7,3.200000048,1,3,1,1,1
4338,63,66,10,5,2.900000095,1,3,1,0,1
6386,63,93,7,6,2.5,1,3,2,1,1
6386,63,93,7,6,1.799999952,1,3,2,1,1
17000,63,75,11,7,1.600000024,1,4,1,0,0
3598,63,93,11,6,3,2,3,1,1,1
2832,63,49,8,8,2.099999905,1,2,2,0,2
2832,63,49,8,8,2.400000095,2,2,2,0,2
16743,63,93,10,6,2.099999905,2,2,2,1,2
16743,63,93,10,6,2,1,2,2,1,2
101,63,75,12,7,3.400000095,2,2,1,1,1
10757,63,93,11,6,2.900000095,2,2,1,1,2
16326,63,66,9,5,2.5,2,1,1,0,2
19252,63,66,10,5,4,2,4,1,0,2
3869,63,66,10,5,2.5,1,1,1,0,1
16841,63,93,7,6,1.5,2,0,2,0,0
10509,4,90,9,5,2.099999905,1,4,1,1,1
18306,4,93,8,7,2.299999952,1,2,1,1,1
3453,4,93,11,7,3,2,2,1,1,1
15107,4,66,13,6,2.400000095,1,2,1,0,2
17751,4,90,6,5,2.099999905,2,2,1,1,1
15645,4,90,9,5,2.700000048,2,2,1,1,0
14685,4,90,9,5,2.099999905,1,2,1,1,3
7458,4,90,9,5,2,2,2,1,1,1
13502,4,75,10,8,2.900000095,2,2,1,1,0
14086,4,90,9,5,2.799999952,1,2,1,1,1
166,4,90,9,5,3,2,2,1,1,3
10018,4,93,8,7,1.600000024,2,2,2,0,1
10018,4,93,8,7,1.5,2,2,2,0,1
7337,4,93,7,7,2.900000095,1,2,1,1,2
12903,4,90,9,5,3.099999905,2,3,1,1,3
14609,4,93,8,7,2.700000048,2,2,1,1,1
16326,4,66,9,6,2.799999952,2,2,1,0,2
3875,4,49,10,9,1.899999976,1,2,1,0,1
4338,4,66,10,6,2.400000095,2,2,1,0,1
9968,4,75,10,8,2.5,2,2,1,1,1
14014,4,93,7,7,3,1,2,1,1,1
1341,4,75,15,8,1.399999976,2,2,1,1,0
7890,4,66,10,6,2.200000048,1,2,1,0,1
101,4,75,12,8,1.600000024,1,2,2,1,1
101,4,75,12,8,1.799999952,2,2,2,1,1
16743,4,93,10,7,1.5,1,3,2,1,2
16743,4,93,10,7,2.200000048,2,3,2,1,2
19231,4,66,10,6,2,2,3,2,0,2
19231,4,66,10,6,1.600000024,1,3,2,0,2
6386,4,93,7,7,1.700000048,1,3,2,1,1
6386,4,93,7,7,1.600000024,2,3,2,1,1
14641,4,93,11,7,2.599999905,1,2,1,1,1
16841,4,93,7,7,2,1,2,2,0,0
5140,4,93,8,7,1.899999976,2,3,2,0,1
5140,4,93,8,7,2.099999905,2,3,2,0,1
1654,4,75,9,8,2.599999905,2,2,1,0,0
9046,4,90,9,5,2.799999952,2,2,1,1,2
14608,4,93,11,7,2.099999905,1,2,1,0,1
3598,4,93,11,7,3.400000095,2,4,1,1,1
10757,4,93,11,7,2.799999952,2,2,1,1,2
17731,4,75,9,8,2.799999952,1,1,1,1,2
6678,4,93,11,7,3.099999905,1,2,1,1,0
7208,4,90,9,5,1.600000024,1,2,2,1,2
7208,4,90,9,5,0.800000012,1,1,2,1,2
7208,4,90,9,5,0.899999976,1,1,2,1,2
775,4,90,9,5,1.299999952,2,1,2,1,1
775,4,90,9,5,1.100000024,2,1,2,1,1
16841,4,93,7,7,1.5,1,1,2,0,0
11551,3,80,6,5,1.200000048,1,1,1,0,1
2739,3,80,11,5,1.700000048,1,4,1,1,2
15073,3,80,13,5,1.899999976,2,2,1,1,0
10509,3,90,9,6,2,1,2,1,1,1
4637,3,80,11,5,2.400000095,1,2,1,0,1
13241,3,80,11,5,2.5,1,2,1,0,1
5262,3,80,11,5,1.399999976,1,3,1,1,0
7489,3,80,12,5,1.799999952,2,2,1,1,1
9046,3,90,9,6,1.5,2,3,2,1,2
9046,3,90,9,6,1.5,2,3,2,1,2
2442,3,90,9,6,1.700000048,1,2,1,1,2
15762,3,80,7,5,2.099999905,2,2,1,1,2
15107,3,66,13,7,1.899999976,1,2,1,0,2
14685,3,90,9,6,1.799999952,1,2,1,1,3
3226,3,80,8,5,2.400000095,1,2,1,0,2
15645,3,90,9,6,2,2,2,1,1,0
7208,3,90,9,6,1.799999952,1,2,1,1,2
4790,3,80,7,5,1.600000024,2,2,2,1,0
4790,3,80,7,5,1.299999952,1,2,2,1,0
4212,3,80,8,5,2.599999905,1,4,1,1,0
3453,3,93,11,8,3,2,2,1,1,1
1370,3,80,8,5,1.600000024,1,2,2,1,2
2674,3,80,8,5,2,2,2,1,1,0
3504,3,80,10,5,1.399999976,1,2,2,1,0
3504,3,80,10,5,1.399999976,1,2,2,1,0
11371,3,80,8,5,2.400000095,1,2,1,0,0
166,3,90,9,6,1.399999976,1,2,1,1,3
2560,3,80,7,5,2.599999905,2,2,1,1,0
1264,3,80,11,5,2.099999905,1,2,1,0,2
14086,3,90,9,6,2.099999905,1,2,1,1,1
13502,3,75,10,9,1.600000024,2,2,2,1,0
13502,3,75,10,9,1.5,1,2,2,1,0
273,3,80,9,5,1.5,1,2,1,1,1
9968,3,75,10,9,1.700000048,2,2,1,1,1
4936,3,80,8,5,2.299999952,1,2,1,0,2
4338,3,66,10,7,2.400000095,1,2,1,0,1
2878,3,80,8,5,2.5,1,2,1,0,0
10428,3,80,6,5,2.099999905,1,2,1,0,0
17111,3,80,7,5,1.399999976,1,3,2,0,1
17111,3,80,7,5,1.399999976,2,3,2,0,1
6678,3,93,11,8,2.700000048,2,2,1,1,0
16743,3,93,10,8,2.799999952,2,2,1,1,2
101,3,75,12,9,2,1,2,1,1,1
13464,3,80,8,5,1.799999952,1,2,1,1,1
14641,3,93,11,8,2.200000048,1,2,1,1,1
3869,3,66,10,7,1.899999976,1,2,1,0,1
19231,3,66,10,7,1.200000048,1,2,2,0,2
19231,3,66,10,7,1.399999976,2,2,2,0,2
10460,3,80,12,5,2.400000095,1,2,1,0,0
8986,3,80,14,5,1.899999976,1,2,1,0,1
5430,3,90,9,6,2.200000048,2,2,1,0,1
10870,3,80,8,5,1.5,2,3,1,0,1
10018,3,93,8,8,2.700000048,2,1,1,0,1
3598,3,93,11,8,2.099999905,2,1,2,1,1
16326,3,66,9,7,2.900000095,2,1,1,0,2
11759,3,80,8,5,1.5,2,1,1,0,0
1341,3,75,15,9,1.200000048,1,1,1,1,0
7890,3,66,10,7,2,2,1,1,0,1
3598,3,93,11,8,1.5,1,1,2,1,1
1370,3,80,8,5,1.100000024,1,1,2,1,2
5430,46,90,9,7,2.200000048,2,1,1,0,1
15073,46,80,13,6,1.5,1,1,2,1,0
15073,46,80,13,6,1.200000048,2,1,2,1,0
10509,46,90,9,7,2.400000095,2,2,1,1,1
15107,46,66,13,8,2.5,1,2,1,0,2
101,46,75,12,10,2.900000095,1,2,1,1,1
2442,46,90,9,7,3,2,2,1,1,2
2878,46,80,8,6,2.400000095,1,1,1,0,0
9628,46,69,7,5,2.599999905,2,2,1,0,1
2674,46,80,8,6,2.299999952,1,2,1,1,0
13502,46,75,10,10,1.899999976,2,2,2,1,0
13502,46,75,10,10,2,2,2,2,1,0
1370,46,80,8,6,2.599999905,2,2,1,1,2
1264,46,80,11,6,2.799999952,2,2,1,0,2
15762,46,80,7,6,3.099999905,2,3,1,1,2
7489,46,80,12,6,2.900000095,2,3,1,1,1
3504,46,80,10,6,1.899999976,1,2,2,1,0
3504,46,80,10,6,1.799999952,1,2,2,1,0
2739,46,80,11,6,3,2,2,1,1,2
14953,46,80,8,6,3,1,2,1,1,1
10870,46,80,8,6,2.299999952,1,2,1,0,1
9046,46,90,9,7,2.700000048,1,2,1,1,2
14685,46,90,9,7,2.400000095,1,2,1,1,3
7458,46,90,9,7,3.200000048,2,2,2,1,1
422,46,69,7,5,2,1,2,2,0,2
422,46,69,7,5,1.299999952,2,2,2,0,2
4338,46,66,10,8,2.799999952,2,2,1,0,1
18850,46,69,7,5,3.200000048,2,1,1,1,1
7208,46,90,9,7,2.599999905,1,2,2,1,2
7208,46,90,9,7,2.299999952,2,2,2,1,2
14086,46,90,9,7,2.400000095,2,4,2,1,1
14086,46,90,9,7,2.299999952,2,4,2,1,1
15640,46,69,8,5,3.200000048,1,2,1,1,1
10428,46,80,6,6,2.599999905,2,0,1,0,0
17693,46,80,10,6,3,1,2,1,0,0
12939,46,69,8,5,3.400000095,2,1,1,1,1
7458,46,90,9,7,3,1,4,2,1,1
3869,46,66,10,8,2.599999905,1,0,1,0,1
16326,46,66,9,8,2.799999952,1,0,1,0,2
10757,46,93,11,9,2.400000095,1,2,1,1,2
15645,46,90,9,7,2.299999952,2,4,1,1,0
14641,46,93,11,9,3.200000048,1,2,1,1,1
8986,46,80,14,6,2.299999952,1,1,1,0,1
17822,46,69,6,5,2.200000048,2,0,1,1,1
19231,46,66,10,8,1.600000024,2,2,2,0,2
19231,46,66,10,8,1.600000024,1,2,2,0,2
7890,46,66,10,8,3.900000095,2,5,1,0,1
9894,46,69,8,5,2.400000095,2,2,2,0,0
9894,46,69,8,5,2,2,2,2,0,0
13241,46,80,11,6,3.200000048,2,3,1,0,1
11551,46,80,6,6,2,1,3,1,0,1
7351,46,80,8,6,4.199999809,1,7,1,1,1
775,46,90,9,7,3.200000048,1,3,1,1,1
10507,46,69,7,5,3.5,2,7,1,1,1
16743,46,93,10,9,2.200000048,1,7,2,1,2
273,46,80,9,6,5,2,11,1,1,1
19252,46,66,10,8,5,1,11,1,0,2
17111,46,80,7,6,4.599999905,1,20,1,0,1
3604,46,69,8,5,4.400000095,1,9,1,1,0
4790,46,80,7,6,2.099999905,2,1,2,1,0
4790,46,80,7,6,2.599999905,2,1,2,1,0
7489,66,80,12,7,1.5,2,2,1,1,1
10509,66,90,9,8,2.299999952,1,2,1,1,1
16326,66,66,9,9,2.400000095,2,2,1,0,2
18392,66,16,9,5,2.200000048,1,3,1,1,1
9628,66,69,7,6,2.299999952,1,2,1,0,1
13241,66,80,11,7,3.200000048,2,2,1,0,1
17111,66,80,7,7,2.5,2,3,1,0,1
9046,66,90,9,8,2.5,2,1,1,1,2
9082,66,16,6,5,1.600000024,2,2,1,0,0
1168,66,16,6,5,2,2,2,1,1,0
15107,66,66,13,9,2.599999905,1,1,1,0,2
15940,66,16,12,5,1.799999952,2,2,1,0,0
3504,66,80,10,7,1.600000024,2,2,2,1,0
3504,66,80,10,7,1.600000024,2,2,2,1,0
1370,66,80,8,7,3,2,2,1,1,2
422,66,69,7,6,2.200000048,1,2,1,0,2
11759,66,80,8,7,2,1,2,1,0,0
2739,66,80,11,7,3,2,2,1,1,2
3453,66,93,11,10,1.399999976,2,2,2,1,1
3453,66,93,11,10,1.899999976,1,2,2,1,1
4637,66,80,11,7,2,1,2,2,0,1
4637,66,80,11,7,2.599999905,2,2,2,0,1
15762,66,80,7,7,2.799999952,2,2,1,1,2
4218,66,16,6,5,1.600000024,2,3,2,0,0
4218,66,16,6,5,1.600000024,2,3,2,0,0
17674,66,69,10,6,2.299999952,2,2,1,0,0
2442,66,90,9,8,2.5,1,4,1,1,2
4790,66,80,7,7,1.5,1,1,2,1,0
4790,66,80,7,7,1.600000024,2,1,2,1,0
2720,66,16,6,5,2.400000095,1,3,1,0,0
17443,66,16,6,5,2.599999905,1,2,1,1,0
133,66,69,10,6,2.400000095,1,2,1,0,1
18850,66,69,7,6,1.700000048,2,2,2,1,1
18850,66,69,7,6,1.700000048,2,2,2,1,1
14348,66,16,9,5,1.799999952,1,2,1,1,1
2768,66,16,6,5,2.5,2,2,1,0,2
1405,66,16,7,5,2.5,1,2,1,0,1
15645,66,90,9,8,2.400000095,1,1,1,1,0
15640,66,69,8,6,2.700000048,2,1,1,1,1
18394,66,16,10,5,3,2,3,1,1,1
18835,66,16,6,5,1.5,1,2,2,1,1
18835,66,16,6,5,2,1,2,2,1,1
7458,66,90,9,8,2.400000095,2,2,1,1,1
7351,66,80,8,7,1.399999976,1,2,2,1,1
7351,66,80,8,7,1.799999952,2,2,2,1,1
4936,66,80,8,7,3.200000048,2,3,1,0,2
7989,66,16,12,5,3.099999905,2,2,1,1,1
4338,66,66,10,9,2.799999952,2,3,1,0,1
14685,66,90,9,8,1.899999976,1,2,1,1,3
2878,66,80,8,7,3,2,3,1,0,0
16961,66,69,10,6,2.5,1,2,1,1,1
7208,66,90,9,8,2.200000048,1,2,2,1,2
7208,66,90,9,8,2.200000048,1,2,2,1,2
376,66,80,11,7,2.299999952,1,3,1,0,1
1264,66,80,11,7,2.400000095,1,3,1,0,2
2612,66,80,8,7,2.799999952,2,2,1,1,1
101,66,75,12,11,2.200000048,2,3,1,1,1
17793,66,16,7,5,2.5,2,1,1,0,1
8986,66,80,14,7,2,1,3,1,0,1
7311,66,16,6,5,1.700000048,1,2,2,0,1
7311,66,16,6,5,1.899999976,1,2,2,0,1
12939,66,69,8,6,2.599999905,1,2,1,1,1
391,66,16,6,5,1.899999976,2,2,2,1,1
391,66,16,6,5,1.5,2,2,2,1,1
273,66,80,9,7,2.900000095,2,2,1,1,1
166,66,90,9,8,3,2,2,1,1,3
10127,66,16,9,5,1.600000024,1,2,2,1,0
10127,66,16,9,5,2.299999952,2,2,2,1,0
775,66,90,9,8,2,2,1,1,1,1
16684,66,16,9,5,3,1,2,1,1,0
12903,66,90,9,8,2.200000048,1,2,1,1,3
2674,66,80,8,7,2.200000048,1,2,1,1,0
13464,66,80,8,7,2.700000048,1,2,1,1,1
19231,66,66,10,9,1.5,1,2,2,0,2
19231,66,66,10,9,1.5,2,2,2,0,2
19570,66,16,11,5,2.400000095,1,5,1,0,1
17000,66,75,11,11,1.700000048,2,2,1,0,0
2560,66,80,7,7,2.700000048,2,5,1,1,0
16248,66,16,7,5,2.299999952,1,1,1,1,1
19252,66,66,10,9,3.099999905,2,5,1,0,2
14641,66,93,11,10,2.700000048,2,1,1,1,1
3604,66,69,8,6,1.899999976,2,2,2,1,0
3604,66,69,8,6,1.700000048,1,2,2,1,0
16743,66,93,10,10,2.400000095,1,3,1,1,2
14794,66,80,9,7,1.5,1,2,2,0,1
14794,66,80,9,7,1.799999952,2,2,2,0,1
15144,66,16,9,5,3.799999952,2,4,1,0,0
3226,66,80,8,7,3.5,2,8,1,0,2
16358,66,16,9,5,3,2,11,1,0,1
15073,66,80,13,7,3,1,11,1,1,0
11116,66,16,12,5,3.299999952,2,12,1,1,1
1567,66,16,7,5,1.899999976,1,3,2,1,2
1567,66,16,7,5,1.899999976,2,3,2,1,2
3598,66,93,11,10,3.5,2,6,1,1,1
1341,66,75,15,11,2.400000095,2,4,1,1,0
18961,66,16,6,5,1.799999952,2,3,2,1,1
18961,66,16,6,5,2,2,3,2,1,1
10460,66,80,12,7,2.299999952,2,1,1,0,0
9894,66,69,8,6,1.700000048,2,2,1,0,0
6447,66,69,9,6,3.400000095,2,0,1,1,1
14086,66,90,9,8,1.5,2,1,2,1,1
11000,61,78,9,5,1.100000024,1,2,2,0,0
15107,61,66,13,10,2.299999952,1,2,1,0,2
10509,61,90,9,9,2,1,1,1,1,1
8119,61,16,12,6,2.900000095,2,1,1,1,1
13241,61,80,11,8,2.5,1,1,1,0,1
18058,61,78,11,5,2,1,2,1,1,1
17443,61,16,6,6,3,2,2,1,1,0
391,61,16,6,6,1.700000048,2,1,2,1,1
9894,61,69,8,7,1.399999976,1,2,2,0,0
9894,61,69,8,7,1.5,2,2,2,0,0
14086,61,90,9,9,2.700000048,2,1,1,1,1
9046,61,90,9,9,1.5,1,2,2,1,2
9046,61,90,9,9,1.700000048,2,2,2,1,2
15640,61,69,8,7,2.900000095,1,1,1,1,1
2442,61,90,9,9,2.299999952,1,2,1,1,2
312,61,78,9,5,2.299999952,2,2,1,1,1
11203,61,78,8,5,2.599999905,2,1,1,0,1
7208,61,90,9,9,2.700000048,1,1,1,1,2
7989,61,16,12,6,2.700000048,1,1,1,1,1
18850,61,69,7,7,2.400000095,1,1,1,1,1
9082,61,16,6,6,1.700000048,2,1,1,0,0
18835,61,16,6,6,2.099999905,2,1,2,1,1
18835,61,16,6,6,1.600000024,1,1,2,1,1
273,61,80,9,8,1.5,2,3,2,1,1
273,61,80,9,8,1.5,1,3,2,1,1
18392,61,16,9,6,2.5,1,3,1,1,1
7489,61,80,12,8,1.700000048,2,2,1,1,1
11355,61,78,6,5,1.600000024,1,3,1,1,1
133,61,69,10,7,2.099999905,2,2,1,0,1
14186,61,78,8,5,2.200000048,1,5,2,0,1
14186,61,78,8,5,2.200000048,1,5,2,0,1
1370,61,80,8,8,1.600000024,1,2,1,1,2
19252,61,66,10,10,2.200000048,1,2,1,0,2
4936,61,80,8,8,1.799999952,2,4,1,0,2
18301,61,78,11,5,1.700000048,1,2,2,1,1
18301,61,78,11,5,1.700000048,1,2,2,1,1
16779,61,78,7,5,1.700000048,1,2,2,1,0
2694,61,78,8,5,1.799999952,1,2,2,1,0
2694,61,78,8,5,1.799999952,2,2,2,1,0
19231,61,66,10,10,1.700000048,2,2,2,0,2
19231,61,66,10,10,1.5,2,2,2,0,2
7933,61,69,7,7,2.200000048,1,2,1,0,1
15940,61,16,12,6,2.200000048,1,0,1,0,0
15066,61,78,11,5,1.799999952,1,1,1,1,1
9751,61,78,10,5,2,2,4,1,0,2
16961,61,69,10,7,2.900000095,2,2,1,1,1
2720,61,16,6,6,2.599999905,1,2,1,0,0
11000,61,78,9,5,1.299999952,1,2,2,0,0
11116,61,16,12,6,1.799999952,2,2,2,1,1
11116,61,16,12,6,1.200000048,2,2,2,1,1
15370,61,78,8,5,2.400000095,1,1,1,1,2
14953,61,80,8,8,2.299999952,1,2,1,1,1
898,61,78,5,5,2.700000048,1,1,1,1,1
17674,61,69,10,7,2.299999952,2,2,1,0,0
16229,61,78,12,5,3,2,1,1,1,1
12939,61,69,8,7,2.5,1,1,1,1,1
4218,61,16,6,6,2,2,2,2,0,0
4218,61,16,6,6,1.299999952,1,2,2,0,0
14348,61,16,9,6,2.200000048,2,2,1,1,1
1168,61,16,6,6,2.099999905,1,1,1,1,0
17793,61,16,7,6,1.899999976,1,2,1,0,1
10460,61,80,12,8,2.099999905,2,2,1,0,0
6447,61,69,9,7,2.799999952,2,3,1,1,1
3504,61,80,10,8,1.5,2,2,2,1,0
3504,61,80,10,8,1.600000024,1,2,2,1,0
16231,61,78,9,5,2.200000048,1,1,1,0,2
1264,61,80,11,8,2.299999952,1,2,1,0,2
18394,61,16,10,6,1.799999952,2,1,1,1,1
2739,61,80,11,8,2.299999952,2,1,1,1,2
12903,61,90,9,9,2,2,1,1,1,3
1405,61,16,7,6,2.700000048,1,2,1,0,1
1356,61,78,11,5,2.5,1,1,1,1,2
1567,61,16,7,6,2.400000095,2,1,1,1,2
19570,61,16,11,6,2.299999952,2,1,1,0,1
2186,61,69,7,7,2,2,1,1,0,0
10954,61,78,6,5,2.299999952,1,1,1,0,1
14685,61,90,9,9,2.799999952,2,2,1,1,3
2293,61,78,8,5,2.599999905,1,2,1,0,2
12435,61,78,5,5,2.599999905,2,2,1,0,1
8605,61,78,5,5,1.799999952,2,1,2,1,0
8605,61,78,5,5,1.899999976,2,1,2,1,0
16419,61,78,13,5,2,2,2,1,0,0
4338,61,66,10,10,2.400000095,2,1,1,0,1
13290,61,16,11,6,2.5,1,2,1,1,1
3629,61,78,6,5,1.799999952,2,1,2,0,0
3629,61,78,6,5,2.200000048,2,1,2,0,0
10131,61,78,11,5,1.399999976,2,1,1,0,1
14870,61,78,5,5,2.400000095,2,2,1,0,0
166,61,90,9,9,2.700000048,2,1,1,1,3
2878,61,80,8,8,2.299999952,1,1,1,0,0
10870,61,80,8,8,2.5,2,1,1,0,1
1529,61,16,7,6,2.200000048,1,2,1,1,1
14352,61,16,7,6,2.299999952,1,1,1,1,1
11759,61,80,8,8,2,2,3,1,0,0
10127,61,16,9,6,1.600000024,2,4,1,1,0
4637,61,80,11,8,1.899999976,2,2,2,0,1
4637,61,80,11,8,2,1,2,2,0,1
5927,61,78,9,5,2.599999905,1,2,1,1,1
7890,61,66,10,10,1.700000048,1,2,2,0,1
7890,61,66,10,10,1.600000024,1,2,2,0,1
10845,61,78,5,5,1.600000024,1,2,2,0,1
10845,61,78,5,5,1.5,1,2,2,0,1
2674,61,80,8,8,2.099999905,1,2,1,1,0
4212,61,80,8,8,3.5,2,9,1,1,0
2612,61,80,8,8,2.799999952,2,4,1,1,1
15144,61,16,9,6,2.900000095,1,2,1,0,0
8986,61,80,14,8,2.799999952,2,3,1,0,1
9199,61,78,5,5,2.299999952,2,1,1,0,0
16358,61,16,9,6,2.400000095,1,3,1,0,1
3598,61,93,11,11,2.900000095,2,5,1,1,1
13464,61,80,8,8,2.599999905,2,3,1,1,1
3604,61,69,8,7,1.299999952,1,1,2,1,0
3604,61,69,8,7,1.700000048,1,1,2,1,0
16684,61,16,9,6,1.799999952,2,2,2,1,0
16684,61,16,9,6,2.200000048,2,2,2,1,0
14794,61,80,9,8,2.599999905,2,1,1,0,1
10757,61,93,11,11,2.400000095,1,0,1,1,2
11938,61,80,11,8,2.099999905,2,5,1,0,0
775,61,90,9,9,1.299999952,2,6,2,1,1
775,61,90,9,9,1.600000024,2,6,2,1,1
1962,61,78,5,5,2.700000048,2,3,1,0,0
3226,61,80,8,8,3.200000048,1,5,1,0,2
14705,61,78,9,5,3.200000048,1,1,1,1,1
10507,61,69,7,7,2.099999905,2,5,1,1,1
6678,61,93,11,11,3,2,3,1,1,0
9628,61,69,7,7,1.299999952,2,1,2,0,1
2768,61,16,6,6,2.200000048,2,1,1,0,2
5262,61,80,11,8,0.800000012,1,0,1,1,0
14435,61,78,5,5,1.299999952,1,0,2,0,0
14435,61,78,5,5,1,1,0,2,0,0
391,61,16,6,6,1.100000024,1,1,2,1,1
16779,61,78,7,5,0.800000012,1,1,2,1,0
9628,61,69,7,7,1,2,1,2,0,1
13241,90,80,11,9,2.599999905,2,4,1,0,1
15370,90,78,8,6,2.5,1,4,1,1,2
312,90,78,9,6,2,2,1,1,1,1
6447,90,69,9,8,2,1,4,1,1,1
2739,90,80,11,9,1.899999976,1,1,1,1,2
16779,90,78,7,6,2.5,2,1,1,1,0
7190,90,97,10,5,2.5,2,3,1,0,1
18394,90,16,10,7,2.5,1,2,1,1,1
11203,90,78,8,6,2.200000048,1,3,1,0,1
15460,90,97,9,5,2.400000095,1,2,1,0,1
7489,90,80,12,9,1.399999976,2,5,1,1,1
4637,90,80,11,9,2.599999905,2,2,1,0,1
3504,90,80,10,9,2.400000095,2,2,1,1,0
5358,90,97,7,5,1.899999976,1,2,1,0,0
10127,90,16,9,7,2.099999905,2,3,1,1,0
11000,90,78,9,6,2.299999952,1,4,1,0,0
18058,90,78,11,6,2.799999952,2,5,1,1,1
16229,90,78,12,6,1.799999952,2,5,2,1,1
16229,90,78,12,6,1.399999976,1,5,2,1,1
10074,90,97,6,5,2.099999905,2,1,1,0,1
18392,90,16,9,7,2.700000048,1,5,1,1,1
10881,90,97,12,5,2.099999905,2,2,1,0,2
9826,90,78,8,6,1.399999976,1,3,1,0,1
7989,90,16,12,7,2.5,1,1,1,1,1
1264,90,80,11,9,2.599999905,2,5,1,0,2
8037,90,97,8,5,1.899999976,2,5,1,0,0
9751,90,78,10,6,3,2,3,1,0,2
16961,90,69,10,8,2.599999905,2,3,1,1,1
18301,90,78,11,6,1.700000048,2,4,2,1,1
18301,90,78,11,6,1.899999976,2,4,2,1,1
19570,90,16,11,7,1.5,2,1,1,0,1
16419,90,78,13,6,2.200000048,2,1,1,0,0
16231,90,78,9,6,2.700000048,1,1,1,0,2
15066,90,78,11,6,2.099999905,2,1,1,1,1
15913,90,97,10,5,2.200000048,2,3,1,0,2
10460,90,80,12,9,2.900000095,2,1,1,0,0
10954,90,78,6,6,2.200000048,1,4,1,0,1
1356,90,78,11,6,1.700000048,2,2,2,1,2
1356,90,78,11,6,1.5,2,2,2,1,2
13290,90,16,11,7,2.900000095,2,5,1,1,1
2293,90,78,8,6,2.099999905,1,4,1,0,2
133,90,69,10,8,1.600000024,2,10,1,0,1
2624,90,16,9,7,2.599999905,2,7,1,0,2
5927,90,78,9,6,2.299999952,1,4,1,1,1
14705,90,78,9,6,3,2,1,1,1,1
16684,90,16,9,7,2.099999905,1,3,1,1,0
15144,90,16,9,7,3,1,5,1,0,0
13541,90,97,8,5,2.799999952,1,2,1,0,1
6694,90,78,11,6,2.400000095,2,3,1,0,1
19626,90,78,11,6,2.400000095,2,2,1,0,0
15107,90,66,13,11,2.400000095,1,4,1,0,2
376,90,80,11,9,1.700000048,2,9,2,0,1
376,90,80,11,9,1.399999976,1,9,2,0,1
14348,90,16,9,7,1.200000048,1,0,1,1,1
14186,90,78,8,6,1.100000024,2,1,2,0,1
1567,90,16,7,7,1.5,2,2,1,1,2
2694,73,78,8,7,1.700000048,1,4,2,1,0
2694,73,78,8,7,1.799999952,1,4,2,1,0
133,73,69,10,9,1.799999952,1,2,1,0,1
2118,73,86,10,5,1.899999976,1,2,1,1,1
12775,73,86,9,5,2.349999905,2,2,1,1,0
10881,73,97,12,6,2,1,2,1,0,2
12038,73,97,7,6,2,1,2,1,1,0
18058,73,78,11,7,3.299999952,2,8,1,1,1
13241,73,80,11,10,3.150000095,1,2,1,0,1
6337,73,86,9,5,2.299999952,2,6,2,1,0
3504,73,80,10,10,1.399999976,1,2,2,1,0
3504,73,80,10,10,1.850000024,2,2,2,1,0
11000,73,78,9,7,1.5,2,4,2,0,0
11000,73,78,9,7,1.399999976,2,4,2,0,0
15370,73,78,8,7,1.899999976,2,2,2,1,2
15370,73,78,8,7,2,2,2,2,1,2
18394,73,16,10,8,2.599999905,1,1,1,1,1
16231,73,78,9,7,2.5,1,1,1,0,2
11203,73,78,8,7,3.5,2,5,1,0,1
1427,73,86,10,5,3,1,2,1,0,0
9751,73,78,10,7,1.899999976,2,3,1,0,2
15913,73,97,10,6,2.700000048,1,2,1,0,2
3521,73,86,9,5,2.299999952,2,2,1,1,1
9826,73,78,8,7,2.25,2,1,1,0,1
2739,73,80,11,10,2.099999905,2,2,1,1,2
1549,73,86,7,5,2.299999952,1,2,1,0,0
312,73,78,9,7,2.5,1,5,1,1,1
14348,73,16,9,8,2.349999905,1,2,1,1,1
16961,73,69,10,9,2.400000095,2,2,1,1,1
6400,73,86,6,5,3,2,2,1,0,0
2371,73,86,9,5,3,1,1,1,1,2
18301,73,78,11,7,1.799999952,1,1,2,1,1
18301,73,78,11,7,1.5,2,1,2,1,1
11425,73,86,6,5,2.200000048,1,2,2,1,0
11425,73,86,6,5,1.549999952,2,2,2,1,0
13290,73,16,11,8,2.799999952,1,3,1,1,1
5358,73,97,7,6,2,2,1,1,0,0
10127,73,16,9,8,2.700000048,2,3,1,1,0
3333,73,86,12,5,2.799999952,1,2,1,1,0
6447,73,69,9,9,4,1,8,1,1,1
19927,73,86,9,5,2.450000048,2,1,1,1,0
16229,73,78,12,7,1.899999976,1,2,2,1,1
15940,73,16,12,8,2.599999905,1,2,1,0,0
1356,73,78,11,7,1.700000048,1,2,2,1,2
1356,73,78,11,7,1.799999952,1,2,2,1,2
4637,73,80,11,10,2.200000048,1,2,2,0,1
4637,73,80,11,10,2.25,2,2,2,0,1
13039,73,86,7,5,2.599999905,1,1,1,0,0
7989,73,16,12,8,2,1,1,2,1,1
7989,73,16,12,8,1.899999976,1,1,2,1,1
16229,73,78,12,7,2.400000095,2,2,2,1,1
18392,73,16,9,8,3.5,1,7,1,1,1
12461,73,86,10,5,2.900000095,2,2,1,0,1
13839,73,86,9,5,2.900000095,1,5,1,0,0
13055,73,86,15,5,2.599999905,2,3,1,1,0
6441,73,86,11,5,2.599999905,1,1,1,1,0
16779,73,78,7,7,2.099999905,2,2,1,1,0
13795,73,86,6,5,2.700000048,2,4,1,0,0
10131,73,78,11,7,2.700000048,2,4,1,0,1
4984,73,86,6,5,1.600000024,1,1,2,1,1
4984,73,86,6,5,1.5,2,1,2,1,1
10074,73,97,6,6,2.299999952,2,2,1,0,1
2293,73,78,8,7,1.899999976,1,2,1,0,2
9150,73,86,10,5,2.900000095,2,3,1,1,2
15557,73,86,11,5,1.600000024,1,1,2,1,0
8119,73,16,12,8,4.599999905,1,10,1,1,1
10196,73,86,13,5,2.400000095,2,1,2,1,0
10196,73,86,13,5,2.5,2,1,2,1,0
12687,73,86,12,5,3.700000048,1,11,1,1,0
11116,73,16,12,8,2.400000095,2,2,1,1,1
14186,73,78,8,7,2.400000095,1,2,1,0,1
8986,73,80,14,10,2,1,2,1,0,1
9026,73,86,7,5,3.900000095,2,5,1,0,0
16233,73,86,7,5,2.799999952,1,2,1,0,0
16419,73,78,13,7,2.599999905,1,2,1,0,0
8313,73,86,6,5,3.599999905,2,9,1,1,1
16684,73,16,9,8,2.700000048,1,1,1,1,0
18869,73,86,9,5,2.099999905,1,1,2,1,0
18869,73,86,9,5,1.899999976,2,1,2,1,0
10460,73,80,12,10,2.5,1,1,1,0,0
5847,73,86,12,5,2.700000048,1,3,1,0,0
376,73,80,11,10,3.25,2,3,1,0,1
12358,73,86,8,5,3.200000048,1,4,1,0,0
17437,73,86,5,5,3.400000095,2,5,1,1,1
6694,73,78,11,7,3.099999905,2,6,1,0,1
6337,73,86,9,5,0.949999988,1,0,2,1,0
18335,73,86,12,5,0.699999988,1,0,1,0,0
15107,73,66,13,12,2,2,2,1,0,2
15557,73,86,11,5,1.549999952,1,1,2,1,0
15874,65,69,10,10,0.899999976,2,0,1,0,0
8986,65,80,14,11,0.800000012,2,0,2,0,1
12687,2,86,12,7,2.049999952,2,7,1,1,0
8119,2,16,12,10,2.099999905,2,4,1,1,1
10881,2,97,12,8,2.099999905,2,5,1,0,2
5051,2,30,10,5,2.200000048,2,4,1,0,1
17532,2,40,12,6,2.400000095,1,4,1,0,1
6337,2,86,9,7,1.799999952,1,6,1,1,0
1427,2,86,10,7,2.150000095,2,3,1,0,0
10289,2,30,11,5,1.700000048,1,6,2,0,2
10289,2,30,11,5,1.200000048,2,2,2,0,2
8977,2,30,9,5,1.700000048,2,3,1,0,1
14148,2,40,10,6,2.450000048,2,3,1,1,1
2371,2,86,9,7,2.299999952,1,2,1,1,2
16229,2,78,12,9,2.549999952,2,2,1,1,1
8720,2,30,12,5,2.150000095,2,6,1,0,1
18950,2,40,8,6,2.299999952,2,5,1,0,0
7489,2,80,12,12,1.75,2,5,1,1,1
15913,2,97,10,8,1.799999952,1,2,1,0,2
15940,2,16,12,10,1.950000048,1,3,1,0,0
15450,2,40,10,6,2.099999905,2,4,1,1,1
6441,2,86,11,7,2.75,1,2,1,1,0
2118,2,86,10,7,2.700000048,2,2,1,1,1
18058,2,78,11,9,2.700000048,2,5,1,1,1
16291,2,30,8,5,2.25,1,8,2,1,1
16291,2,30,8,5,0.850000024,1,2,2,1,1
16965,2,40,9,6,2.150000095,1,2,1,0,1
2741,2,30,8,5,1.75,2,8,1,0,1
3333,2,86,12,7,3,2,2,1,1,0
7989,2,16,12,10,2.25,2,2,1,1,1
19927,2,86,9,7,2.700000048,2,3,1,1,0
2740,2,30,9,5,1.799999952,1,2,1,0,1
13055,2,86,15,7,1.700000048,2,2,2,1,0
13055,2,86,15,7,1.600000024,1,2,2,1,0
3294,2,40,10,6,2.25,1,2,1,0,1
12775,2,86,9,7,2.349999905,2,1,1,1,0
18431,2,86,11,7,1.899999976,2,3,2,0,0
15460,2,97,9,8,2.299999952,1,3,1,0,1
12490,2,30,9,5,1.5,1,6,2,0,1
12490,2,30,9,5,1.399999976,1,6,2,0,1
15817,2,40,8,6,1.5,2,3,1,0,1
19263,2,30,9,5,2.5,2,3,1,0,1
15894,2,40,12,6,2.849999905,2,2,1,0,1
12358,2,86,8,7,1.899999976,1,2,1,0,0
18423,2,30,10,5,1.549999952,1,3,1,1,1
1107,2,30,9,5,2.450000048,2,2,1,1,2
9814,2,30,9,5,1.799999952,2,3,1,0,1
10698,2,30,11,5,1.950000048,2,1,1,0,0
3521,2,86,9,7,2.150000095,2,5,1,1,1
9751,2,78,10,9,2.099999905,1,3,1,0,2
14310,2,40,10,6,1.850000024,1,9,2,0,0
14310,2,40,10,6,1,1,1,2,0,0
8986,2,80,14,12,1.950000048,1,3,1,0,1
7045,2,30,9,5,2.200000048,1,2,1,0,0
1356,2,78,11,9,2.25,1,2,1,1,2
12461,2,86,10,7,3,2,2,1,0,1
2539,2,30,7,5,2.150000095,1,3,1,1,1
13290,2,16,11,10,1.700000048,1,4,1,1,1
10196,2,86,13,7,2.299999952,2,2,1,1,0
16728,2,40,10,6,2.299999952,1,2,1,0,1
16419,2,78,13,9,1.850000024,2,2,2,0,0
11116,2,16,12,10,1.600000024,1,5,1,1,1
18869,2,86,9,7,2.049999952,1,2,1,1,0
1334,2,40,9,6,1.899999976,2,4,1,0,1
6897,2,40,7,6,2.349999905,2,4,1,0,0
19780,2,40,12,6,2.950000048,1,9,1,0,0
7925,2,30,7,5,2.099999905,2,2,1,0,1
16923,2,40,8,6,3.099999905,1,2,1,0,1
295,2,30,7,5,2.150000095,2,6,1,0,0
15557,2,86,11,7,1.75,1,6,2,1,0
15557,2,86,11,7,1.5,2,6,2,1,0
16233,2,86,7,7,2.150000095,1,2,1,0,0
7114,2,40,8,6,2.799999952,2,3,1,0,1
3951,2,86,10,7,2.599999905,2,3,1,0,0
13839,2,86,9,7,2.799999952,2,3,1,0,0
17457,2,30,8,5,2.5,2,17,1,0,1
996,2,30,9,5,0.774999976,1,0,2,0,1
996,2,30,9,5,1.25,2,7,2,0,1
10131,2,78,11,9,0.875,2,1,1,0,1
14705,2,78,9,9,1.475000024,1,0,1,1,1
3810,2,40,6,6,1.299999952,2,1,1,0,1
9814,45,30,9,6,3.099999905,2,2,1,0,1
9150,45,86,10,8,2.5,2,2,2,1,2
10289,45,30,11,6,2.200000048,2,2,2,0,2
10289,45,30,11,6,1.5,1,2,2,0,2
2118,45,86,10,8,2.900000095,2,1,1,1,1
15817,45,40,8,7,2.5,1,1,1,0,1
15940,45,16,12,11,2.099999905,2,2,2,0,0
15940,45,16,12,11,1.200000048,1,2,2,0,0
10131,45,78,11,10,2,1,2,1,0,1
2741,45,30,8,6,2.799999952,2,1,1,0,1
9685,45,44,7,5,2.799999952,1,2,1,0,1
1427,45,86,10,8,2,2,2,2,0,0
1427,45,86,10,8,1.899999976,2,2,2,0,0
16419,45,78,13,10,1.899999976,1,2,2,0,0
16419,45,78,13,10,2,1,2,2,0,0
6337,45,86,9,8,1.600000024,1,2,2,1,0
6337,45,86,9,8,1.799999952,1,2,2,1,0
10648,45,44,6,5,2.5,2,2,1,0,0
17574,45,40,14,7,2.099999905,1,1,2,0,0
17574,45,40,14,7,1.600000024,1,1,2,0,0
14148,45,40,10,7,2.200000048,2,1,2,1,1
8720,45,30,12,6,2.5,1,1,1,0,1
12490,45,30,9,6,1.899999976,1,0,2,0,1
12490,45,30,9,6,1.600000024,1,0,2,0,1
3951,45,86,10,8,2.900000095,2,0,1,0,0
19570,45,16,11,11,2,1,1,1,0,1
1361,45,44,8,5,2.400000095,2,1,1,0,1
19463,45,44,8,5,2.5,1,3,1,0,1
8977,45,30,9,6,3.400000095,2,2,1,0,1
16229,45,78,12,10,2.099999905,2,2,2,1,1
16229,45,78,12,10,2.200000048,1,2,2,1,1
6441,45,86,11,8,2.200000048,2,1,1,1,0
16965,45,40,9,7,3.099999905,2,1,1,0,1
15913,45,97,10,9,1.799999952,1,4,2,0,2
15913,45,97,10,9,1.899999976,2,4,2,0,2
18431,45,86,11,8,1.799999952,1,0,2,0,0
18431,45,86,11,8,1.799999952,1,0,2,0,0
3333,45,86,12,8,1.700000048,2,0,2,1,0
3333,45,86,12,8,1.700000048,2,0,2,1,0
17920,45,44,7,5,2.700000048,1,3,1,1,1
18301,45,78,11,10,2.599999905,1,0,1,1,1
15557,45,86,11,8,2.799999952,2,1,1,1,0
10196,45,86,13,8,2.799999952,1,1,1,1,0
13839,45,86,9,8,3.299999952,2,4,1,0,0
5847,45,86,12,8,3.200000048,1,5,1,0,0
14310,45,40,10,7,4.400000095,2,7,1,0,0
2371,45,86,9,8,4.400000095,2,7,1,1,2
16728,45,40,10,7,2.599999905,1,1,1,0,1
7925,45,30,7,6,1.899999976,2,1,2,0,1
7925,45,30,7,6,2.200000048,1,1,2,0,1
7045,45,30,9,6,2.299999952,2,1,1,0,0
11116,45,16,12,11,1.600000024,1,2,1,1,1
15894,45,40,12,7,3,1,2,1,0,1
1356,45,78,11,10,2,2,2,2,1,2
1356,45,78,11,10,1.899999976,2,2,2,1,2
19626,45,78,11,10,2.900000095,1,2,1,0,0
18869,45,86,9,8,2.299999952,2,1,2,1,0
18869,45,86,9,8,1.899999976,1,1,2,1,0
8986,45,80,14,13,2.900000095,1,3,1,0,1
5051,45,30,10,6,2.299999952,2,1,2,0,1
5051,45,30,10,6,1.899999976,1,1,2,0,1
3547,45,40,9,7,2.299999952,2,2,1,0,0
996,45,30,9,6,2.5,2,3,2,0,1
996,45,30,9,6,1.899999976,2,3,2,0,1
6694,45,78,11,10,3,1,2,1,0,1
295,45,30,7,6,4,1,11,1,0,0
13290,45,16,11,11,3.5,1,8,1,1,1
10881,45,97,12,9,4.199999809,2,10,1,0,2
12358,45,86,8,8,2.599999905,1,2,1,0,0
18058,45,78,11,10,3.299999952,2,10,2,1,1
18058,45,78,11,10,3.5,1,12,2,1,1
1008,45,44,6,5,5.099999905,1,16,1,0,0
1107,45,30,9,6,4,2,8,1,1,2
16273,45,86,9,8,6,2,22,1,1,0
10698,45,30,11,6,4.900000095,1,17,1,0,0
9582,45,40,8,7,2.799999952,1,4,1,0,0
3521,45,86,9,8,4.300000191,2,6,1,1,1
18423,45,30,10,6,0.75,2,1,2,1,1
16851,5,35,6,5,1.799999952,1,1,1,0,0
17920,5,44,7,6,1.600000024,2,5,2,1,1
17920,5,44,7,6,1.600000024,1,5,2,1,1
9814,5,30,9,7,3,1,2,1,0,1
18869,5,86,9,9,2,2,3,2,1,0
18869,5,86,9,9,1.75,2,3,2,1,0
8986,5,80,14,14,1.700000048,2,4,1,0,1
17532,5,40,12,8,2.299999952,1,1,1,0,1
18620,5,35,6,5,3.200000048,1,3,1,0,1
16291,5,30,8,7,2.849999905,2,2,1,1,1
17457,5,30,8,7,2.599999905,1,2,1,0,1
14897,5,35,8,5,3,2,2,1,1,0
16871,5,40,8,8,2.5,2,2,1,0,1
6337,5,86,9,9,2.400000095,1,2,1,1,0
15940,5,16,12,12,2.299999952,1,1,1,0,0
10648,5,44,6,6,1.950000048,1,1,1,0,0
18386,5,35,7,5,2.900000095,2,2,1,1,1
2014,5,35,6,5,2.25,1,2,1,0,1
10289,5,30,11,7,1.899999976,2,1,2,0,2
10289,5,30,11,7,1.600000024,1,1,2,0,2
2991,5,35,12,5,2.799999952,1,2,1,1,2
9685,5,44,7,6,3,2,2,1,0,1
7925,5,30,7,7,1.549999952,1,1,2,0,1
7925,5,30,7,7,1.450000048,1,1,2,0,1
556,5,35,5,5,1.549999952,1,8,1,0,1
18058,5,78,11,11,1.649999976,2,2,2,1,1
18058,5,78,11,11,1.549999952,2,2,2,1,1
19927,5,86,9,9,1.950000048,2,1,2,1,0
19927,5,86,9,9,1.950000048,2,1,2,1,0
16229,5,78,12,11,1.450000048,2,2,2,1,1
16229,5,78,12,11,1.600000024,1,3,2,1,1
18269,5,44,12,6,1.600000024,1,2,2,1,1
18269,5,44,12,6,1.700000048,2,2,2,1,1
15817,5,40,8,8,2.900000095,1,2,1,0,1
2741,5,30,8,7,3.099999905,1,2,1,0,1
7193,5,35,10,5,3,1,2,1,0,1
17334,5,35,6,5,2.549999952,1,3,1,1,0
16618,5,35,5,5,1.850000024,1,2,2,1,0
16618,5,35,5,5,1.850000024,1,2,2,1,0
774,5,35,5,5,2.700000048,2,1,1,1,1
1008,5,44,6,6,2.900000095,2,2,1,0,0
841,5,44,8,6,2.5,2,3,1,0,1
8977,5,30,9,7,2.799999952,2,2,1,0,1
15557,5,86,11,9,1.700000048,1,0,2,1,0
15557,5,86,11,9,1.799999952,1,0,2,1,0
10706,5,35,8,5,2.150000095,2,1,2,1,1
10706,5,35,8,5,1.700000048,1,1,2,1,1
6441,5,86,11,9,4,2,5,1,1,0
6958,5,35,8,5,2.5,2,2,1,1,0
7509,5,35,12,5,1.850000024,1,4,2,0,1
7509,5,35,12,5,1.75,2,4,2,0,1
2118,5,86,10,9,2.900000095,2,3,1,1,1
3333,5,86,12,9,1.899999976,1,3,2,1,0
3333,5,86,12,9,2.299999952,2,3,2,1,0
13335,5,35,7,5,2.5,2,4,1,0,0
12775,5,86,9,9,2.25,2,3,2,1,0
3334,5,35,6,5,2.700000048,2,1,1,1,1
12490,5,30,9,7,1.950000048,1,2,2,0,1
12490,5,30,9,7,2,2,2,2,0,1
19463,5,44,8,6,1.850000024,1,2,1,0,1
7989,5,16,12,12,2.700000048,2,0,1,1,1
14310,5,40,10,8,1.799999952,2,5,2,0,0
14310,5,40,10,8,2.5,2,5,2,0,0
3951,5,86,10,9,3,1,1,1,0,0
3294,5,40,10,8,2.400000095,1,2,1,0,1
16965,5,40,9,8,2.400000095,1,2,1,0,1
7303,5,35,11,5,2.599999905,1,2,1,1,0
18301,5,78,11,11,2,2,3,2,1,1
18301,5,78,11,11,1.799999952,1,3,2,1,1
2740,5,30,9,7,2.799999952,1,5,1,0,1
1356,5,78,11,11,1.600000024,1,1,2,1,2
1356,5,78,11,11,1.700000048,1,1,2,1,2
3521,5,86,9,9,3.5,2,10,1,1,1
12461,5,86,10,9,2.799999952,1,1,1,0,1
2539,5,30,7,7,1.950000048,1,3,2,1,1
2539,5,30,7,7,1.549999952,2,3,2,1,1
1107,5,30,9,7,2.950000048,1,2,1,1,2
15894,5,40,12,8,3.200000048,2,3,1,0,1
1334,5,40,9,8,3.200000048,1,7,1,0,1
16419,5,78,13,11,3,2,1,1,0,0
16728,5,40,10,8,2.700000048,2,1,1,0,1
14148,5,40,10,8,3.700000048,1,10,1,1,1
19263,5,30,9,7,2.5,1,1,1,0,1
10698,5,30,11,7,4.099999905,2,13,1,0,0
13055,5,86,15,9,3.400000095,1,4,1,1,0
13839,5,86,9,9,2.5,2,1,1,0,0
2464,5,35,10,5,3,2,9,2,0,0
17574,5,40,14,8,3.400000095,2,14,2,0,0
5051,5,30,10,7,5.800000191,2,19,1,0,1
18431,5,86,11,9,4.599999905,1,12,1,0,0
6724,5,35,7,5,5.599999905,2,11,1,1,2
9582,5,40,8,8,3,1,4,1,0,0
18423,5,30,10,7,3.799999952,1,9,1,1,1
11116,5,16,12,12,1.600000024,2,2,1,1,1
1427,5,86,10,9,4.099999905,1,7,1,0,0
6285,5,40,11,8,1.899999976,2,4,2,0,2
6285,5,40,11,8,1.799999952,2,4,2,0,2
10131,5,78,11,11,3.200000048,2,18,1,0,1
19626,5,78,11,11,2.400000095,1,3,1,0,0
5847,5,86,12,9,4,2,16,1,0,0
18561,5,40,9,8,4.699999809,1,21,1,0,1
8720,5,30,12,7,5.800000191,1,20,1,0,1
10881,5,97,12,10,4.900000095,2,20,1,0,2
12687,17,86,12,10,2.299999952,1,2,1,1,0
14897,17,35,8,6,2.349999905,1,1,1,1,0
5051,17,30,10,8,2.799999952,1,6,1,0,1
2991,17,35,12,6,2.5,1,2,1,1,2
17532,17,40,12,9,2.099999905,1,2,1,0,1
10289,17,30,11,8,1.5,1,4,2,0,2
10289,17,30,11,8,1.549999952,1,0,2,0,2
10698,17,30,11,8,2.400000095,1,1,1,0,0
16291,17,30,8,8,2.450000048,2,2,1,1,1
18386,17,35,7,6,2.599999905,1,3,1,1,1
15617,17,89,9,5,2.299999952,2,1,1,0,1
5094,17,89,9,5,3.099999905,1,6,1,0,2
7209,17,89,11,5,3,1,1,1,1,1
14842,17,89,13,5,2.450000048,2,2,1,1,1
7848,17,35,9,6,2.200000048,2,2,1,1,0
8720,17,30,12,8,2.150000095,1,2,1,0,1
6429,17,89,11,5,2.400000095,2,2,1,1,1
12490,17,30,9,8,1.450000048,2,4,2,0,1
12490,17,30,9,8,1.450000048,2,4,2,0,1
7303,17,35,11,6,2.150000095,1,2,1,1,0
16419,17,78,13,12,1.75,2,1,1,0,0
3782,17,89,10,5,2.599999905,2,1,1,0,2
6615,17,89,8,5,2,1,1,1,0,2
841,17,44,8,7,2.200000048,1,2,1,0,1
1361,17,44,8,7,1.899999976,2,2,1,0,1
9540,17,89,6,5,2.400000095,1,1,1,0,1
3294,17,40,10,9,2.099999905,2,1,1,0,1
1343,17,89,10,5,2.299999952,2,1,1,1,2
4911,17,89,9,5,2.200000048,2,2,1,1,0
9814,17,30,9,8,1.5,2,5,2,0,1
14310,17,40,10,9,2.150000095,2,3,1,0,0
6441,17,86,11,10,2.700000048,1,2,1,1,0
3333,17,86,12,10,2.400000095,1,1,1,1,0
18269,17,44,12,7,2.900000095,2,2,1,1,1
18431,17,86,11,10,2.150000095,1,2,1,0,0
6958,17,35,8,6,2.599999905,1,2,1,1,0
15790,17,35,6,6,1.850000024,2,2,2,1,0
15790,17,35,6,6,1.5,1,2,2,1,0
6724,17,35,7,6,2.700000048,1,2,1,1,2
7193,17,35,10,6,2.599999905,1,1,1,0,1
16851,17,35,6,6,1.549999952,2,6,2,0,0
10513,17,89,11,5,1.399999976,1,4,2,0,2
10513,17,89,11,5,1.899999976,1,4,2,0,2
15970,17,89,9,5,2.599999905,1,3,1,0,2
14148,17,40,10,9,2.299999952,2,1,1,1,1
18162,17,89,9,5,2.799999952,1,5,1,0,0
16728,17,40,10,9,2.150000095,1,1,1,0,1
18787,17,35,15,6,2.599999905,2,1,1,1,2
15557,17,86,11,10,1.75,1,2,2,1,0
15557,17,86,11,10,1.600000024,1,2,2,1,0
18423,17,30,10,8,1.700000048,2,2,1,1,1
13055,17,86,15,10,2.799999952,2,2,1,1,0
1107,17,30,9,8,2.450000048,1,1,1,1,2
19263,17,30,9,8,2.5,2,2,1,0,1
19780,17,40,12,9,2.799999952,1,7,1,0,0
361,17,89,7,5,2.700000048,2,1,1,1,0
19414,17,89,9,5,2.150000095,1,2,1,0,1
10706,17,35,8,6,3.099999905,2,4,1,1,1
19463,17,44,8,7,1.899999976,1,2,1,0,1
4100,17,89,8,5,3.400000095,2,6,1,1,0
996,17,30,9,8,1.450000048,1,4,2,0,1
996,17,30,9,8,1.5,1,4,2,0,1
12461,17,86,10,10,2.349999905,2,1,1,0,1
15894,17,40,12,9,3,2,2,1,0,1
5998,17,89,8,5,2.099999905,1,6,1,0,1
1670,17,89,9,5,2.900000095,1,1,1,1,0
18405,17,89,6,5,2.099999905,1,2,1,0,2
4148,17,89,7,5,2.150000095,2,3,1,0,0
653,17,89,12,5,3.299999952,2,4,1,0,1
16220,17,89,9,5,3.799999952,1,17,1,1,1
7045,17,30,9,8,2.150000095,2,1,1,0,0
1392,17,89,7,5,3.400000095,2,12,1,1,1
19797,17,89,6,5,1.899999976,1,4,1,0,1
6815,17,89,6,5,2.5,2,2,1,0,1
12720,17,35,7,6,1.450000048,2,0,2,1,1
9814,17,30,9,8,1.25,2,0,2,0,1
7509,17,35,12,6,1.25,2,0,2,0,1
11777,17,89,11,5,2.150000095,2,0,1,1,1
2464,17,35,10,6,0.649999976,1,0,2,0,0
2740,17,30,9,8,0.949999988,1,1,1,0,1
11838,17,89,13,5,0.600000024,1,0,1,1,0
5847,17,86,12,10,1.700000048,1,1,1,0,0
9814,71,30,9,9,2.25,2,2,2,0,1
9814,71,30,9,9,1.5,1,2,2,0,1
5094,71,89,9,6,2.5,2,3,1,0,2
2464,71,35,10,7,2.400000095,2,2,1,0,0
5051,71,30,10,9,1.700000048,1,5,2,0,1
5051,71,30,10,9,1.700000048,1,5,2,0,1
14842,71,89,13,6,2.150000095,2,1,1,1,1
8977,71,30,9,9,2.400000095,2,1,1,0,1
14897,71,35,8,7,2.400000095,2,1,1,1,0
3782,71,89,10,6,2.700000048,2,1,1,0,2
841,71,44,8,8,2.400000095,1,1,1,0,1
17532,71,40,12,10,1.75,1,5,1,0,1
12490,71,30,9,9,1.549999952,2,1,1,0,1
12720,71,35,7,7,1.600000024,2,1,2,1,1
12720,71,35,7,7,1.649999976,2,1,2,1,1
10289,71,30,11,9,1.600000024,1,4,2,0,2
10289,71,30,11,9,1.350000024,1,4,2,0,2
8720,71,30,12,9,2.150000095,1,2,1,0,1
7209,71,89,11,6,3,2,1,1,1,1
1343,71,89,10,6,1.299999952,1,0,2,1,2
2991,71,35,12,7,2.599999905,2,2,1,1,2
6958,71,35,8,7,2.25,1,2,1,1,0
1343,71,89,10,6,1.600000024,2,2,2,1,2
15970,71,89,9,6,2.700000048,1,3,1,0,2
14148,71,40,10,10,1.399999976,1,3,2,1,1
14148,71,40,10,10,1.600000024,2,3,2,1,1
19463,71,44,8,8,1.799999952,2,1,1,0,1
15557,71,86,11,11,1.799999952,1,2,2,1,0
15557,71,86,11,11,1.700000048,1,2,2,1,0
4911,71,89,9,6,2.400000095,2,2,1,1,0
18386,71,35,7,7,1.450000048,1,3,1,1,1
16728,71,40,10,10,2.400000095,2,1,1,0,1
11777,71,89,11,6,2.5,2,2,2,1,1
11777,71,89,11,6,1.299999952,1,2,2,1,1
1684,71,11,9,5,2.400000095,1,1,1,0,1
16124,71,35,7,7,2.099999905,1,1,1,0,1
6429,71,89,11,6,2.400000095,1,2,1,1,1
15617,71,89,9,6,2.799999952,2,4,1,0,1
361,71,89,7,6,2,2,1,1,1,0
7303,71,35,11,7,2.099999905,2,2,1,1,0
18405,71,89,6,6,1.600000024,2,1,2,0,2
18405,71,89,6,6,1.700000048,2,1,2,0,2
18431,71,86,11,11,2,2,1,2,0,0
18431,71,86,11,11,1.5,1,1,2,0,0
2740,71,30,9,9,2.299999952,1,1,1,0,1
3333,71,86,12,11,2.599999905,2,1,1,1,0
1670,71,89,9,6,2.349999905,2,0,1,1,0
1361,71,44,8,8,2.700000048,2,5,1,0,1
9540,71,89,6,6,1.700000048,2,3,2,0,1
10706,71,35,8,7,3.200000048,1,3,1,1,1
7509,71,35,12,7,2,2,2,2,0,1
4148,71,89,7,6,2,2,1,2,0,0
4148,71,89,7,6,2,2,1,2,0,0
13774,71,11,8,5,2.700000048,1,2,1,1,1
653,71,89,12,6,2.950000048,2,2,1,0,1
6615,71,89,8,6,2.5,1,1,1,0,2
7045,71,30,9,9,1.700000048,1,1,1,0,0
996,71,30,9,9,1.700000048,2,1,2,0,1
7193,71,35,10,7,3,2,1,1,0,1
1107,71,30,9,9,2.400000095,1,1,1,1,2
1392,71,89,7,6,1.5,1,2,2,1,1
1392,71,89,7,6,1.399999976,1,2,2,1,1
5847,71,86,12,11,2.299999952,1,1,1,0,0
19263,71,30,9,9,2.599999905,1,1,1,0,1
16581,71,11,10,5,2.900000095,2,1,1,0,1
19414,71,89,9,6,2.099999905,2,3,2,0,1
15082,71,11,9,5,1.899999976,1,1,1,1,2
13055,71,86,15,11,3.299999952,1,3,1,1,0
10881,71,97,12,12,2.5,1,6,1,0,2
15450,71,40,10,10,3.099999905,1,13,1,1,1
18787,71,35,15,7,1.600000024,2,8,2,1,2
10513,71,89,11,6,2.549999952,2,2,1,0,2
19797,71,89,6,6,1.299999952,2,2,1,0,1
8093,71,11,10,5,3.200000048,2,4,1,0,0
5094,58,89,9,7,2.299999952,2,2,1,0,2
17505,58,84,9,5,2.200000048,2,1,1,1,0
12687,58,86,12,12,1.799999952,2,2,1,1,0
5051,58,30,10,10,1.5,1,0,2,0,1
5051,58,30,10,10,1.549999952,2,0,2,0,1
6807,58,84,7,5,2.099999905,2,1,1,0,0
5021,58,84,9,5,1.600000024,1,2,2,0,1
3166,58,84,8,5,2.200000048,1,2,1,0,0
17532,58,40,12,11,1.75,1,2,1,0,1
18745,58,84,6,5,2,2,1,2,1,0
18745,58,84,6,5,1.899999976,1,1,2,1,0
729,58,84,9,5,2.400000095,1,1,1,1,1
19301,58,84,9,5,1.399999976,1,1,2,1,2
19301,58,84,9,5,1.5,1,1,2,1,2
2991,58,35,12,8,2.200000048,1,1,1,1,2
3782,58,89,10,7,2.400000095,2,1,1,0,2
6429,58,89,11,7,1,1,0,2,1,1
4907,58,84,9,5,2.049999952,1,3,1,1,1
16220,58,89,9,7,1.600000024,1,3,2,1,1
1551,58,84,10,5,2.450000048,2,2,1,0,0
10513,58,89,11,7,1.549999952,2,5,2,0,2
10513,58,89,11,7,1.399999976,1,5,2,0,2
11777,58,89,11,7,1.950000048,1,1,1,1,1
15498,58,84,9,5,2.650000095,2,1,1,1,2
5224,58,84,8,5,1.399999976,1,1,2,1,1
15970,58,89,9,7,2.299999952,2,3,1,0,2
15617,58,89,9,7,2.5,2,3,1,0,1
7209,58,89,11,7,3,1,3,1,1,1
16534,58,84,10,5,2.5,2,2,1,1,0
4911,58,89,9,7,2,1,1,1,1,0
653,58,89,12,7,2.049999952,2,3,2,0,1
653,58,89,12,7,0.899999976,1,1,2,0,1
7193,58,35,10,8,2.25,2,3,1,0,1
11838,58,89,13,7,0.925000012,2,0,2,1,0
14066,58,84,9,5,2.349999905,1,1,1,1,1
6615,58,89,8,7,2.049999952,2,2,1,0,2
4087,58,84,9,5,1.75,1,2,1,0,0
6429,58,89,11,7,2,2,4,2,1,1
10706,58,35,8,8,1.850000024,1,1,2,1,1
10706,58,35,8,8,2.099999905,1,1,2,1,1
13711,58,11,10,6,1.850000024,2,3,2,0,1
13711,58,11,10,6,2.099999905,2,3,2,0,1
15516,58,84,5,5,2.650000095,2,3,1,1,2
14842,58,89,13,7,2.450000048,2,2,1,1,1
519,58,84,8,5,2,1,2,1,0,0
7848,58,35,9,8,2.700000048,2,4,1,1,0
4100,58,89,8,7,2.450000048,2,3,1,1,0
15351,58,84,9,5,2.349999905,2,3,1,1,0
19918,58,84,9,5,1.450000048,2,2,2,0,0
19918,58,84,9,5,1.450000048,1,2,2,0,0
3309,58,84,8,5,2.349999905,1,5,1,1,1
19414,58,89,9,7,1.975000024,1,3,1,0,1
8297,58,84,9,5,2.349999905,2,1,1,0,1
13774,58,11,8,6,2.700000048,1,4,1,1,1
1670,58,89,9,7,2.200000048,2,2,2,1,0
1670,58,89,9,7,1.649999976,2,2,2,1,0
18423,58,30,10,10,1.700000048,2,2,1,1,1
7303,58,35,11,8,1.75,2,4,1,1,0
9494,58,84,9,5,4.050000191,2,8,1,0,1
18269,58,44,12,9,1.75,2,3,1,1,1
1343,58,89,10,7,1.899999976,1,6,2,1,2
1343,58,89,10,7,1.149999976,2,1,2,1,2
15200,58,84,10,5,1.549999952,1,5,2,1,0
15200,58,84,10,5,1.774999976,2,5,2,1,0
5212,58,84,9,5,3.099999905,2,5,1,1,0
15894,58,40,12,11,2.450000048,2,3,1,0,1
14436,58,84,9,5,2.549999952,2,1,1,1,2
15727,58,84,7,5,2.099999905,2,2,2,1,0
11376,58,84,9,5,3.299999952,1,9,1,1,0
7509,58,35,12,8,1.899999976,1,2,1,0,1
16581,58,11,10,6,3.450000048,2,8,1,0,1
15082,58,11,9,6,2.299999952,1,2,1,1,2
1684,58,11,9,6,1.700000048,2,1,2,0,1
1684,58,11,9,6,1.75,1,1,2,0,1
19780,58,40,12,11,0.949999988,2,0,2,0,0
18787,58,35,15,8,1.200000048,2,1,1,1,2
5224,58,84,8,5,0.75,2,13,2,1,1
19311,48,70,7,5,1.5,1,2,2,1,0
19311,48,70,7,5,1.549999952,2,2,2,1,0
4907,48,84,9,6,2.200000048,2,3,1,1,1
10289,48,30,11,11,1.450000048,1,2,1,0,2
18837,48,70,8,5,2.700000048,2,1,1,1,1
5094,48,89,9,8,2.400000095,1,2,1,0,2
729,48,84,9,6,2.150000095,1,1,1,1,1
10733,48,70,8,5,2.349999905,1,1,1,1,0
10513,48,89,11,8,2.450000048,1,1,1,0,2
8326,48,70,8,5,2.599999905,1,3,1,1,1
15498,48,84,9,6,2.450000048,2,1,1,1,2
17505,48,84,9,6,2.349999905,2,1,1,1,0
5547,48,70,11,5,2.599999905,1,2,1,1,1
6807,48,84,7,6,2.049999952,2,1,1,0,0
5021,48,84,9,6,2.450000048,2,1,1,0,1
13173,48,70,7,5,2.349999905,1,1,1,0,0
2991,48,35,12,9,2.400000095,2,1,1,1,2
1343,48,89,10,8,1.399999976,2,2,2,1,2
1343,48,89,10,8,1.049999952,1,2,2,1,2
7657,48,84,9,6,2.5,2,2,1,0,0
10698,48,30,11,11,1.850000024,1,2,1,0,0
3309,48,84,8,6,1.25,2,1,2,1,1
3309,48,84,8,6,1.399999976,2,1,2,1,1
18745,48,84,6,6,2.049999952,1,1,2,1,0
18745,48,84,6,6,2.099999905,2,1,2,1,0
18269,48,44,12,10,2.299999952,1,1,1,1,1
19467,48,70,11,5,3,1,3,1,1,0
16220,48,89,9,8,1.5,2,3,2,1,1
16220,48,89,9,8,1.350000024,1,3,2,1,1
15617,48,89,9,8,1.450000048,1,1,1,0,1
7209,48,89,11,8,2.650000095,1,2,1,1,1
5352,48,70,7,5,2.049999952,1,1,1,1,1
14842,48,89,13,8,2.549999952,1,1,1,1,1
15351,48,84,9,6,2.400000095,2,1,1,1,0
5805,48,70,8,5,2.799999952,1,5,1,0,1
10412,48,70,7,5,2.375,2,2,1,1,0
10062,48,70,8,5,1.450000048,1,2,2,1,0
10062,48,70,8,5,1.649999976,1,2,2,1,0
10016,48,70,8,5,2.200000048,1,4,1,0,0
7139,48,70,8,5,2.700000048,1,1,1,1,0
19301,48,84,9,6,1.549999952,2,1,2,1,2
19301,48,84,9,6,1.799999952,1,1,2,1,2
3513,48,70,8,5,1.600000024,2,2,1,0,0
1804,48,70,8,5,1.600000024,2,3,2,1,1
1804,48,70,8,5,1.450000048,2,3,2,1,1
3879,48,70,8,5,2.599999905,1,5,1,1,1
4030,48,70,8,5,3.049999952,1,2,1,1,0
3166,48,84,8,6,3.099999905,2,4,1,0,0
2958,48,70,8,5,2.650000095,2,3,1,1,0
11777,48,89,11,8,1.549999952,1,2,2,1,1
11777,48,89,11,8,1.5,2,2,2,1,1
13096,48,84,6,6,2.150000095,1,3,1,1,0
15200,48,84,10,6,1.549999952,1,1,2,1,0
15200,48,84,10,6,1.75,2,1,2,1,0
19414,48,89,9,8,2.200000048,2,2,1,0,1
7303,48,35,11,9,1.700000048,2,1,1,1,0
5212,48,84,9,6,2.200000048,1,2,1,1,0
2094,48,70,12,5,2.200000048,2,1,1,1,0
19776,48,70,8,5,1.850000024,1,2,2,1,0
19776,48,70,8,5,1.799999952,2,2,2,1,0
7193,48,35,10,9,2.450000048,1,2,1,0,1
4087,48,84,9,6,1.75,1,3,1,0,0
5960,48,70,8,5,2.950000048,1,1,1,1,1
16400,48,70,7,5,2.599999905,1,3,1,1,0
4911,48,89,9,8,2.599999905,2,2,1,1,0
16239,48,70,10,5,2.650000095,1,2,1,1,0
8493,48,70,7,5,2.349999905,1,2,1,1,0
8136,48,70,8,5,2.950000048,1,4,1,1,0
14066,48,84,9,6,2.650000095,2,1,1,1,1
9494,48,84,9,6,2.799999952,2,4,1,0,1
7839,48,70,11,5,1.825000048,1,2,2,1,0
13711,48,11,10,7,2.950000048,1,5,1,0,1
4314,48,70,8,5,2.400000095,1,2,1,0,1
11562,48,70,9,5,2.25,1,2,1,1,0
14436,48,84,9,6,1.350000024,1,1,1,1,2
3782,48,89,10,8,2.700000048,1,2,1,0,2
1705,48,70,8,5,3,1,5,1,1,0
17561,48,70,8,5,2.900000095,2,4,1,1,0
19803,48,84,9,6,2.599999905,1,9,1,1,0
7977,48,70,8,5,1.75,2,3,2,0,1
7977,48,70,8,5,1.450000048,1,3,2,0,1
4365,48,70,7,5,2.400000095,1,5,1,1,0
5224,48,84,8,6,2.799999952,2,2,1,1,1
10117,48,70,7,5,3.049999952,1,4,1,1,0
1684,48,11,9,7,1.649999976,1,1,2,0,1
1684,48,11,9,7,1.850000024,1,1,2,0,1
1670,48,89,9,8,1.950000048,1,2,2,1,0
1670,48,89,9,8,1.575000048,1,2,2,1,0
8720,48,30,12,11,3.150000095,2,5,1,0,1
19911,48,70,5,5,3,2,3,1,0,1
16534,48,84,10,6,3.400000095,1,5,1,1,0
11238,48,70,9,5,1.850000024,2,2,2,1,1
10795,48,70,8,5,2.650000095,1,4,1,1,2
7839,48,70,11,5,2.599999905,2,6,2,1,0
2810,48,70,8,5,1.25,2,1,2,0,0
2810,48,70,8,5,1.5,1,1,2,0,0
13774,48,11,8,7,3.400000095,2,7,1,1,1
9941,48,70,8,5,3.25,2,7,1,0,0
11838,48,89,13,8,2,1,1,1,1,0
16945,48,70,14,5,2.599999905,1,1,1,1,0
6615,48,89,8,8,1.899999976,2,2,2,0,2
6615,48,89,8,8,1.100000024,1,2,2,0,2
3632,48,70,11,5,3.099999905,1,6,1,1,0
4379,48,70,16,5,2.25,1,2,1,0,0
8297,48,84,9,6,2.400000095,1,3,1,0,1
14080,48,70,7,5,2.599999905,1,3,1,1,1
14271,48,70,8,5,3.099999905,1,12,1,0,2
15082,48,11,9,7,3.200000048,2,3,1,1,2
11376,48,84,9,6,3.400000095,1,10,1,1,0
7091,48,70,8,5,2.650000095,1,2,1,1,1
1551,48,84,10,6,2.650000095,2,6,1,0,0
882,48,70,10,5,3.5,1,5,1,0,1
1803,48,84,7,6,2.549999952,1,10,1,0,0
15894,48,40,12,12,2.650000095,2,2,1,0,1
15970,48,89,9,8,2.900000095,1,3,1,0,2
15727,48,84,7,6,0.899999976,2,0,1,1,0
19780,48,40,12,12,1.649999976,2,0,1,0,0
4087,86,84,9,7,1.950000048,1,5,1,0,0
17505,86,84,9,7,2.549999952,2,3,1,1,0
729,86,84,9,7,1.950000048,1,1,1,1,1
8326,86,70,8,6,2.900000095,1,3,1,1,1
5547,86,70,11,6,3.099999905,2,4,1,1,1
5094,86,89,9,9,2.5,2,3,1,0,2
4907,86,84,9,7,1.799999952,2,3,1,1,1
18837,86,70,8,6,2.599999905,1,1,1,1,1
10513,86,89,11,9,2.5,2,2,1,0,2
10733,86,70,8,6,3.200000048,1,5,1,1,0
15351,86,84,9,7,2.5,2,2,1,1,0
5224,86,84,8,7,2.5,1,3,1,1,1
19311,86,70,7,6,1.399999976,1,11,2,1,0
19311,86,70,7,6,2.299999952,1,11,2,1,0
7977,86,70,8,6,2.799999952,2,3,1,0,1
15082,86,11,9,8,2.400000095,2,1,1,1,2
8136,86,70,8,6,2.900000095,1,2,1,1,0
13668,86,70,13,6,2.650000095,2,1,1,0,0
9494,86,84,9,7,2.650000095,1,4,1,0,1
15498,86,84,9,7,3,2,1,1,1,2
8493,86,70,7,6,2.400000095,1,2,1,1,0
5805,86,70,8,6,1.700000048,2,4,2,0,1
5212,86,84,9,7,2.150000095,2,2,1,1,0
6429,86,89,11,9,2.049999952,1,1,1,1,1
14842,86,89,13,9,1.950000048,1,1,1,1,1
19467,86,70,11,6,3.150000095,1,5,1,1,0
18333,86,91,10,5,2.099999905,1,2,1,0,1
15200,86,84,10,7,1.899999976,1,2,2,1,0
15200,86,84,10,7,1.600000024,1,2,2,1,0
11777,86,89,11,9,2.549999952,2,2,1,1,1
1804,86,70,8,6,1.649999976,2,4,2,1,1
1804,86,70,8,6,1.75,2,4,2,1,1
4314,86,70,8,6,2.849999905,2,1,1,0,1
1705,86,70,8,6,2,1,4,2,1,0
1705,86,70,8,6,1.850000024,1,4,2,1,0
519,86,84,8,7,2.799999952,1,2,1,0,0
10795,86,70,8,6,2.150000095,2,2,2,1,2
10795,86,70,8,6,1.950000048,2,2,2,1,2
16534,86,84,10,7,3,2,3,1,1,0
16327,86,91,7,5,2.25,1,2,1,0,0
4379,86,70,16,6,1.899999976,1,3,1,0,0
7139,86,70,8,6,3.150000095,2,2,1,1,0
15727,86,84,7,7,2,1,1,2,1,0
15727,86,84,7,7,2.150000095,1,1,2,1,0
3513,86,70,8,6,2.25,2,3,1,0,0
10230,86,70,13,6,1.899999976,2,1,2,1,1
10230,86,70,13,6,1.799999952,1,1,2,1,1
13573,86,91,7,5,3.299999952,2,5,1,0,0
14436,86,84,9,7,2.799999952,1,1,1,1,2
6807,86,84,7,7,2.200000048,1,1,1,0,0
8093,86,11,10,8,1.649999976,2,2,2,0,0
2810,86,70,8,6,2.799999952,2,4,1,0,0
3782,86,89,10,9,2.599999905,1,1,1,0,2
14066,86,84,9,7,2.799999952,2,5,1,1,1
2991,86,35,12,10,2.299999952,1,1,1,1,2
5960,86,70,8,6,3.150000095,1,2,1,1,1
10117,86,70,7,6,3.200000048,1,3,1,1,0
7209,86,89,11,9,3.200000048,2,2,1,1,1
2958,86,70,8,6,2.650000095,1,2,1,1,0
7657,86,84,9,7,2.25,2,3,1,0,0
16220,86,89,9,9,2.450000048,1,3,1,1,1
2094,86,70,12,6,2.549999952,2,2,1,1,0
4365,86,70,7,6,2.400000095,1,3,1,1,0
16239,86,70,10,6,2.799999952,1,2,1,1,0
1684,86,11,9,8,2.900000095,2,1,1,0,1
11376,86,84,9,7,2.799999952,1,2,1,1,0
10062,86,70,8,6,3.099999905,1,4,1,1,0
4030,86,70,8,6,3.400000095,2,2,1,1,0
13173,86,70,7,6,2.5,1,1,1,0,0
2924,86,70,8,6,3.150000095,1,3,1,0,2
11562,86,70,9,6,2.25,2,2,1,1,0
19301,86,84,9,7,3.200000048,1,3,1,1,2
18269,86,44,12,11,1.350000024,2,4,2,1,1
18269,86,44,12,11,1.799999952,1,4,2,1,1
7303,86,35,11,10,2.450000048,2,3,1,1,0
8633,86,70,7,6,2.349999905,1,2,1,0,0
19776,86,70,8,6,2.950000048,2,3,1,1,0
3309,86,84,8,7,3.5,2,5,1,1,1
16400,86,70,7,6,2.5,1,2,1,1,0
10412,86,70,7,6,2.25,1,4,1,1,0
11238,86,70,9,6,1.799999952,2,1,2,1,1
11238,86,70,9,6,1.450000048,1,1,2,1,1
16945,86,70,14,6,3.200000048,2,1,1,1,0
14080,86,70,7,6,2.349999905,2,2,1,1,1
882,86,70,10,6,2.5,1,2,1,0,1
3879,86,70,8,6,2.599999905,1,3,1,1,1
7091,86,70,8,6,3.400000095,1,6,1,1,1
786,86,91,10,5,2.75,2,3,1,0,0
5766,86,70,10,6,2.950000048,1,1,1,0,0
11838,86,89,13,9,0.699999988,2,0,1,1,0
4911,86,89,9,9,0.899999976,2,0,2,1,0
8093,86,11,10,8,1.350000024,1,0,2,0,0
4911,86,89,9,9,1.549999952,2,3,2,1,0
1343,86,89,10,9,1.450000048,2,3,1,1,2
5224,25,84,8,8,1.700000048,2,4,2,1,1
13711,25,11,10,9,2.599999905,2,3,1,0,1
15498,25,84,9,8,2.400000095,2,1,1,1,2
11238,25,70,9,7,2.099999905,1,1,1,1,1
17505,25,84,9,8,2.25,2,2,1,1,0
18837,25,70,8,7,2.299999952,1,1,1,1,1
10513,25,89,11,10,1.850000024,2,3,2,0,2
10513,25,89,11,10,1.399999976,1,3,2,0,2
729,25,84,9,8,1.450000048,1,1,1,1,1
5021,25,84,9,8,2.150000095,2,1,1,0,1
8326,25,70,8,7,2.700000048,1,2,1,1,1
5547,25,70,11,7,2.5,2,2,1,1,1
15319,25,5,6,5,2.099999905,1,1,1,0,1
15351,25,84,9,8,2.400000095,2,1,1,1,0
10733,25,70,8,7,1.450000048,1,2,2,1,0
10733,25,70,8,7,1.549999952,1,2,2,1,0
15200,25,84,10,8,2.700000048,1,2,1,1,0
19311,25,70,7,7,1.549999952,1,3,2,1,0
19311,25,70,7,7,1.649999976,2,3,2,1,0
17776,25,5,6,5,2.900000095,2,1,1,0,0
3782,25,89,10,10,2.299999952,2,1,1,0,2
8572,25,5,12,5,1.950000048,1,1,1,0,0
19467,25,70,11,7,3,2,3,1,1,0
13903,25,5,8,5,2.5,1,1,1,1,1
13173,25,70,7,7,1.850000024,1,2,1,0,0
7657,25,84,9,8,2,1,2,1,0,0
7209,25,89,11,10,2.5,2,2,1,1,1
15937,25,5,7,5,2.700000048,2,1,1,0,2
5482,25,5,7,5,2.599999905,1,1,1,1,1
5576,25,91,7,6,2.400000095,1,2,1,1,0
5805,25,70,8,7,1.75,2,4,1,0,1
12728,25,5,9,5,2.400000095,2,1,1,0,1
5352,25,70,7,7,2.099999905,2,1,1,1,1
4087,25,84,9,8,2.299999952,1,1,1,0,0
13382,25,5,6,5,2.450000048,2,1,1,0,0
16534,25,84,10,8,2.400000095,2,2,1,1,0
8136,25,70,8,7,2.450000048,1,1,1,1,0
18333,25,91,10,6,2.349999905,2,3,1,0,1
7729,25,5,9,5,2.799999952,2,2,1,0,1
4030,25,70,8,7,1.950000048,2,1,2,1,0
4030,25,70,8,7,1.950000048,1,1,2,1,0
10062,25,70,8,7,2.599999905,1,1,1,1,0
19776,25,70,8,7,2.25,1,2,2,1,0
519,25,84,8,8,2,2,1,1,0,0
2924,25,70,8,7,1.399999976,1,2,2,0,2
2924,25,70,8,7,1.600000024,1,2,2,0,2
4075,25,5,9,5,2.349999905,1,2,1,1,1
4365,25,70,7,7,1.700000048,1,3,1,1,0
3263,25,5,6,5,2.400000095,1,2,1,0,0
1684,25,11,9,9,1.700000048,2,5,2,0,1
2958,25,70,8,7,2.700000048,1,3,1,1,0
3513,25,70,8,7,1.549999952,2,2,1,0,0
14228,25,5,10,5,2.349999905,1,3,1,0,1
10058,25,5,7,5,2.099999905,1,4,1,0,0
10016,25,70,8,7,2.299999952,1,4,1,0,0
19776,25,70,8,7,1.700000048,1,4,2,1,0
16239,25,70,10,7,2.799999952,1,2,1,1,0
19301,25,84,9,8,1.950000048,2,3,2,1,2
19301,25,84,9,8,1.75,2,3,2,1,2
9494,25,84,9,8,2.450000048,2,3,1,0,1
5212,25,84,9,8,2.5,2,2,1,1,0
14080,25,70,7,7,2.349999905,2,1,1,1,1
16945,25,70,14,7,2.700000048,1,1,1,1,0
10795,25,70,8,7,2.299999952,2,3,2,1,2
10795,25,70,8,7,1.899999976,2,3,2,1,2
16327,25,91,7,6,2.049999952,2,2,1,0,0
17475,25,5,8,5,4.550000191,2,13,1,0,1
14066,25,84,9,8,1.549999952,1,3,2,1,1
14066,25,84,9,8,1.600000024,1,3,2,1,1
15176,25,5,7,5,1.899999976,1,4,2,0,1
15176,25,5,7,5,2.099999905,1,4,2,0,1
1705,25,70,8,7,2.700000048,1,3,1,1,0
13668,25,70,13,7,1.950000048,1,3,1,0,0
786,25,91,10,6,3,2,3,1,0,0
7977,25,70,8,7,2,1,3,1,0,1
5452,25,5,8,5,2.400000095,2,3,1,0,1
5766,25,70,10,7,2.200000048,1,3,2,0,0
13573,25,91,7,6,2.599999905,2,2,1,0,0
2810,25,70,8,7,2.099999905,1,4,1,0,0
5960,25,70,8,7,2.900000095,1,2,1,1,1
2094,25,70,12,7,2.400000095,1,1,1,1,0
10230,25,70,13,7,1.799999952,1,1,2,1,1
10230,25,70,13,7,1.850000024,1,1,2,1,1
4314,25,70,8,7,2.599999905,1,1,1,0,1
7139,25,70,8,7,3,1,5,1,1,0
8633,25,70,7,7,2.450000048,1,2,1,0,0
19583,25,70,9,7,1.649999976,2,8,2,1,1
19583,25,70,9,7,1.600000024,1,8,2,1,1
17619,25,5,6,5,3.599999905,2,11,1,0,2
14731,25,5,9,5,3,1,3,1,0,2
8297,25,84,9,8,2.700000048,1,4,1,0,1
19918,25,84,9,8,3.799999952,2,8,1,0,0
14436,25,84,9,8,2.599999905,2,2,1,1,2
15095,25,5,9,5,2.799999952,2,7,1,0,0
15082,25,11,9,9,2,1,3,1,1,2
3166,25,84,8,8,2.299999952,2,13,1,0,0
7091,25,70,8,7,3.599999905,2,7,1,1,1
11838,25,89,13,10,1.5,1,7,2,1,0
5224,25,84,8,8,0.949999988,1,0,2,1,1
1343,25,89,10,10,1.700000048,2,0,1,1,2
14842,25,89,13,10,0.75,1,0,1,1,1
11777,25,89,11,10,1.100000024,1,8,2,1,1
11777,25,89,11,10,1.149999976,1,8,2,1,1
1684,25,11,9,9,1.600000024,1,3,2,0,1
2991,25,35,12,11,1.899999976,2,3,1,1,2
19058,25,5,9,5,0.949999988,1,1,1,0,1
15498,35,84,9,9,2.25,1,1,1,1,2
17776,35,5,6,6,2.450000048,1,2,1,0,0
16581,35,11,10,10,2.799999952,2,2,1,0,1
5805,35,70,8,8,1.399999976,1,2,2,0,1
7729,35,5,9,6,2.549999952,1,2,1,0,1
10714,35,100,6,5,2.349999905,2,2,1,0,0
8326,35,70,8,8,2.5,2,1,1,1,1
3071,35,100,11,5,2.599999905,2,2,1,1,2
18837,35,70,8,8,1.799999952,1,2,1,1,1
10513,35,89,11,11,2.650000095,2,2,1,0,2
16239,35,70,10,8,2.599999905,2,1,1,1,0
15319,35,5,6,6,1.299999952,1,6,1,0,1
10733,35,70,8,8,2.5,1,2,1,1,0
8572,35,5,12,6,1.700000048,2,4,1,0,0
13382,35,5,6,6,2.5,2,1,1,0,0
8136,35,70,8,8,2.900000095,2,2,1,1,0
5452,35,5,8,6,2,1,1,1,0,1
17258,35,5,8,6,2.200000048,1,2,1,0,1
5450,35,100,8,5,1.600000024,2,4,2,0,1
5450,35,100,8,5,1.799999952,2,4,2,0,1
9091,35,100,5,5,2.150000095,1,3,1,1,0
13903,35,5,8,6,3,2,3,1,1,1
7209,35,89,11,11,2.299999952,2,2,1,1,1
10062,35,70,8,8,2.049999952,1,2,1,1,0
2924,35,70,8,8,1.799999952,1,3,2,0,2
2924,35,70,8,8,1.600000024,2,3,2,0,2
12728,35,5,9,6,2.849999905,1,5,1,0,1
5960,35,70,8,8,2.5,1,2,1,1,1
14436,35,84,9,9,2.349999905,2,2,1,1,2
1194,35,100,6,5,2.450000048,1,3,1,0,1
4087,35,84,9,9,1.850000024,1,1,1,0,0
4266,35,5,7,6,2.200000048,1,1,1,1,1
3263,35,5,6,6,2.25,2,1,1,0,0
10230,35,70,13,8,2.700000048,2,1,1,1,1
3513,35,70,8,8,1.5,1,2,1,0,0
9372,35,100,9,5,2.75,2,5,1,0,0
16534,35,84,10,9,2.099999905,1,1,1,1,0
5482,35,5,7,6,2,2,1,2,1,1
5482,35,5,7,6,1.850000024,1,1,2,1,1
1705,35,70,8,8,2.849999905,2,2,1,1,0
5212,35,84,9,9,2.200000048,1,4,1,1,0
15316,35,100,5,5,2.650000095,1,4,1,0,0
4075,35,5,9,6,1.399999976,2,2,2,1,1
4075,35,5,9,6,1.799999952,1,2,2,1,1
19776,35,70,8,8,2.700000048,1,1,1,1,0
16945,35,70,14,8,2.900000095,2,2,1,1,0
11238,35,70,9,8,2.75,2,2,1,1,1
15937,35,5,7,6,3.549999952,1,9,1,0,2
19467,35,70,11,8,3.650000095,1,9,1,1,0
10058,35,5,7,6,1.5,2,3,2,0,0
9494,35,84,9,9,2.75,1,7,1,0,1
5576,35,91,7,7,2.5,2,5,1,1,0
13573,35,91,7,7,2.25,2,4,1,0,0
14228,35,5,10,6,2.900000095,1,10,1,0,1
17475,35,5,8,6,3.900000095,1,11,1,0,1
9941,35,70,8,8,2.049999952,1,6,2,0,0
9941,35,70,8,8,2,2,6,2,0,0
8738,35,100,5,5,3.349999905,2,6,1,1,0
7139,35,70,8,8,2.5,1,3,1,1,0
2810,35,70,8,8,2.400000095,2,7,1,0,0
17638,35,100,6,5,3.400000095,1,8,1,1,1
3879,35,70,8,8,3.75,2,13,1,1,1
7302,35,100,9,5,2.549999952,2,4,1,1,0
10795,35,70,8,8,3.650000095,1,8,1,1,2
8999,35,91,7,7,3.400000095,2,5,1,0,0
10527,35,100,8,5,2.450000048,1,4,1,0,0
15200,35,84,10,9,1.475000024,1,0,2,1,0
15200,35,84,10,9,1.350000024,1,0,2,1,0
11562,35,70,9,8,1.075000048,2,0,1,1,0
1804,35,70,8,8,0.899999976,1,0,2,1,1
11777,35,89,11,11,0.949999988,1,1,2,1,1
11777,35,89,11,11,1.600000024,2,3,2,1,1
4030,35,70,8,8,1.700000048,2,1,1,1,0
15095,35,5,9,6,1.950000048,2,0,1,0,0
19301,35,84,9,9,2,1,3,2,1,2
19301,35,84,9,9,1.799999952,2,3,2,1,2
6111,82,36,7,5,2.25,2,2,1,1,0
3803,82,36,11,5,2.099999905,2,3,1,0,0
5467,82,36,8,5,2.339999914,2,3,1,1,0
11831,82,36,8,5,2.519999981,1,2,1,1,0
2776,82,36,11,5,1.840000033,2,2,1,0,1
5547,82,70,11,9,2.049999952,1,2,1,1,1
16239,82,70,10,9,2.5,2,2,1,1,0
7994,82,36,7,5,2.420000076,2,3,1,1,1
7729,82,5,9,7,1.679999948,1,3,1,0,1
8572,82,5,12,7,1.820000052,2,2,1,0,0
3071,82,100,11,6,2.299999952,1,1,1,1,2
6905,82,36,12,5,2.180000067,1,2,1,1,1
9372,82,100,9,6,1.960000038,2,2,1,0,0
19103,82,36,9,5,1.980000019,2,3,1,1,0
15039,82,100,10,6,2.440000057,1,4,1,0,1
3363,82,36,8,5,2.900000095,2,4,1,1,2
16946,82,36,7,5,1.820000052,1,3,1,0,0
12728,82,5,9,7,2.5,1,4,1,0,1
14228,82,5,10,7,2.799999952,2,12,1,0,1
16527,82,36,8,5,1.919999957,1,2,1,1,0
19467,82,70,11,9,2.279999971,1,4,1,1,0
7302,82,100,9,6,2.5,1,2,1,1,0
7424,82,100,7,6,2.400000095,1,3,1,0,1
10527,82,100,8,6,1.450000048,1,4,1,0,0
13903,82,5,8,7,2.569999933,2,4,1,1,1
5450,82,100,8,6,2.420000076,2,5,1,0,1
16945,82,70,14,9,2.720000029,1,1,1,1,0
14489,82,36,6,5,1.840000033,1,2,1,0,0
2399,82,36,8,5,2.5,2,3,1,1,1
7734,82,36,10,5,2.460000038,2,3,1,0,1
10885,82,5,10,7,2.349999905,1,13,1,1,0
11289,82,36,9,5,2.700000048,1,6,1,1,2
15159,82,36,7,5,3.200000048,2,3,1,1,2
14031,82,36,9,5,2,1,2,1,1,1
10230,82,70,13,9,1.309999943,1,3,2,1,1
10230,82,70,13,9,1.620000005,2,3,2,1,1
17258,82,5,8,7,1.590000033,2,6,1,0,1
14990,82,36,6,5,2.380000114,1,8,1,1,1
14731,82,5,9,7,2.480000019,2,6,1,0,2
6621,82,36,8,5,1.779999971,1,3,1,0,0
5266,82,36,10,5,1.960000038,2,3,1,0,1
5766,82,70,10,9,1.799999952,1,2,1,0,0
18905,82,36,12,5,3.559999943,1,10,1,1,0
11838,82,89,13,12,0.939999998,2,0,2,1,0
15095,82,5,9,7,0.939999998,1,0,1,0,0
4075,82,5,9,7,1.320000052,2,1,1,1,1
5452,82,5,8,7,1.139999986,1,1,1,0,1
18139,82,36,6,5,1.379999995,1,0,1,1,0
14990,93,36,6,6,1.700000048,2,2,1,1,1
11831,93,36,8,6,2.5,1,2,1,1,0
3803,93,36,11,6,2.150000095,1,3,1,0,0
14301,93,9,7,5,3,2,3,1,0,1
6905,93,36,12,6,2.099999905,1,2,2,1,1
6905,93,36,12,6,2.25,1,2,2,1,1
223,93,36,8,6,2.849999905,2,2,1,1,0
2776,93,36,11,6,2.700000048,1,2,1,0,1
8572,93,5,12,8,2.599999905,1,1,1,0,0
7729,93,5,9,8,2.75,2,2,1,0,1
6131,93,9,11,5,2.849999905,2,1,1,1,0
5881,93,9,6,5,3.25,2,2,1,0,0
3071,93,100,11,7,2.799999952,1,2,1,1,2
5467,93,36,8,6,1.899999976,1,3,2,1,0
5467,93,36,8,6,2.200000048,2,3,2,1,0
17942,93,9,9,5,2.25,1,2,1,0,0
2915,93,9,10,5,2.599999905,2,2,1,0,0
15950,93,9,9,5,2.75,1,1,1,1,1
15039,93,100,10,7,3.099999905,2,4,1,0,1
17801,93,36,13,6,2.799999952,1,4,1,0,0
5547,93,70,11,10,2.549999952,2,3,1,1,1
7167,93,9,9,5,2.299999952,2,2,1,0,0
11608,93,9,9,5,2,1,3,2,0,0
11608,93,9,9,5,2.049999952,2,3,2,0,0
5452,93,5,8,8,2.5,2,1,1,0,1
11289,93,36,9,6,1.700000048,1,2,2,1,2
11289,93,36,9,6,1.850000024,2,2,2,1,2
377,93,9,6,5,2.450000048,2,4,1,0,0
13903,93,5,8,8,2.650000095,2,1,1,1,1
15159,93,36,7,6,3.150000095,2,2,1,1,2
14731,93,5,9,8,2.5,2,3,1,0,2
1371,93,9,9,5,1.649999976,1,3,2,1,0
1371,93,9,9,5,2.200000048,1,3,2,1,0
12107,93,9,9,5,1.700000048,2,2,2,0,0
12107,93,9,9,5,2.099999905,1,2,2,0,0
11552,93,9,7,5,2.599999905,2,2,1,0,0
4607,93,9,5,5,2.650000095,1,1,1,0,0
11251,93,9,5,5,2.150000095,1,2,1,0,0
13980,93,9,5,5,2.849999905,2,4,1,0,0
5450,93,100,8,7,2.650000095,2,3,1,0,1
3325,93,9,7,5,1.600000024,2,2,2,1,0
7175,93,9,11,5,1.950000048,2,1,2,0,0
7175,93,9,11,5,1.700000048,1,1,2,0,0
16239,93,70,10,10,1.549999952,2,8,2,1,0
18997,93,9,7,5,3.150000095,2,2,1,0,0
17258,93,5,8,8,2,1,4,2,0,1
18905,93,36,12,6,2.799999952,1,2,1,1,0
2399,93,36,8,6,2.75,2,2,1,1,1
18333,93,91,10,9,2.599999905,2,3,1,0,1
13644,93,9,9,5,2.599999905,1,2,1,0,0
10230,93,70,13,10,1.799999952,2,2,2,1,1
10230,93,70,13,10,2,2,2,2,1,1
12946,93,9,9,5,2.900000095,2,4,1,0,0
16718,93,9,11,5,2.599999905,2,1,1,1,0
4075,93,5,9,8,1.899999976,1,2,2,1,1
4075,93,5,9,8,2.200000048,2,2,2,1,1
19467,93,70,11,10,3.349999905,2,3,1,1,0
16945,93,70,14,10,2.549999952,2,3,1,1,0
6621,93,36,8,6,2.25,1,3,1,0,0
11383,93,9,7,5,2.75,1,2,1,0,0
12728,93,5,9,8,1.799999952,1,6,2,0,1
12728,93,5,9,8,2.099999905,1,6,2,0,1
16527,93,36,8,6,2.549999952,1,2,1,1,0
5766,93,70,10,10,2.700000048,2,1,1,0,0
9918,93,9,8,5,2.25,1,2,2,0,0
9918,93,9,8,5,2.150000095,2,2,2,0,0
2094,93,70,12,10,2.900000095,2,1,1,1,0
5266,93,36,10,6,2.849999905,2,2,1,0,1
11838,93,89,13,13,2,2,2,1,1,0
14489,93,36,6,6,1.700000048,1,3,2,0,0
14489,93,36,6,6,1.75,2,3,2,0,0
6111,93,36,7,6,2.5,2,2,1,1,0
13226,93,9,5,5,1.600000024,1,8,2,1,0
13226,93,9,5,5,2,1,8,2,1,0
19255,93,9,9,5,2.5,1,1,1,0,0
14467,93,9,10,5,3,2,2,1,0,0
14031,93,36,9,6,1.950000048,2,2,2,1,1
14031,93,36,9,6,1.950000048,2,2,2,1,1
10527,93,100,8,7,1.950000048,2,6,2,0,0
10527,93,100,8,7,1.649999976,2,6,2,0,0
10885,93,5,10,8,2.75,1,23,2,1,0
10885,93,5,10,8,2.700000048,1,23,2,1,0
7295,93,9,9,5,3.900000095,2,9,1,1,0
6836,93,9,11,5,2.099999905,2,2,2,0,0
6836,93,9,11,5,2.150000095,2,2,2,0,0
14679,93,70,12,10,3.049999952,1,9,1,1,0
18139,93,36,6,6,2.349999905,2,1,1,1,0
6738,93,9,11,5,4.650000095,1,16,1,0,0
3363,93,36,8,6,4.199999809,1,14,1,1,2
16239,93,70,10,10,0.850000024,2,0,2,1,0
17258,93,5,8,8,0.899999976,1,0,2,0,1
3325,93,9,7,5,0.75,1,0,2,1,0
16896,93,100,9,7,2.900000095,1,2,1,0,2
7302,93,100,9,7,1.700000048,1,2,1,1,0
12892,93,9,9,5,2,2,2,1,0,1
6111,9,36,7,7,2.099999905,1,3,1,1,0
3803,9,36,11,7,1.75,1,1,1,0,0
8572,9,5,12,9,2,2,3,1,0,0
11831,9,36,8,7,2.150000095,2,2,1,1,0
14301,9,9,7,6,2.549999952,2,4,1,0,1
782,9,9,8,6,2.5,2,3,1,1,0
18532,9,94,7,5,2.099999905,2,3,1,0,1
16896,9,100,9,8,1.700000048,1,4,2,0,2
16896,9,100,9,8,1.620000005,2,4,2,0,2
6131,9,9,11,6,2.549999952,2,3,1,1,0
10761,9,94,8,5,2.599999905,1,2,1,1,0
2776,9,36,11,7,2.200000048,1,2,1,0,1
17715,9,94,10,5,1.549999952,1,4,2,0,0
17715,9,94,10,5,1.220000029,1,0,2,0,0
7683,9,94,10,5,2.400000095,2,2,1,1,1
4144,9,94,11,5,2.299999952,1,2,1,1,1
5881,9,9,6,6,1.600000024,1,2,2,0,0
6746,9,36,11,7,1.799999952,2,2,1,0,1
11608,9,9,9,6,1.639999986,1,4,2,0,0
11608,9,9,9,6,1.649999976,2,4,2,0,0
16168,9,94,7,5,1.850000024,2,2,1,0,0
15039,9,100,10,8,2.450000048,2,3,1,0,1
3071,9,100,11,8,2.099999905,1,1,1,1,2
7295,9,9,9,6,2.269999981,1,2,1,1,0
18234,9,94,8,5,2.5,1,2,1,0,1
15318,9,9,10,6,2.5,1,2,1,0,0
15415,9,94,8,5,1.419999957,1,2,1,1,1
2399,9,36,8,7,2.619999886,2,2,1,1,1
9881,9,100,9,8,2.119999886,1,3,1,0,0
1280,9,94,8,5,2.299999952,2,2,1,0,1
7167,9,9,9,6,2.049999952,2,2,1,0,0
15950,9,9,9,6,2.5,1,2,1,1,1
18087,9,9,12,6,1.75,2,2,2,0,0
6905,9,36,12,7,1.700000048,1,3,2,1,1
13258,9,94,11,5,1.649999976,2,2,2,1,1
13258,9,94,11,5,1.950000048,2,2,2,1,1
7994,9,36,7,7,1.799999952,2,5,2,1,1
7994,9,36,7,7,1.600000024,1,5,2,1,1
7729,9,5,9,9,2.779999971,1,3,1,0,1
9438,9,9,6,6,2.210000038,1,2,1,1,0
17801,9,36,13,7,2.180000067,1,2,1,0,0
13263,9,94,8,5,1.419999957,1,3,1,0,0
14855,9,94,11,5,2.700000048,2,3,1,0,1
1366,9,94,9,5,2.299999952,2,2,1,1,1
11552,9,9,7,6,2.349999905,2,1,1,0,0
223,9,36,8,7,1.799999952,1,2,2,1,0
5467,9,36,8,7,1.899999976,2,2,1,1,0
14389,9,94,8,5,2.950000048,2,2,1,1,1
11289,9,36,9,7,1.779999971,1,3,2,1,2
11289,9,36,9,7,1.700000048,2,3,2,1,2
19255,9,9,9,6,2.319999933,1,2,1,0,0
7755,9,94,10,5,1.700000048,1,2,2,1,2
16718,9,9,11,6,2.25,1,1,1,1,0
1371,9,9,9,6,1.25,1,2,2,1,0
1371,9,9,9,6,1.700000048,2,2,2,1,0
13644,9,9,9,6,1.950000048,1,2,1,0,0
16538,9,94,11,5,2.75,1,2,1,0,1
12946,9,9,9,6,2.799999952,2,3,1,0,0
4259,9,9,9,6,2.319999933,1,2,1,0,0
19212,9,9,9,6,2.75999999,2,4,1,1,1
6545,9,94,11,5,2.880000114,2,2,1,0,1
15159,9,36,7,7,2.630000114,1,4,1,1,2
12080,9,36,8,7,2.349999905,1,2,1,1,0
12892,9,9,9,6,2.779999971,2,4,1,0,1
1527,9,94,7,5,2.369999886,1,2,1,1,1
15823,9,94,11,5,2.170000076,1,3,1,0,1
16047,9,94,9,5,3.150000095,1,3,1,0,1
864,9,94,5,5,2.140000105,2,4,2,0,0
864,9,94,5,5,1.220000029,1,4,2,0,0
5972,9,94,6,5,1.779999971,1,3,2,0,1
5972,9,94,6,5,1.940000057,2,3,2,0,1
18905,9,36,12,7,2.799999952,2,5,1,1,0
14228,9,5,10,9,2.269999981,2,8,1,0,1
14587,9,9,9,6,2,2,4,2,1,0
18128,9,36,8,7,2.579999924,1,4,1,0,0
13581,9,94,11,5,1.950000048,2,3,1,1,1
395,9,9,9,6,2.25,2,3,1,0,0
8988,9,36,8,7,2.400000095,1,4,1,0,0
19103,9,36,9,7,3.599999905,1,6,1,1,0
16527,9,36,8,7,2.099999905,2,2,2,1,0
12107,9,9,9,6,2.049999952,2,2,2,0,0
7175,9,9,11,6,2.849999905,2,2,1,0,0
16945,9,70,14,11,2.700000048,1,2,1,1,0
14329,9,94,6,5,1.649999976,2,2,2,1,0
14329,9,94,6,5,1.600000024,2,2,2,1,0
7734,9,36,10,7,1.860000014,2,4,2,0,1
7734,9,36,10,7,1.549999952,2,4,2,0,1
17942,9,9,9,6,2.420000076,2,2,1,0,0
19058,9,5,9,9,1.769999981,2,6,1,0,1
18997,9,9,7,6,3.049999952,2,4,1,0,0
16458,9,94,11,5,2.339999914,1,3,1,0,1
7784,9,94,6,5,1.840000033,2,2,2,0,1
4820,9,94,6,5,2.75999999,1,2,1,0,1
5450,9,100,8,8,2,2,3,2,0,1
6738,9,9,11,6,2.900000095,2,2,1,0,0
5266,9,36,10,7,2.529999971,2,1,1,0,1
11383,9,9,7,6,2.75,2,3,1,0,0
5547,9,70,11,11,3.400000095,1,9,1,1,1
4627,9,36,7,7,2.650000095,1,8,1,1,1
10541,9,94,6,5,2.950000048,2,5,2,0,0
10541,9,94,6,5,1.289999962,2,0,2,0,0
7302,9,100,9,8,2.720000029,1,5,1,1,0
9918,9,9,8,6,2.119999886,2,2,2,0,0
9918,9,9,8,6,1.419999957,1,2,2,0,0
14467,9,9,10,6,1.899999976,2,3,2,0,0
14467,9,9,10,6,1.5,2,3,2,0,0
14031,9,36,9,7,2.279999971,2,2,1,1,1
3325,9,9,7,6,1.75,1,7,2,1,0
6836,9,9,11,6,1.720000029,2,3,2,0,0
6836,9,9,11,6,1.75,1,3,2,0,0
9372,9,100,9,8,1.019999981,1,0,2,0,0
10885,9,5,10,9,1.200000048,2,1,2,1,0
8396,9,94,11,5,1.019999981,2,0,1,0,0
6905,9,36,12,7,1.230000019,2,1,2,1,1
2094,9,70,12,11,1.919999957,1,0,1,1,0
12107,9,9,9,6,1.200000048,1,2,2,0,0
10230,9,70,13,11,1.480000019,2,1,2,1,1
13258,98,94,11,6,2.5,1,6,1,1,1
3803,98,36,11,8,1.899999976,1,2,1,0,0
9372,98,100,9,9,2.049999952,1,3,1,0,0
18532,98,94,7,6,1.600000024,1,2,1,0,1
1366,98,94,9,6,2.74000001,2,2,1,1,1
10761,98,94,8,6,2.5,2,2,1,1,0
7755,98,94,10,6,1.700000048,2,1,2,1,2
7755,98,94,10,6,1.549999952,1,1,2,1,2
6629,98,71,7,5,2.039999962,1,2,1,0,0
6131,98,9,11,7,2.25,1,2,1,1,0
6746,98,36,11,8,2.720000029,2,2,1,0,1
3363,98,36,8,8,2.24000001,1,2,1,1,2
18138,98,71,10,5,2.349999905,2,2,1,1,0
15415,98,94,8,6,2.00999999,1,1,1,1,1
5467,98,36,8,8,2.650000095,1,2,1,1,0
6284,98,94,11,6,2.849999905,1,4,1,0,0
15039,98,100,10,9,2.319999933,2,2,1,0,1
14389,98,94,8,6,2.809999943,2,1,1,1,1
18292,98,71,9,5,2.279999971,2,2,2,0,0
18292,98,71,9,5,1.299999952,1,0,2,0,0
14228,98,5,10,10,1.700000048,1,5,1,0,1
2915,98,9,10,7,2.400000095,2,2,1,0,0
6905,98,36,12,8,2.700000048,2,2,1,1,1
16896,98,100,9,9,2.349999905,1,3,1,0,2
11831,98,36,8,8,2,2,3,1,1,0
14301,98,9,7,7,2.150000095,1,2,1,0,1
14855,98,94,11,6,2.049999952,1,2,1,0,1
17715,98,94,10,6,2.329999924,2,2,1,0,0
4973,98,71,7,5,2.5,1,2,1,0,1
4144,98,94,11,6,2.599999905,2,2,1,1,1
11289,98,36,9,8,2.5,2,3,1,1,2
14587,98,9,9,7,2.700000048,2,2,1,1,0
7167,98,9,9,7,1.700000048,1,2,1,0,0
1217,98,94,9,6,1.350000024,1,3,2,1,1
1217,98,94,9,6,1.559999943,2,3,2,1,1
12946,98,9,9,7,1.690000057,2,2,2,0,0
16168,98,94,7,6,2.019999981,2,2,1,0,0
14732,98,71,7,5,2.549999952,2,2,1,0,1
16758,98,71,10,5,2.25,1,3,1,0,2
16458,98,94,11,6,2.450000048,2,2,1,0,1
4820,98,94,6,6,2.599999905,1,2,1,0,1
1280,98,94,8,6,2.380000114,1,3,1,0,1
13458,98,94,6,6,1.980000019,1,2,1,0,1
18234,98,94,8,6,1.649999976,1,2,2,0,1
18234,98,94,8,6,1.799999952,1,2,2,0,1
17801,98,36,13,8,1.950000048,2,2,1,0,0
7295,98,9,9,7,2.400000095,1,2,1,1,0
10885,98,5,10,10,2.400000095,1,12,1,1,0
12107,98,9,9,7,2.650000095,2,1,1,0,0
223,98,36,8,8,1.649999976,1,3,2,1,0
1371,98,9,9,7,2.450000048,1,2,1,1,0
2123,98,71,5,5,2.470000029,1,3,1,0,1
5912,98,71,10,5,1.649999976,1,8,1,0,1
11608,98,9,9,7,1.409999967,1,3,2,0,0
11608,98,9,9,7,1.549999952,1,3,2,0,0
7683,98,94,10,6,2.799999952,1,5,1,1,1
1527,98,94,7,6,2.25,2,1,1,1,1
15950,98,9,9,7,2.569999933,2,1,1,1,1
6621,98,36,8,8,1.950000048,2,3,1,0,0
9881,98,100,9,9,2.470000029,1,6,1,0,0
2331,98,71,6,5,2.75,2,5,1,0,0
7734,98,36,10,8,2.700000048,1,2,1,0,1
17942,98,9,9,7,2.299999952,2,2,1,0,0
11552,98,9,7,7,2.339999914,1,1,1,0,0
16538,98,94,11,6,2.089999914,2,2,1,0,1
19393,98,94,9,6,2.529999971,2,3,1,0,1
10541,98,94,6,6,2.640000105,1,2,1,0,0
17205,98,71,9,5,2.5,2,2,1,0,1
5266,98,36,10,8,2.099999905,1,2,1,0,1
19255,98,9,9,7,1.700000048,2,3,1,0,0
6545,98,94,11,6,2.980000019,2,3,1,0,1
16047,98,94,9,6,3.200000048,1,2,1,0,1
16718,98,9,11,7,1.75,1,2,2,1,0
16718,98,9,11,7,1.850000024,2,2,2,1,0
7784,98,94,6,6,2.549999952,1,2,1,0,1
13581,98,94,11,6,2.839999914,1,2,1,1,1
395,98,9,9,7,2.099999905,1,2,1,0,0
9209,98,71,6,5,2.619999886,2,1,1,0,0
7302,98,100,9,9,2.559999943,1,2,1,1,0
12080,98,36,8,8,1.799999952,2,4,1,1,0
16527,98,36,8,8,2.150000095,1,2,1,1,0
16945,98,70,14,12,2.460000038,2,1,1,1,0
15332,98,71,10,5,2.349999905,1,1,1,1,0
18997,98,9,7,7,2.099999905,2,1,1,0,0
4259,98,9,9,7,2.470000029,2,1,1,0,0
19103,98,36,9,8,3.019999981,2,4,1,1,0
7175,98,9,11,7,1.950000048,2,2,2,0,0
7175,98,9,11,7,1.870000005,1,2,2,0,0
11242,98,9,7,7,3,1,10,1,0,0
8988,98,36,8,8,1.779999971,1,3,1,0,0
18905,98,36,12,8,2.359999895,1,3,1,1,0
9918,98,9,8,7,2.869999886,1,3,1,0,0
14329,98,94,6,6,1.710000038,2,6,2,1,0
3325,98,9,7,7,1.850000024,2,2,1,1,0
15823,98,94,11,6,1.929999948,1,2,2,0,1
4059,98,71,10,5,3.049999952,1,6,1,0,0
782,98,9,8,7,2.519999981,1,8,1,1,0
13263,98,94,8,6,1.75,1,4,1,0,0
11383,98,9,7,7,2.970000029,1,3,1,0,0
5409,98,71,9,5,2.710000038,1,6,1,1,0
14467,98,9,10,7,2.75,2,2,1,0,0
14031,98,36,9,8,2.49000001,1,3,1,1,1
2776,98,36,11,8,1.649999976,1,2,1,0,1
12946,98,9,9,7,1.120000005,2,1,2,0,0
4379,98,70,16,12,0.430000007,1,0,1,0,0
13644,98,9,9,7,0.959999979,2,1,1,0,0
14329,98,94,6,6,0.970000029,1,0,2,1,0
2094,98,70,12,12,1.429999948,1,0,1,1,0
10230,98,70,13,12,1.24000001,1,0,2,1,1
10230,98,70,13,12,1.090000033,1,1,2,1,1
18087,98,9,12,7,4.449999809,2,11,1,0,0
11289,64,36,9,9,1.549999952,1,9,1,1,2
13258,64,94,11,7,2.220000029,1,2,1,1,1
3803,64,36,11,9,1.820000052,2,3,2,0,0
15039,64,100,10,10,1.5,2,2,2,0,1
17801,64,36,13,9,1.970000029,1,3,1,0,0
16458,64,94,11,7,2.099999905,2,1,1,0,1
17205,64,71,9,6,2.25,1,1,1,0,1
4259,64,9,9,8,1.25,1,3,2,0,0
4259,64,9,9,8,1.679999948,1,3,2,0,0
2776,64,36,11,9,2.700000048,2,3,1,0,1
7271,64,96,6,5,2.75,2,2,1,0,0
2802,64,96,6,5,1.549999952,1,1,1,0,1
14389,64,94,8,7,2.299999952,1,1,1,1,1
6131,64,9,11,8,2.230000019,1,2,1,1,0
7734,64,36,10,9,2.180000067,1,0,1,0,1
11127,64,96,9,5,2,2,2,1,0,1
18138,64,71,10,6,2.099999905,2,1,1,1,0
18292,64,71,9,6,1.809999943,1,2,2,0,0
18292,64,71,9,6,1.809999943,2,2,2,0,0
14732,64,71,7,6,2.640000105,1,2,1,0,1
13644,64,9,9,8,1.539999962,1,3,1,0,0
8572,64,5,12,11,1.279999971,1,7,1,0,0
12107,64,9,9,8,2.5,1,1,1,0,0
8598,64,96,7,5,3.099999905,2,3,1,0,0
6905,64,36,12,9,1.649999976,1,4,2,1,1
6905,64,36,12,9,1.340000033,2,4,2,1,1
11608,64,9,9,8,1.379999995,1,4,2,0,0
11608,64,9,9,8,1.24000001,1,4,2,0,0
6629,64,71,7,6,1.629999995,2,2,1,0,0
19212,64,9,9,8,2.849999905,1,3,1,1,1
7683,64,94,10,7,2.529999971,1,1,1,1,1
14587,64,9,9,8,2.410000086,1,2,1,1,0
1366,64,94,9,7,2.359999895,2,1,1,1,1
12946,64,9,9,8,2.029999971,1,2,1,0,0
1280,64,94,8,7,1.899999976,2,2,1,0,1
13594,64,96,9,5,3.25,2,4,1,0,1
4144,64,94,11,7,2.450000048,2,2,1,1,1
16538,64,94,11,7,2.74000001,2,2,1,0,1
4973,64,71,7,6,2.279999971,1,2,1,0,1
6545,64,94,11,7,2.920000076,1,2,1,0,1
7295,64,9,9,8,2.099999905,2,2,1,1,0
7755,64,94,10,7,1.570000052,1,3,2,1,2
7755,64,94,10,7,1.860000014,2,3,2,1,2
18234,64,94,8,7,2.200000048,2,2,2,0,1
9209,64,71,6,6,2.519999981,1,1,1,0,0
6738,64,9,11,8,2,1,2,1,0,0
14855,64,94,11,7,2.00999999,1,3,1,0,1
7365,64,71,7,6,2.329999924,2,2,1,0,0
16718,64,9,11,8,2.549999952,1,2,1,1,0
15318,64,9,10,8,3.349999905,2,3,1,0,0
6284,64,94,11,7,3.900000095,1,11,1,0,0
16758,64,71,10,6,3.200000048,2,4,1,0,2
15332,64,71,10,6,2.369999886,1,1,1,1,0
12892,64,9,9,8,2.799999952,1,5,1,0,1
2291,64,96,9,5,2.25,1,2,1,0,0
15796,64,96,9,5,2.630000114,2,1,1,0,1
17942,64,9,9,8,2,2,1,1,0,0
18093,64,96,9,5,2.25999999,1,2,1,1,1
4059,64,71,10,6,3.25,1,4,1,0,0
1527,64,94,7,7,1.600000024,1,1,1,1,1
1371,64,9,9,8,1.600000024,1,2,2,1,0
4220,64,71,9,6,2.505000114,1,2,1,0,0
18905,64,36,12,9,2.619999886,2,1,1,1,0
15950,64,9,9,8,2.349999905,2,1,1,1,1
17715,64,94,10,7,2.099999905,1,1,1,0,0
4845,64,71,10,6,1.110000014,1,1,1,1,1
19393,64,94,9,7,2.630000114,2,4,1,0,1
5409,64,71,9,6,2.5,1,4,1,1,0
13581,64,94,11,7,1.320000052,1,5,2,1,1
7175,64,9,11,8,1.769999981,2,2,2,0,0
7175,64,9,11,8,1.370000005,2,0,2,0,0
5266,64,36,10,9,1.600000024,1,2,1,0,1
1217,64,94,9,7,2.559999943,2,1,1,1,1
3071,64,100,11,10,2.440000057,1,2,1,1,2
15823,64,94,11,7,2.390000105,2,2,2,0,1
6836,64,9,11,8,2.24000001,2,2,1,0,0
14467,64,9,10,8,1.480000019,2,2,2,0,0
14467,64,9,10,8,1.360000014,1,2,2,0,0
3803,64,36,11,9,0.970000029,2,0,2,0,0
782,64,9,8,8,0.819999993,2,0,1,1,0
8396,64,94,11,7,0.660000026,1,0,1,0,0
6746,64,36,11,9,0.689999998,2,0,2,0,1
15415,64,94,8,7,0.939999998,2,1,1,1,1
17715,96,94,10,8,2.505000114,2,5,1,0,0
18542,96,25,8,5,2.680000067,2,2,1,1,1
15318,96,9,10,9,3.099999905,1,4,1,0,0
16458,96,94,11,8,1.919999957,1,2,1,0,1
6905,96,36,12,10,1.600000024,2,2,2,1,1
6905,96,36,12,10,1.74000001,2,0,2,1,1
13005,96,25,5,5,2.119999886,2,2,1,1,0
70,96,25,8,5,2.349999905,2,1,1,1,1
9961,96,25,5,5,1.370000005,1,2,1,1,0
9470,96,25,8,5,2.299999952,2,2,1,1,0
1469,96,25,8,5,2.210000038,1,4,1,0,0
13263,96,94,8,8,1.889999986,1,2,1,0,0
18138,96,71,10,7,2.079999924,2,1,1,1,0
13970,96,25,8,5,2.299999952,2,1,1,1,1
6629,96,71,7,7,2,2,1,1,0,0
11608,96,9,9,9,1.399999976,2,4,2,0,0
11608,96,9,9,9,1.399999976,1,5,2,0,0
8514,96,25,8,5,2.579999924,2,2,1,1,0
10389,96,25,6,5,1.909999967,1,3,2,1,1
10389,96,25,6,5,2.150000095,1,3,2,1,1
28,96,25,8,5,2.369999886,2,1,1,1,0
14855,96,94,11,8,1.75,2,2,1,0,1
12946,96,9,9,9,2.50999999,1,3,1,0,0
18604,96,25,8,5,2.799999952,1,2,1,1,0
840,96,25,8,5,1.929999948,1,3,2,1,0
840,96,25,8,5,1.860000014,2,3,2,1,0
3390,96,25,8,5,2.410000086,1,1,1,1,0
13258,96,94,11,8,2.930000067,2,1,1,1,1
7683,96,94,10,8,2.299999952,1,1,1,1,1
2865,96,25,7,5,2.460000038,1,1,1,1,0
7167,96,9,9,9,2.24000001,1,2,1,0,0
7734,96,36,10,10,1.519999981,2,3,2,0,1
7734,96,36,10,10,1.50999999,2,3,2,0,1
6131,96,9,11,9,2.910000086,2,2,1,1,0
4144,96,94,11,8,2.359999895,1,1,1,1,1
6545,96,94,11,8,2.75,1,1,1,0,1
3071,96,100,11,11,2.319999933,1,1,1,1,2
1217,96,94,9,8,1.700000048,1,2,2,1,1
1217,96,94,9,8,1.299999952,1,2,2,1,1
7755,96,94,10,8,2.309999943,1,1,1,1,2
17942,96,9,9,9,1.860000014,1,1,1,0,0
4701,96,25,7,5,2.339999914,2,3,1,0,1
1366,96,94,9,8,2.400000095,1,1,1,1,1
12892,96,9,9,9,1.909999967,1,4,1,0,1
15950,96,9,9,9,2.859999895,2,2,1,1,1
7271,96,96,6,6,2.150000095,1,3,2,0,0
7271,96,96,6,6,1.720000029,1,3,2,0,0
13650,96,25,8,5,2.75999999,2,3,1,1,0
16047,96,94,9,8,3.099999905,1,2,1,0,1
15695,96,25,8,5,2.119999886,2,3,1,1,0
11127,96,96,9,6,2.400000095,1,3,1,0,1
2915,96,9,10,9,2.369999886,1,3,1,0,0
10761,96,94,8,8,3.599999905,2,4,1,1,0
8676,96,25,7,5,2.960000038,1,3,1,1,0
2776,96,36,11,10,2.910000086,2,4,1,0,1
18234,96,94,8,8,2.599999905,1,3,1,0,1
6738,96,9,11,9,2.700000048,1,2,1,0,0
17801,96,36,13,10,2.900000095,1,4,1,0,0
17675,96,25,6,5,2.230000019,1,4,1,1,1
1277,96,25,8,5,2.519999981,2,4,1,0,0
16175,96,25,6,5,2.849999905,2,4,1,0,1
14587,96,9,9,9,3.049999952,2,2,1,1,0
14732,96,71,7,7,1.950000048,2,3,2,0,1
14732,96,71,7,7,1.899999976,2,3,2,0,1
17126,96,25,8,5,2.74000001,1,6,1,0,1
18292,96,71,9,7,1.899999976,1,4,2,0,0
18292,96,71,9,7,2.150000095,2,4,2,0,0
1371,96,9,9,9,1.529999971,2,2,2,1,0
1371,96,9,9,9,2,1,2,2,1,0
9365,96,25,8,5,2.549999952,1,1,1,1,0
18905,96,36,12,10,2.75,1,3,1,1,0
16718,96,9,11,9,2.349999905,2,2,1,1,0
18093,96,96,9,6,1.899999976,2,1,2,1,1
18093,96,96,9,6,1.659999967,1,1,2,1,1
12107,96,9,9,9,2.670000076,1,4,1,0,0
11956,96,25,8,5,2.400000095,2,1,1,1,1
16758,96,71,10,7,2.980000019,1,2,1,0,2
15823,96,94,11,8,2.130000114,2,1,1,0,1
10252,96,25,5,5,3.049999952,1,1,1,0,0
13594,96,96,9,6,2.400000095,2,3,2,0,1
13594,96,96,9,6,2.5,2,3,2,0,1
16538,96,94,11,8,2.75,2,2,1,0,1
5644,96,25,8,5,2.910000086,1,3,1,1,0
7175,96,9,11,9,2.450000048,1,1,1,0,0
1280,96,94,8,8,2.099999905,2,3,1,0,1
4259,96,9,9,9,1.669999957,2,2,2,0,0
4259,96,9,9,9,1.5,1,2,2,0,0
4815,96,96,6,6,2.799999952,1,2,1,0,0
16945,96,70,14,14,2.640000105,2,1,1,1,0
5266,96,36,10,10,2.150000095,2,2,1,0,1
3803,96,36,11,10,2.299999952,1,2,1,0,0
2291,96,96,9,6,2.809999943,1,2,1,0,0
6072,96,25,5,5,2.309999943,1,1,1,1,0
19393,96,94,9,8,2.859999895,2,3,1,0,1
3534,96,25,6,5,3.5,1,6,1,1,0
395,96,9,9,9,2.460000038,2,6,1,0,0
3273,96,25,8,5,2.289999962,1,3,1,1,0
7365,96,71,7,7,2,1,3,1,0,0
5409,96,71,9,7,2.609999895,2,4,1,1,0
15332,96,71,10,7,2.730000019,1,2,1,1,0
14914,96,71,10,7,3.549999952,1,5,1,0,0
4220,96,71,9,7,2.730000019,2,3,1,0,0
15796,96,96,9,6,2.880000114,1,1,1,0,1
14030,96,25,8,5,2.349999905,2,2,1,0,0
6836,96,9,11,9,2.119999886,2,4,2,0,0
8572,96,5,12,12,2.150000095,1,3,1,0,0
13644,96,9,9,9,0.800000012,2,0,1,0,0
4391,96,25,8,5,1.409999967,2,0,1,1,0
14467,96,9,10,9,1.120000005,2,0,2,0,0
5724,96,25,7,5,0.709999979,2,0,2,0,0
5724,96,25,7,5,1.519999981,1,0,2,0,0
17205,96,71,9,7,1.070000052,1,0,2,0,1
9458,56,64,7,5,1.5,1,3,2,1,1
28,56,25,8,6,1.879999995,2,2,1,1,0
9470,56,25,8,6,2.200000048,2,3,1,1,0
12734,56,64,7,5,1.980000019,2,3,1,0,0
17715,56,94,10,9,2.349999905,1,2,1,0,0
6993,56,64,7,5,1.899999976,1,3,1,0,0
6131,56,9,11,10,2.099999905,2,2,1,1,0
1155,56,64,7,5,2,2,3,1,1,0
18542,56,25,8,6,1.899999976,2,2,1,1,1
4701,56,25,7,6,1.850000024,1,2,1,0,1
8514,56,25,8,6,2.420000076,1,2,1,1,0
15630,56,25,8,6,2.400000095,1,2,1,0,0
8676,56,25,7,6,1.480000019,1,3,2,1,0
5644,56,25,8,6,1.549999952,2,2,2,1,0
5644,56,25,8,6,1.679999948,1,2,2,1,0
9027,56,64,7,5,2,2,2,1,1,0
4144,56,94,11,9,1.980000019,2,2,1,1,1
70,56,25,8,6,2.279999971,2,3,1,1,1
10561,56,25,8,6,1.950000048,2,2,1,1,0
663,56,64,7,5,2.25999999,2,2,1,0,1
13258,56,94,11,9,1.850000024,2,2,2,1,1
13258,56,94,11,9,1.389999986,2,1,2,1,1
12431,56,64,7,5,2.559999943,2,2,1,0,1
6886,56,64,6,5,1.950000048,1,4,1,0,0
8718,56,64,7,5,1.970000029,1,2,1,1,1
3908,56,64,7,5,2.74000001,1,3,1,0,1
7755,56,94,10,9,1.320000052,1,3,2,1,2
7683,56,94,10,9,1.899999976,1,1,1,1,1
18604,56,25,8,6,1.600000024,1,4,2,1,0
13650,56,25,8,6,2.140000105,2,2,1,1,0
9365,56,25,8,6,1.25999999,2,4,2,1,0
3390,56,25,8,6,2.319999933,2,2,1,1,0
15432,56,64,7,5,2.539999962,1,2,1,0,1
6746,56,36,11,11,1.950000048,2,2,1,0,1
1277,56,25,8,6,1.779999971,2,2,1,0,0
11127,56,96,9,7,2.480000019,2,2,1,0,1
788,56,64,7,5,1.940000057,1,2,1,1,1
14172,56,64,7,5,2.099999905,1,1,1,1,0
18138,56,71,10,8,1.389999986,2,3,1,1,0
11956,56,25,8,6,1.980000019,1,2,1,1,1
5724,56,25,7,6,1.480000019,2,2,1,0,0
16864,56,64,7,5,1.49000001,2,2,1,0,0
13594,56,96,9,7,2.579999924,1,2,1,0,1
18292,56,71,9,8,1.539999962,2,4,2,0,0
18292,56,71,9,8,1.379999995,1,4,2,0,0
16538,56,94,11,9,1.320000052,1,2,1,0,1
4391,56,25,8,6,2.319999933,1,2,1,1,0
4638,56,64,7,5,1.75999999,1,3,1,1,0
12116,56,64,7,5,2.180000067,2,2,1,1,0
4059,56,71,10,8,2.619999886,2,3,1,0,0
16458,56,94,11,9,1.980000019,1,2,1,0,1
6207,56,64,7,5,2.200000048,1,2,1,1,0
2291,56,96,9,7,2.279999971,2,2,1,0,0
16718,56,9,11,10,2.019999981,1,2,1,1,0
17126,56,25,8,6,1.860000014,2,4,1,0,1
18093,56,96,9,7,1.320000052,2,3,2,1,1
18087,56,9,12,10,1.889999986,1,5,1,0,0
840,56,25,8,6,1.179999948,1,4,2,1,0
840,56,25,8,6,1.74000001,1,4,2,1,0
14030,56,25,8,6,2.279999971,2,3,1,0,0
16758,56,71,10,8,2.720000029,2,2,1,0,2
10868,56,64,7,5,2.74000001,1,5,1,0,0
15796,56,96,9,7,2.069999933,1,1,1,0,1
14303,56,64,6,5,2.059999943,1,3,1,0,2
3273,56,25,8,6,1.120000005,1,3,2,1,0
7175,56,9,11,10,2.150000095,2,1,1,0,0
15356,56,64,7,5,2.569999933,2,5,1,0,1
6738,56,9,11,10,2.119999886,1,1,1,0,0
3186,56,64,7,5,2.640000105,1,2,1,1,0
13970,56,25,8,6,2.529999971,1,1,1,1,1
6284,56,94,11,9,3.049999952,1,5,1,0,0
17205,56,71,9,8,2.069999933,2,1,1,0,1
15332,56,71,10,8,2.609999895,1,1,1,1,0
11649,56,64,7,5,2.430000067,2,6,1,0,0
15823,56,94,11,9,1.799999952,2,2,1,0,1
5409,56,71,9,8,1.519999981,1,4,2,1,0
5409,56,71,9,8,1.559999943,2,4,2,1,0
14855,56,94,11,9,1.779999971,2,2,1,0,1
6836,56,9,11,10,1.669999957,2,5,1,0,0
13581,56,94,11,9,2.569999933,1,4,1,1,1
18604,56,25,8,6,1.370000005,2,0,2,1,0
17801,56,36,13,11,1.24000001,1,1,1,0,0
1469,56,25,8,6,1.159999967,1,1,1,0,0
4220,56,71,9,8,1.330000043,2,1,2,0,0
18093,56,96,9,7,1.00999999,2,0,2,1,1
543,56,64,7,5,0.790000021,2,1,2,0,0
18905,56,36,12,11,0.899999976,2,1,2,1,0
6993,59,64,7,6,2.339999914,1,1,1,0,0
70,59,25,8,7,2.220000029,1,1,1,1,1
18542,59,25,8,7,2.5,1,1,1,1,1
12734,59,64,7,6,2.220000029,2,1,1,0,0
9470,59,25,8,7,2.440000057,2,1,1,1,0
9718,59,64,7,6,2.400000095,1,2,1,1,1
5705,59,52,6,5,2.210000038,2,2,1,1,0
4845,59,71,10,9,2.25,1,1,1,1,1
5737,59,52,6,5,2.210000038,2,2,1,0,0
9027,59,64,7,6,2.160000086,1,1,1,1,0
9458,59,64,7,6,2.299999952,1,1,1,1,1
8514,59,25,8,7,2.359999895,1,1,1,1,0
28,59,25,8,7,2.549999952,1,2,1,1,0
6207,59,64,7,6,2.420000076,1,2,1,1,0
1277,59,25,8,7,2.00999999,2,1,1,0,0
1469,59,25,8,7,2.579999924,2,2,1,0,0
663,59,64,7,6,1.840000033,1,3,2,0,1
663,59,64,7,6,2.380000114,2,3,2,0,1
10868,59,64,7,6,2.5,2,2,1,0,0
18292,59,71,9,9,2.50999999,1,1,1,0,0
4180,59,52,6,5,2.910000086,2,2,1,1,0
8676,59,25,7,7,1.529999971,1,4,2,1,0
8676,59,25,7,7,1.669999957,1,4,2,1,0
15432,59,64,7,6,1.480000019,1,3,2,0,1
15432,59,64,7,6,1.600000024,2,3,2,0,1
15160,59,96,9,8,3,1,3,1,0,0
13258,59,94,11,10,2.730000019,2,1,1,1,1
6131,59,9,11,11,2.799999952,1,2,1,1,0
6905,59,36,12,12,1.590000033,2,3,2,1,1
6905,59,36,12,12,1.879999995,2,4,2,1,1
16538,59,94,11,10,2.920000076,2,3,1,0,1
4144,59,94,11,10,2.420000076,1,1,1,1,1
18655,59,52,6,5,2.549999952,1,3,1,0,0
13650,59,25,8,7,2.599999905,2,2,1,1,0
3390,59,25,8,7,2.450000048,1,1,1,1,0
18604,59,25,8,7,2.099999905,2,4,2,1,0
18604,59,25,8,7,1.850000024,1,4,2,1,0
788,59,64,7,6,2.650000095,2,2,1,1,1
8399,59,64,7,6,2.609999895,1,2,1,0,1
2865,59,25,7,7,2.920000076,2,1,1,1,0
16758,59,71,10,9,2.950000048,1,3,1,0,2
6252,59,52,6,5,2.50999999,2,1,1,1,0
11127,59,96,9,8,2.25,2,2,1,0,1
11956,59,25,8,7,2.619999886,2,1,1,1,1
3273,59,25,8,7,2.039999962,2,1,1,1,0
7777,59,52,6,5,3.349999905,2,9,1,1,0
15695,59,25,8,7,2.680000067,2,2,1,1,0
14172,59,64,7,6,2.579999924,1,2,1,1,0
3111,59,52,6,5,3.400000095,2,5,1,0,0
18138,59,71,10,9,1.220000029,1,3,2,1,0
18138,59,71,10,9,1.139999986,2,3,2,1,0
6738,59,9,11,11,2.180000067,2,2,1,0,0
17126,59,25,8,7,2.579999924,1,3,1,0,1
18161,59,52,6,5,2.700000048,1,2,1,0,1
543,59,64,7,6,2.099999905,2,2,1,0,0
17801,59,36,13,12,2.819999933,1,4,1,0,0
11649,59,64,7,6,2.460000038,1,3,1,0,0
3908,59,64,7,6,2.5,2,1,1,0,1
15630,59,25,8,7,3.299999952,2,4,1,0,0
10926,59,52,6,5,2.089999914,1,3,2,0,0
10926,59,52,6,5,2.099999905,1,3,2,0,0
15798,59,52,6,5,2.619999886,2,4,2,1,0
15798,59,52,6,5,1.940000057,2,4,2,1,0
13581,59,94,11,10,1.75999999,1,2,2,1,1
13581,59,94,11,10,2.049999952,1,2,2,1,1
16864,59,64,7,6,1.929999948,1,2,1,0,0
13594,59,96,9,8,2.099999905,2,1,2,0,1
13594,59,96,9,8,2.180000067,1,1,2,0,1
12431,59,64,7,6,2.920000076,2,3,1,0,1
15823,59,94,11,10,1.889999986,2,2,1,0,1
5724,59,25,7,7,1.899999976,2,3,1,0,0
18580,59,52,6,5,2.680000067,1,2,1,0,0
4611,59,64,7,6,3.200000048,2,3,1,0,0
8718,59,64,7,6,2.460000038,2,2,1,1,1
13970,59,25,8,7,2.710000038,2,1,1,1,1
11631,59,25,8,7,3.450000048,2,2,1,0,1
12116,59,64,7,6,2.549999952,2,2,1,1,0
14303,59,64,6,6,1.679999948,2,2,1,0,2
15796,59,96,9,8,2.220000029,1,1,1,0,1
6494,59,52,6,5,2.829999924,1,2,1,1,0
4391,59,25,8,7,2.549999952,1,2,1,1,0
4220,59,71,9,9,1.909999967,1,2,1,0,0
9365,59,25,8,7,3.049999952,2,2,1,1,0
4638,59,64,7,6,2.519999981,1,2,1,1,0
340,59,64,7,6,3.349999905,2,2,1,1,0
319,59,52,6,5,2.279999971,1,3,1,0,0
18093,59,96,9,8,2.50999999,2,3,2,1,1
18093,59,96,9,8,1.679999948,1,3,2,1,1
7175,59,9,11,11,1.539999962,1,3,2,0,0
7175,59,9,11,11,1.649999976,2,3,2,0,0
2291,59,96,9,8,2.619999886,1,1,1,0,0
840,59,25,8,7,1.919999957,1,2,2,1,0
840,59,25,8,7,2.039999962,1,2,2,1,0
10561,59,25,8,7,2.970000029,2,2,1,1,0
6886,59,64,6,6,2.619999886,2,4,1,0,0
6903,59,52,6,5,2.519999981,2,2,1,1,0
7755,59,94,10,10,1.889999986,2,2,2,1,2
7755,59,94,10,10,2.039999962,1,2,2,1,2
389,59,52,6,5,3,1,4,1,0,0
15332,59,71,10,9,2.470000029,1,2,1,1,0
3186,59,64,7,6,2.900000095,2,2,1,1,0
5719,59,52,6,5,2.809999943,2,2,1,1,0
18087,59,9,12,11,2.730000019,1,2,1,0,0
15356,59,64,7,6,3.599999905,1,12,1,0,1
18905,59,36,12,12,1.919999957,2,4,2,1,0
18905,59,36,12,12,1.659999967,2,4,2,1,0
5409,59,71,9,9,1.539999962,1,5,2,1,0
5409,59,71,9,9,1.879999995,2,5,2,1,0
6836,59,9,11,11,1.629999995,2,3,2,0,0
6836,59,9,11,11,1.529999971,2,3,2,0,0
14914,59,71,10,9,3.799999952,1,3,1,0,0
1155,59,64,7,6,2.599999905,1,1,1,1,0
14286,59,52,6,5,0.709999979,2,0,1,1,0
15432,37,64,7,7,1.059999943,2,0,2,0,1
15432,37,64,7,7,1.129999995,2,1,2,0,1
10868,37,64,7,7,0.75999999,2,1,2,0,0
18542,37,25,8,8,0.920000017,1,1,2,1,1
28,37,25,8,8,1.059999943,1,0,2,1,0
840,37,25,8,8,0.819999993,1,0,2,1,0
4391,37,25,8,8,0.970000029,2,0,2,1,0
840,37,25,8,8,0.980000019,2,1,2,1,0
6494,37,52,6,6,0.970000029,2,0,2,1,0
15332,37,71,10,10,0.889999986,2,0,2,1,0
15823,37,94,11,11,0.49000001,1,0,2,0,1
6993,37,64,7,7,2.480000019,1,10,1,0,0
9718,37,64,7,7,3.049999952,1,11,1,1,1
18542,37,25,8,8,1.519999981,1,10,2,1,1
1277,37,25,8,8,2.059999943,1,10,1,0,0
5737,37,52,6,6,2.700000048,2,9,1,0,0
4391,37,25,8,8,1.75999999,1,6,2,1,0
28,37,25,8,8,1.960000038,2,10,2,1,0
14599,37,76,5,5,3.450000048,1,10,1,1,1
13970,37,25,8,8,3.599999905,1,13,1,1,1
17064,37,76,5,5,2.930000067,1,9,1,0,1
1754,37,76,5,5,3.099999905,1,10,1,0,1
16404,37,76,5,5,2.690000057,2,9,2,1,1
11127,37,96,9,9,1.879999995,1,9,1,0,1
7776,37,76,5,5,2.859999895,1,11,1,0,0
13036,37,76,5,5,1.830000043,1,7,1,0,0
16864,37,64,7,7,1.480000019,1,15,1,0,0
8399,37,64,7,7,2.75999999,1,11,1,0,1
2291,37,96,9,9,1.879999995,1,11,1,0,0
1155,37,64,7,7,3.700000048,1,12,1,1,0
6545,37,94,11,11,3.349999905,2,9,1,0,1
6494,37,52,6,6,3.049999952,2,15,2,1,0
18580,37,52,6,6,3.799999952,1,9,1,0,0
15796,37,96,9,9,3.299999952,2,9,1,0,1
340,37,64,7,7,3.970000029,1,15,1,1,0
3390,37,25,8,8,2.50999999,2,17,2,1,0
3390,37,25,8,8,2.529999971,2,17,2,1,0
15332,37,71,10,10,2.670000076,2,14,2,1,0
14172,37,64,7,7,2.519999981,1,1,1,1,0
