FemaleID,ObsYear,FemaleCohort,AgeLastObs,Age,Fecundity,OffspringRecruitment,BredYearling,EarlyLifeRec
18337,28,48,10,5,0,,0,1
18337,27,48,10,6,1,1,0,1
18337,3,48,10,7,1,0,0,1
18337,61,48,10,8,1,1,0,1
18337,9,48,10,9,1,0,0,1
18337,95,48,10,10,0,,0,1
15342,28,48,9,5,1,1,0,1
15342,27,48,9,6,1,1,0,1
15342,3,48,9,7,1,0,0,1
15342,61,48,9,8,1,0,0,1
15342,9,48,9,9,0,,0,1
6959,28,48,8,5,1,1,0,2
6959,27,48,8,6,1,0,0,2
6959,3,48,8,7,1,1,0,2
6959,61,48,8,8,1,1,0,2
4650,28,48,8,5,1,1,1,1
4650,27,48,8,6,0,,1,1
4650,3,48,8,7,1,1,1,1
4650,61,48,8,8,0,,1,1
12702,27,67,6,5,1,0,1,1
12702,3,67,6,6,1,0,1,1
8258,27,67,12,5,1,0,1,1
8258,3,67,12,6,1,1,1,1
8258,61,67,12,7,1,0,1,1
8258,9,67,12,8,1,0,1,1
8258,95,67,12,9,1,1,1,1
8258,57,67,12,10,1,1,1,1
8258,68,67,12,11,1,0,1,1
8258,63,67,12,12,0,,1,1
8046,27,67,9,5,1,0,0,0
8046,3,67,9,6,1,1,0,0
8046,61,67,9,7,1,0,0,0
8046,9,67,9,8,1,0,0,0
8046,95,67,9,9,0,,0,0
13527,27,67,5,5,0,,0,1
15735,27,67,9,5,1,0,1,2
15735,3,67,9,6,1,1,1,2
15735,61,67,9,7,1,0,1,2
15735,9,67,9,8,1,1,1,2
15735,95,67,9,9,0,,1,2
11087,27,67,15,5,1,1,1,0
11087,3,67,15,6,1,0,1,0
11087,61,67,15,7,1,0,1,0
11087,9,67,15,8,1,0,1,0
11087,95,67,15,9,1,0,1,0
11087,57,67,15,10,0,,1,0
11087,68,67,15,11,1,0,1,0
11087,63,67,15,12,0,,1,0
11087,47,67,15,13,0,,1,0
11087,84,67,15,14,0,,1,0
11087,90,67,15,15,0,,1,0
2245,27,67,10,5,1,1,1,0
2245,3,67,10,6,1,1,1,0
2245,61,67,10,7,1,1,1,0
2245,9,67,10,8,1,0,1,0
2245,95,67,10,9,1,1,1,0
2245,57,67,10,10,1,0,1,0
16824,27,67,10,5,1,0,1,1
16824,3,67,10,6,1,1,1,1
16824,61,67,10,7,1,1,1,1
16824,9,67,10,8,1,0,1,1
16824,95,67,10,9,1,0,1,1
16824,57,67,10,10,1,0,1,1
4722,27,67,11,5,1,0,0,0
4722,3,67,11,6,1,0,0,0
4722,61,67,11,7,1,1,0,0
4722,9,67,11,8,1,0,0,0
4722,95,67,11,9,0,,0,0
4722,57,67,11,10,0,,0,0
4722,68,67,11,11,1,0,0,0
9816,3,68,11,5,1,1,1,1
9816,61,68,11,6,1,1,1,1
9816,9,68,11,7,1,0,1,1
9816,95,68,11,8,1,1,1,1
9816,57,68,11,9,1,1,1,1
9816,68,68,11,10,1,0,1,1
9816,63,68,11,11,0,,1,1
7200,3,68,8,5,1,0,0,1
7200,61,68,8,6,1,1,0,1
7200,9,68,8,7,1,0,0,1
7200,95,68,8,8,1,1,0,1
4844,3,68,5,5,1,0,1,1
8241,3,68,11,5,1,1,0,1
8241,61,68,11,6,1,1,0,1
8241,9,68,11,7,1,1,0,1
8241,95,68,11,8,0,,0,1
8241,57,68,11,9,1,1,0,1
8241,68,68,11,10,1,1,0,1
8241,63,68,11,11,0,,0,1
11270,3,68,8,5,1,1,1,1
11270,61,68,8,6,1,1,1,1
11270,9,68,8,7,1,0,1,1
11270,95,68,8,8,0,,1,1
15334,3,68,7,5,1,0,1,1
15334,61,68,7,6,1,0,1,1
15334,9,68,7,7,1,1,1,1
14369,3,68,8,5,1,0,1,1
14369,61,68,8,6,1,1,1,1
14369,9,68,8,7,1,1,1,1
14369,95,68,8,8,0,,1,1
877,3,68,11,5,1,1,1,2
877,61,68,11,6,1,0,1,2
877,9,68,11,7,1,0,1,2
877,95,68,11,8,1,1,1,2
877,57,68,11,9,1,1,1,2
877,68,68,11,10,1,0,1,2
877,63,68,11,11,1,0,1,2
6669,3,68,5,5,1,0,0,1
2782,3,68,7,5,0,,0,0
2782,61,68,7,6,0,,0,0
2782,9,68,7,7,0,,0,0
18446,3,68,11,5,1,1,1,0
18446,61,68,11,6,1,1,1,0
18446,9,68,11,7,1,1,1,0
18446,95,68,11,8,1,1,1,0
18446,57,68,11,9,1,0,1,0
18446,68,68,11,10,0,,1,0
18446,63,68,11,11,1,0,1,0
2615,3,68,10,5,1,1,1,2
2615,61,68,10,6,1,1,1,2
2615,9,68,10,7,1,0,1,2
2615,95,68,10,8,1,1,1,2
2615,57,68,10,9,1,1,1,2
2615,68,68,10,10,1,0,1,2
8321,3,68,5,5,0,,0,0
5872,3,68,11,5,1,0,1,1
5872,61,68,11,6,1,1,1,1
5872,9,68,11,7,1,0,1,1
5872,95,68,11,8,1,1,1,1
5872,57,68,11,9,1,0,1,1
5872,68,68,11,10,1,0,1,1
5872,63,68,11,11,1,0,1,1
17283,3,68,7,5,1,1,1,1
17283,61,68,7,6,1,0,1,1
17283,9,68,7,7,1,0,1,1
2767,3,68,8,5,1,1,0,1
2767,61,68,8,6,1,1,0,1
2767,9,68,8,7,1,0,0,1
2767,95,68,8,8,0,,0,1
19828,3,68,7,5,1,1,0,0
19828,61,68,7,6,1,0,0,0
19828,9,68,7,7,1,0,0,0
6998,3,68,11,5,1,1,1,1
6998,61,68,11,6,1,1,1,1
6998,9,68,11,7,1,0,1,1
6998,95,68,11,8,1,1,1,1
6998,57,68,11,9,1,1,1,1
6998,68,68,11,10,1,0,1,1
6998,63,68,11,11,0,,1,1
15652,3,68,7,5,1,0,1,2
15652,61,68,7,6,1,1,1,2
15652,9,68,7,7,1,0,1,2
1489,61,6,7,5,1,0,1,1
1489,9,6,7,6,0,,1,1
1489,95,6,7,7,0,,1,1
2925,61,6,9,5,1,0,0,2
2925,9,6,9,6,1,0,0,2
2925,95,6,9,7,1,1,0,2
2925,57,6,9,8,1,1,0,2
2925,68,6,9,9,1,0,0,2
2215,61,6,13,5,1,1,0,2
2215,9,6,13,6,1,0,0,2
2215,95,6,13,7,1,0,0,2
2215,57,6,13,8,1,0,0,2
2215,68,6,13,9,1,1,0,2
2215,63,6,13,10,1,0,0,2
2215,47,6,13,11,1,1,0,2
2215,84,6,13,12,1,0,0,2
2215,90,6,13,13,1,0,0,2
18789,61,6,13,5,0,,0,0
18789,9,6,13,6,0,,0,0
18789,95,6,13,7,0,,0,0
18789,57,6,13,8,0,,0,0
18789,68,6,13,9,0,,0,0
18789,63,6,13,10,0,,0,0
18789,47,6,13,11,0,,0,0
18789,84,6,13,12,0,,0,0
18789,90,6,13,13,0,,0,0
11256,61,6,10,5,1,0,0,1
11256,9,6,10,6,1,0,0,1
11256,95,6,10,7,1,0,0,1
11256,57,6,10,8,1,0,0,1
11256,68,6,10,9,0,,0,1
11256,63,6,10,10,1,0,0,1
2605,61,6,13,5,0,,0,0
2605,9,6,13,6,0,,0,0
2605,95,6,13,7,0,,0,0
2605,57,6,13,8,0,,0,0
2605,68,6,13,9,0,,0,0
2605,63,6,13,10,0,,0,0
2605,47,6,13,11,0,,0,0
2605,84,6,13,12,0,,0,0
2605,90,6,13,13,0,,0,0
12614,61,6,10,5,1,0,0,1
12614,9,6,10,6,0,,0,1
12614,95,6,10,7,1,1,0,1
12614,57,6,10,8,1,0,0,1
12614,68,6,10,9,1,0,0,1
12614,63,6,10,10,1,0,0,1
3434,61,6,10,5,0,,0,0
3434,9,6,10,6,0,,0,0
3434,95,6,10,7,0,,0,0
3434,57,6,10,8,0,,0,0
3434,68,6,10,9,0,,0,0
3434,63,6,10,10,0,,0,0
19020,61,6,10,5,1,1,0,2
19020,9,6,10,6,1,0,0,2
19020,95,6,10,7,1,1,0,2
19020,57,6,10,8,1,0,0,2
19020,68,6,10,9,1,0,0,2
19020,63,6,10,10,1,0,0,2
6915,61,6,10,5,1,0,0,1
6915,9,6,10,6,1,0,0,1
6915,95,6,10,7,1,1,0,1
6915,57,6,10,8,1,0,0,1
6915,68,6,10,9,1,0,0,1
6915,63,6,10,10,1,0,0,1
19563,61,6,10,5,1,1,0,2
19563,9,6,10,6,1,0,0,2
19563,95,6,10,7,1,1,0,2
19563,57,6,10,8,1,1,0,2
19563,68,6,10,9,1,0,0,2
19563,63,6,10,10,1,0,0,2
9289,9,19,5,5,0,,1,1
11170,9,19,9,5,0,,1,1
11170,95,19,9,6,1,1,1,1
11170,57,19,9,7,1,0,1,1
11170,68,19,9,8,0,,1,1
11170,63,19,9,9,0,,1,1
14228,9,19,9,5,1,0,1,2
14228,95,19,9,6,1,1,1,2
14228,57,19,9,7,1,1,1,2
14228,68,19,9,8,1,1,1,2
14228,63,19,9,9,1,0,1,2
3867,9,19,9,5,0,,1,2
3867,95,19,9,6,1,0,1,2
3867,57,19,9,7,1,1,1,2
3867,68,19,9,8,1,1,1,2
3867,63,19,9,9,1,0,1,2
12063,9,19,10,5,0,,0,0
12063,95,19,10,6,0,,0,0
12063,57,19,10,7,0,,0,0
12063,68,19,10,8,0,,0,0
12063,63,19,10,9,0,,0,0
12063,47,19,10,10,0,,0,0
2768,9,19,9,5,1,0,1,1
2768,95,19,9,6,1,1,1,1
2768,57,19,9,7,1,0,1,1
2768,68,19,9,8,1,0,1,1
2768,63,19,9,9,1,0,1,1
11655,9,19,6,5,1,0,1,1
11655,95,19,6,6,0,,1,1
18874,9,19,9,5,1,0,1,3
18874,95,19,9,6,1,1,1,3
18874,57,19,9,7,1,1,1,3
18874,68,19,9,8,1,0,1,3
18874,63,19,9,9,1,0,1,3
1952,9,19,9,5,1,1,1,3
1952,95,19,9,6,0,,1,3
1952,57,19,9,7,1,1,1,3
1952,68,19,9,8,1,1,1,3
1952,63,19,9,9,1,0,1,3
12541,9,19,9,5,1,0,1,1
12541,95,19,9,6,1,1,1,1
12541,57,19,9,7,1,1,1,1
12541,68,19,9,8,1,0,1,1
12541,63,19,9,9,0,,1,1
17325,9,19,9,5,1,1,0,1
17325,95,19,9,6,1,1,0,1
17325,57,19,9,7,1,0,0,1
17325,68,19,9,8,1,1,0,1
17325,63,19,9,9,1,0,0,1
3072,9,19,9,5,0,,1,1
3072,95,19,9,6,1,0,1,1
3072,57,19,9,7,0,,1,1
3072,68,19,9,8,0,,1,1
3072,63,19,9,9,0,,1,1
12171,9,19,9,5,1,0,1,0
12171,95,19,9,6,1,1,1,0
12171,57,19,9,7,1,0,1,0
12171,68,19,9,8,1,0,1,0
12171,63,19,9,9,0,,1,0
8369,9,19,10,5,0,,0,0
8369,95,19,10,6,0,,0,0
8369,57,19,10,7,0,,0,0
8369,68,19,10,8,0,,0,0
8369,63,19,10,9,1,0,0,0
8369,47,19,10,10,1,1,0,0
9419,9,19,9,5,1,1,1,1
9419,95,19,9,6,1,1,1,1
9419,57,19,9,7,1,1,1,1
9419,68,19,9,8,1,1,1,1
9419,63,19,9,9,1,1,1,1
155,9,19,9,5,1,0,1,3
155,95,19,9,6,1,1,1,3
155,57,19,9,7,0,,1,3
155,68,19,9,8,1,0,1,3
155,63,19,9,9,1,0,1,3
12000,9,19,9,5,1,0,1,2
12000,95,19,9,6,1,1,1,2
12000,57,19,9,7,1,0,1,2
12000,68,19,9,8,1,1,1,2
12000,63,19,9,9,1,0,1,2
18780,9,19,9,5,1,0,1,1
18780,95,19,9,6,1,1,1,1
18780,57,19,9,7,1,0,1,1
18780,68,19,9,8,1,0,1,1
18780,63,19,9,9,1,0,1,1
11013,95,2,8,5,1,1,1,0
11013,57,2,8,6,0,,1,0
11013,68,2,8,7,0,,1,0
11013,63,2,8,8,1,0,1,0
19752,95,2,11,5,1,1,0,1
19752,57,2,11,6,1,1,0,1
19752,68,2,11,7,1,0,0,1
19752,63,2,11,8,1,0,0,1
19752,47,2,11,9,1,1,0,1
19752,84,2,11,10,1,1,0,1
19752,90,2,11,11,1,0,0,1
3975,95,2,8,5,1,1,0,0
3975,57,2,8,6,1,1,0,0
3975,68,2,8,7,1,0,0,0
3975,63,2,8,8,1,0,0,0
14394,95,2,12,5,1,0,1,1
14394,57,2,12,6,1,0,1,1
14394,68,2,12,7,1,1,1,1
14394,63,2,12,8,1,0,1,1
14394,47,2,12,9,1,1,1,1
14394,84,2,12,10,1,0,1,1
14394,90,2,12,11,0,,1,1
14394,93,2,12,12,1,1,1,1
12356,95,2,13,5,0,,0,0
12356,57,2,13,6,0,,0,0
12356,68,2,13,7,0,,0,0
12356,63,2,13,8,0,,0,0
12356,47,2,13,9,0,,0,0
12356,84,2,13,10,0,,0,0
12356,90,2,13,11,0,,0,0
12356,93,2,13,12,0,,0,0
12356,74,2,13,13,0,,0,0
6629,95,2,8,5,1,1,1,2
6629,57,2,8,6,1,1,1,2
6629,68,2,8,7,1,1,1,2
6629,63,2,8,8,1,0,1,2
16798,95,2,10,5,1,1,1,0
16798,57,2,10,6,1,0,1,0
16798,68,2,10,7,1,0,1,0
16798,63,2,10,8,1,0,1,0
16798,47,2,10,9,1,1,1,0
16798,84,2,10,10,1,1,1,0
4921,95,2,8,5,1,1,1,1
4921,57,2,8,6,1,0,1,1
4921,68,2,8,7,1,0,1,1
4921,63,2,8,8,1,0,1,1
604,95,2,8,5,1,1,1,1
604,57,2,8,6,0,,1,1
604,68,2,8,7,1,0,1,1
604,63,2,8,8,1,0,1,1
3782,95,2,8,5,1,1,1,1
3782,57,2,8,6,1,0,1,1
3782,68,2,8,7,1,1,1,1
3782,63,2,8,8,1,0,1,1
7665,95,2,8,5,0,,0,0
7665,57,2,8,6,0,,0,0
7665,68,2,8,7,0,,0,0
7665,63,2,8,8,0,,0,0
4935,95,2,11,5,1,1,0,1
4935,57,2,11,6,1,1,0,1
4935,68,2,11,7,1,0,0,1
4935,63,2,11,8,1,0,0,1
4935,47,2,11,9,1,1,0,1
4935,84,2,11,10,1,1,0,1
4935,90,2,11,11,1,0,0,1
990,95,2,8,5,1,1,0,2
990,57,2,8,6,0,,0,2
990,68,2,8,7,1,0,0,2
990,63,2,8,8,1,0,0,2
12478,95,2,6,5,1,1,0,1
12478,57,2,6,6,1,1,0,1
5710,95,2,15,5,0,,0,0
5710,57,2,15,6,0,,0,0
5710,68,2,15,7,0,,0,0
5710,63,2,15,8,0,,0,0
5710,47,2,15,9,0,,0,0
5710,84,2,15,10,0,,0,0
5710,90,2,15,11,0,,0,0
5710,93,2,15,12,0,,0,0
5710,74,2,15,13,0,,0,0
5710,58,2,15,14,0,,0,0
5710,11,2,15,15,0,,0,0
15505,95,2,13,5,1,0,1,0
15505,57,2,13,6,1,0,1,0
15505,68,2,13,7,1,0,1,0
15505,63,2,13,8,0,,1,0
15505,47,2,13,9,0,,1,0
15505,84,2,13,10,0,,1,0
15505,90,2,13,11,1,0,1,0
15505,93,2,13,12,0,,1,0
15505,74,2,13,13,0,,1,0
4849,95,2,12,5,1,1,0,0
4849,57,2,12,6,1,0,0,0
4849,68,2,12,7,1,0,0,0
4849,63,2,12,8,1,0,0,0
4849,47,2,12,9,1,1,0,0
4849,84,2,12,10,1,1,0,0
4849,90,2,12,11,1,0,0,0
4849,93,2,12,12,0,,0,0
7029,95,2,5,5,0,,0,0
16481,95,2,9,5,1,1,1,1
16481,57,2,9,6,1,0,1,1
16481,68,2,9,7,1,0,1,1
16481,63,2,9,8,1,0,1,1
16481,47,2,9,9,0,,1,1
16606,95,2,6,5,1,1,0,0
16606,57,2,6,6,1,0,0,0
8638,95,2,5,5,0,,1,0
16049,95,2,9,5,1,1,0,1
16049,57,2,9,6,1,1,0,1
16049,68,2,9,7,1,0,0,1
16049,63,2,9,8,1,0,0,1
16049,47,2,9,9,0,,0,1
15596,95,2,8,5,1,0,0,0
15596,57,2,8,6,0,,0,0
15596,68,2,8,7,1,0,0,0
15596,63,2,8,8,0,,0,0
16403,95,2,11,5,1,1,1,0
16403,57,2,11,6,0,,1,0
16403,68,2,11,7,0,,1,0
16403,63,2,11,8,1,0,1,0
16403,47,2,11,9,0,,1,0
16403,84,2,11,10,0,,1,0
16403,90,2,11,11,1,0,1,0
17151,95,2,8,5,1,1,1,0
17151,57,2,8,6,1,1,1,0
17151,68,2,8,7,1,0,1,0
17151,63,2,8,8,1,0,1,0
9833,95,2,8,5,1,0,0,0
9833,57,2,8,6,1,0,0,0
9833,68,2,8,7,1,0,0,0
9833,63,2,8,8,1,0,0,0
18797,95,2,7,5,1,1,1,2
18797,57,2,7,6,1,0,1,2
18797,68,2,7,7,1,0,1,2
17472,95,2,11,5,1,1,1,2
17472,57,2,11,6,1,0,1,2
17472,68,2,11,7,1,0,1,2
17472,63,2,11,8,1,0,1,2
17472,47,2,11,9,1,1,1,2
17472,84,2,11,10,1,1,1,2
17472,90,2,11,11,1,0,1,2
15848,95,2,7,5,1,1,0,1
15848,57,2,7,6,1,0,0,1
15848,68,2,7,7,1,1,0,1
18304,95,2,8,5,0,,1,1
18304,57,2,8,6,1,0,1,1
18304,68,2,8,7,1,0,1,1
18304,63,2,8,8,0,,1,1
10041,95,2,10,5,0,,0,0
10041,57,2,10,6,1,1,0,0
10041,68,2,10,7,0,,0,0
10041,63,2,10,8,0,,0,0
10041,47,2,10,9,0,,0,0
10041,84,2,10,10,1,0,0,0
6369,95,2,8,5,1,0,0,2
6369,57,2,8,6,1,1,0,2
6369,68,2,8,7,1,0,0,2
6369,63,2,8,8,1,0,0,2
2276,95,2,7,5,1,1,1,0
2276,57,2,7,6,1,0,1,0
2276,68,2,7,7,1,0,1,0
3426,95,2,7,5,1,1,1,0
3426,57,2,7,6,1,0,1,0
3426,68,2,7,7,1,0,1,0
14193,95,2,11,5,1,1,0,2
14193,57,2,11,6,1,1,0,2
14193,68,2,11,7,1,1,0,2
14193,63,2,11,8,1,0,0,2
14193,47,2,11,9,1,1,0,2
14193,84,2,11,10,0,,0,2
14193,90,2,11,11,1,0,0,2
15952,95,2,8,5,1,1,0,1
15952,57,2,8,6,1,0,0,1
15952,68,2,8,7,1,1,0,1
15952,63,2,8,8,1,0,0,1
5297,95,2,14,5,1,1,0,1
5297,57,2,14,6,1,0,0,1
5297,68,2,14,7,1,1,0,1
5297,63,2,14,8,1,0,0,1
5297,47,2,14,9,1,0,0,1
5297,84,2,14,10,1,1,0,1
5297,90,2,14,11,1,0,0,1
5297,93,2,14,12,1,0,0,1
5297,74,2,14,13,1,1,0,1
5297,58,2,14,14,1,0,0,1
5306,95,2,11,5,0,,0,0
5306,57,2,11,6,1,1,0,0
5306,68,2,11,7,0,,0,0
5306,63,2,11,8,1,0,0,0
5306,47,2,11,9,0,,0,0
5306,84,2,11,10,0,,0,0
5306,90,2,11,11,0,,0,0
17777,95,2,11,5,1,1,0,1
17777,57,2,11,6,1,1,0,1
17777,68,2,11,7,1,0,0,1
17777,63,2,11,8,1,1,0,1
17777,47,2,11,9,1,0,0,1
17777,84,2,11,10,1,0,0,1
17777,90,2,11,11,1,0,0,1
1497,57,99,10,5,1,1,0,0
1497,68,99,10,6,1,1,0,0
1497,63,99,10,7,1,0,0,0
1497,47,99,10,8,0,,0,0
1497,84,99,10,9,1,1,0,0
1497,90,99,10,10,1,0,0,0
10691,57,99,7,5,1,0,1,1
10691,68,99,7,6,1,0,1,1
10691,63,99,7,7,1,0,1,1
12638,57,99,7,5,0,,1,0
12638,68,99,7,6,0,,1,0
12638,63,99,7,7,0,,1,0
7611,57,99,8,5,1,0,0,0
7611,68,99,8,6,1,1,0,0
7611,63,99,8,7,1,0,0,0
7611,47,99,8,8,0,,0,0
12534,57,99,7,5,1,0,0,1
12534,68,99,7,6,1,1,0,1
12534,63,99,7,7,1,0,0,1
13329,57,99,8,5,1,1,1,0
13329,68,99,8,6,1,0,1,0
13329,63,99,8,7,1,0,1,0
13329,47,99,8,8,0,,1,0
8968,57,99,10,5,1,0,0,1
8968,68,99,10,6,1,0,0,1
8968,63,99,10,7,1,0,0,1
8968,47,99,10,8,1,1,0,1
8968,84,99,10,9,1,1,0,1
8968,90,99,10,10,1,0,0,1
13835,57,99,7,5,1,0,0,2
13835,68,99,7,6,1,1,0,2
13835,63,99,7,7,0,,0,2
4629,57,99,13,5,0,,0,0
4629,68,99,13,6,0,,0,0
4629,63,99,13,7,0,,0,0
4629,47,99,13,8,0,,0,0
4629,84,99,13,9,0,,0,0
4629,90,99,13,10,0,,0,0
4629,93,99,13,11,0,,0,0
4629,74,99,13,12,0,,0,0
4629,58,99,13,13,0,,0,0
9462,57,99,7,5,1,1,0,1
9462,68,99,7,6,0,,0,1
9462,63,99,7,7,1,0,0,1
13309,57,99,9,5,1,0,1,1
13309,68,99,9,6,1,0,1,1
13309,63,99,9,7,1,0,1,1
13309,47,99,9,8,1,1,1,1
13309,84,99,9,9,1,1,1,1
19476,57,99,10,5,0,,0,0
19476,68,99,10,6,1,0,0,0
19476,63,99,10,7,1,0,0,0
19476,47,99,10,8,1,0,0,0
19476,84,99,10,9,0,,0,0
19476,90,99,10,10,1,0,0,0
15064,57,99,6,5,1,0,1,1
15064,68,99,6,6,0,,1,1
2055,57,99,6,5,1,1,0,0
2055,68,99,6,6,0,,0,0
14034,57,99,7,5,1,0,0,0
14034,68,99,7,6,1,0,0,0
14034,63,99,7,7,1,0,0,0
4997,57,99,8,5,1,0,1,1
4997,68,99,8,6,1,0,1,1
4997,63,99,8,7,1,0,1,1
4997,47,99,8,8,0,,1,1
2977,57,99,7,5,1,1,0,0
2977,68,99,7,6,1,0,0,0
2977,63,99,7,7,1,0,0,0
6375,57,99,10,5,0,,1,1
6375,68,99,10,6,1,1,1,1
6375,63,99,10,7,1,0,1,1
6375,47,99,10,8,1,0,1,1
6375,84,99,10,9,1,1,1,1
6375,90,99,10,10,1,1,1,1
7965,57,99,7,5,1,0,1,1
7965,68,99,7,6,0,,1,1
7965,63,99,7,7,1,0,1,1
12079,57,99,8,5,1,0,1,1
12079,68,99,8,6,1,1,1,1
12079,63,99,8,7,1,0,1,1
12079,47,99,8,8,0,,1,1
2949,68,26,11,5,1,0,0,1
2949,63,26,11,6,1,0,0,1
2949,47,26,11,7,1,0,0,1
2949,84,26,11,8,0,,0,1
2949,90,26,11,9,1,0,0,1
2949,93,26,11,10,1,0,0,1
2949,74,26,11,11,1,1,0,1
12039,68,26,6,5,0,,0,0
12039,63,26,6,6,0,,0,0
9460,68,26,10,5,1,0,1,1
9460,63,26,10,6,1,0,1,1
9460,47,26,10,7,1,1,1,1
9460,84,26,10,8,1,0,1,1
9460,90,26,10,9,1,0,1,1
9460,93,26,10,10,0,,1,1
19229,68,26,6,5,1,0,0,0
19229,63,26,6,6,1,0,0,0
8195,68,26,6,5,1,1,0,0
8195,63,26,6,6,1,0,0,0
5809,68,26,6,5,1,0,0,2
5809,63,26,6,6,1,0,0,2
18261,68,26,6,5,1,0,1,1
18261,63,26,6,6,1,0,1,1
19366,68,26,9,5,0,,1,0
19366,63,26,9,6,0,,1,0
19366,47,26,9,7,0,,1,0
19366,84,26,9,8,0,,1,0
19366,90,26,9,9,0,,1,0
15220,68,26,6,5,1,0,1,0
15220,63,26,6,6,1,0,1,0
12764,68,26,12,5,1,1,1,1
12764,63,26,12,6,1,0,1,1
12764,47,26,12,7,1,0,1,1
12764,84,26,12,8,1,1,1,1
12764,90,26,12,9,1,0,1,1
12764,93,26,12,10,1,0,1,1
12764,74,26,12,11,1,1,1,1
12764,58,26,12,12,1,0,1,1
9097,68,26,9,5,1,1,1,1
9097,63,26,9,6,1,0,1,1
9097,47,26,9,7,1,0,1,1
9097,84,26,9,8,1,1,1,1
9097,90,26,9,9,1,0,1,1
14889,68,26,7,5,1,0,0,1
14889,63,26,7,6,1,0,0,1
14889,47,26,7,7,0,,0,1
517,68,26,6,5,1,0,1,1
517,63,26,6,6,1,0,1,1
8386,68,26,12,5,1,1,0,0
8386,63,26,12,6,1,0,0,0
8386,47,26,12,7,1,1,0,0
8386,84,26,12,8,1,1,0,0
8386,90,26,12,9,1,0,0,0
8386,93,26,12,10,1,0,0,0
8386,74,26,12,11,1,1,0,0
8386,58,26,12,12,1,0,0,0
4848,68,26,6,5,1,0,1,1
4848,63,26,6,6,0,,1,1
11419,68,26,7,5,1,1,1,1
11419,63,26,7,6,1,0,1,1
11419,47,26,7,7,0,,1,1
1404,68,26,7,5,1,0,1,1
1404,63,26,7,6,1,1,1,1
1404,47,26,7,7,0,,1,1
15938,68,26,9,5,0,,0,1
15938,63,26,9,6,0,,0,1
15938,47,26,9,7,0,,0,1
15938,84,26,9,8,1,0,0,1
15938,90,26,9,9,1,1,0,1
17733,68,26,6,5,1,0,0,1
17733,63,26,6,6,0,,0,1
8735,68,26,9,5,0,,0,2
8735,63,26,9,6,1,1,0,2
8735,47,26,9,7,1,1,0,2
8735,84,26,9,8,0,,0,2
8735,90,26,9,9,1,0,0,2
7048,68,26,6,5,1,0,1,0
7048,63,26,6,6,1,0,1,0
887,68,26,9,5,1,1,1,1
887,63,26,9,6,1,0,1,1
887,47,26,9,7,1,1,1,1
887,84,26,9,8,1,1,1,1
887,90,26,9,9,1,0,1,1
6072,68,26,9,5,1,0,0,1
6072,63,26,9,6,1,0,0,1
6072,47,26,9,7,1,1,0,1
6072,84,26,9,8,0,,0,1
6072,90,26,9,9,0,,0,1
9266,68,26,7,5,1,1,1,2
9266,63,26,7,6,1,0,1,2
9266,47,26,7,7,1,0,1,2
1139,68,26,9,5,1,0,1,0
1139,63,26,9,6,1,0,1,0
1139,47,26,9,7,1,0,1,0
1139,84,26,9,8,1,0,1,0
1139,90,26,9,9,1,0,1,0
13859,68,26,9,5,1,0,1,0
13859,63,26,9,6,1,0,1,0
13859,47,26,9,7,1,1,1,0
13859,84,26,9,8,1,1,1,0
13859,90,26,9,9,1,0,1,0
16232,68,26,5,5,1,0,1,1
19886,68,26,7,5,1,0,0,1
19886,63,26,7,6,1,1,0,1
19886,47,26,7,7,0,,0,1
19562,68,26,6,5,1,0,0,0
19562,63,26,6,6,1,0,0,0
14367,68,26,7,5,1,0,1,1
14367,63,26,7,6,1,0,1,1
14367,47,26,7,7,1,1,1,1
17428,68,26,11,5,1,0,1,1
17428,63,26,11,6,1,1,1,1
17428,47,26,11,7,1,1,1,1
17428,84,26,11,8,1,1,1,1
17428,90,26,11,9,1,0,1,1
17428,93,26,11,10,1,0,1,1
17428,74,26,11,11,1,1,1,1
1271,68,26,9,5,1,1,0,0
1271,63,26,9,6,1,0,0,0
1271,47,26,9,7,1,1,0,0
1271,84,26,9,8,0,,0,0
1271,90,26,9,9,1,0,0,0
1389,68,26,12,5,1,1,1,1
1389,63,26,12,6,1,0,1,1
1389,47,26,12,7,1,1,1,1
1389,84,26,12,8,1,1,1,1
1389,90,26,12,9,1,0,1,1
1389,93,26,12,10,1,1,1,1
1389,74,26,12,11,0,,1,1
1389,58,26,12,12,1,0,1,1
10474,68,26,12,5,1,0,1,1
10474,63,26,12,6,1,0,1,1
10474,47,26,12,7,0,,1,1
10474,84,26,12,8,1,1,1,1
10474,90,26,12,9,1,0,1,1
10474,93,26,12,10,1,0,1,1
10474,74,26,12,11,1,0,1,1
10474,58,26,12,12,1,0,1,1
6633,63,80,11,5,1,0,0,0
6633,47,80,11,6,1,1,0,0
6633,84,80,11,7,1,1,0,0
6633,90,80,11,8,1,1,0,0
6633,93,80,11,9,1,0,0,0
6633,74,80,11,10,1,1,0,0
6633,58,80,11,11,1,0,0,0
8412,63,80,13,5,1,0,0,0
8412,47,80,13,6,1,0,0,0
8412,84,80,13,7,1,1,0,0
8412,90,80,13,8,1,0,0,0
8412,93,80,13,9,1,1,0,0
8412,74,80,13,10,1,1,0,0
8412,58,80,13,11,1,0,0,0
8412,11,80,13,12,1,0,0,0
8412,94,80,13,13,0,,0,0
15520,63,80,6,5,0,,1,1
15520,47,80,6,6,0,,1,1
3606,63,80,6,5,1,0,0,1
3606,47,80,6,6,1,1,0,1
6067,63,80,11,5,1,0,1,1
6067,47,80,11,6,1,1,1,1
6067,84,80,11,7,1,1,1,1
6067,90,80,11,8,1,0,1,1
6067,93,80,11,9,1,1,1,1
6067,74,80,11,10,1,1,1,1
6067,58,80,11,11,1,0,1,1
1917,63,80,9,5,1,0,1,1
1917,47,80,9,6,1,0,1,1
1917,84,80,9,7,1,1,1,1
1917,90,80,9,8,1,0,1,1
1917,93,80,9,9,0,,1,1
8157,63,80,12,5,1,0,1,1
8157,47,80,12,6,1,1,1,1
8157,84,80,12,7,1,1,1,1
8157,90,80,12,8,1,0,1,1
8157,93,80,12,9,1,1,1,1
8157,74,80,12,10,1,1,1,1
8157,58,80,12,11,1,0,1,1
8157,11,80,12,12,0,,1,1
7950,63,80,11,5,1,0,0,1
7950,47,80,11,6,0,,0,1
7950,84,80,11,7,1,1,0,1
7950,90,80,11,8,1,0,0,1
7950,93,80,11,9,1,0,0,1
7950,74,80,11,10,1,1,0,1
7950,58,80,11,11,1,0,0,1
11976,63,80,6,5,1,0,1,1
11976,47,80,6,6,0,,1,1
18243,63,80,8,5,1,1,1,2
18243,47,80,8,6,1,1,1,2
18243,84,80,8,7,1,1,1,2
18243,90,80,8,8,1,0,1,2
6140,63,80,10,5,1,0,0,2
6140,47,80,10,6,1,1,0,2
6140,84,80,10,7,1,1,0,2
6140,90,80,10,8,1,0,0,2
6140,93,80,10,9,1,1,0,2
6140,74,80,10,10,1,1,0,2
12565,63,80,11,5,1,0,1,1
12565,47,80,11,6,1,1,1,1
12565,84,80,11,7,1,0,1,1
12565,90,80,11,8,1,0,1,1
12565,93,80,11,9,1,0,1,1
12565,74,80,11,10,1,1,1,1
12565,58,80,11,11,1,0,1,1
8188,63,80,8,5,0,,0,1
8188,47,80,8,6,1,1,0,1
8188,84,80,8,7,1,1,0,1
8188,90,80,8,8,1,0,0,1
11956,63,80,5,5,1,0,0,0
461,63,80,6,5,1,0,0,0
461,47,80,6,6,0,,0,0
7189,63,80,8,5,1,0,0,1
7189,47,80,8,6,1,0,0,1
7189,84,80,8,7,1,1,0,1
7189,90,80,8,8,1,0,0,1
784,63,80,7,5,1,0,1,0
784,47,80,7,6,1,1,1,0
784,84,80,7,7,1,0,1,0
9654,63,80,11,5,1,1,1,1
9654,47,80,11,6,1,1,1,1
9654,84,80,11,7,0,,1,1
9654,90,80,11,8,1,0,1,1
9654,93,80,11,9,1,1,1,1
9654,74,80,11,10,1,1,1,1
9654,58,80,11,11,1,0,1,1
1737,63,80,9,5,1,0,0,0
1737,47,80,9,6,1,1,0,0
1737,84,80,9,7,1,1,0,0
1737,90,80,9,8,1,0,0,0
1737,93,80,9,9,0,,0,0
8558,63,80,13,5,0,,0,0
8558,47,80,13,6,0,,0,0
8558,84,80,13,7,0,,0,0
8558,90,80,13,8,0,,0,0
8558,93,80,13,9,0,,0,0
8558,74,80,13,10,0,,0,0
8558,58,80,13,11,0,,0,0
8558,11,80,13,12,0,,0,0
8558,94,80,13,13,0,,0,0
16534,63,80,5,5,1,0,0,0
64,63,80,8,5,1,0,0,2
64,47,80,8,6,1,1,0,2
64,84,80,8,7,1,1,0,2
64,90,80,8,8,1,0,0,2
8795,63,80,5,5,0,,0,0
1218,63,80,5,5,1,0,1,0
1768,63,80,9,5,1,0,1,1
1768,47,80,9,6,1,0,1,1
1768,84,80,9,7,1,1,1,1
1768,90,80,9,8,1,0,1,1
1768,93,80,9,9,0,,1,1
1029,63,80,5,5,1,0,0,1
7744,63,80,5,5,1,0,0,0
4422,63,80,5,5,1,0,1,1
14719,63,80,5,5,1,0,0,0
2750,63,80,11,5,1,0,1,2
2750,47,80,11,6,1,0,1,2
2750,84,80,11,7,1,0,1,2
2750,90,80,11,8,1,0,1,2
2750,93,80,11,9,1,1,1,2
2750,74,80,11,10,1,1,1,2
2750,58,80,11,11,1,0,1,2
4367,63,80,5,5,1,0,0,1
12055,63,80,8,5,0,,0,1
12055,47,80,8,6,1,0,0,1
12055,84,80,8,7,0,,0,1
12055,90,80,8,8,1,0,0,1
15905,63,80,11,5,1,0,0,1
15905,47,80,11,6,1,0,0,1
15905,84,80,11,7,1,0,0,1
15905,90,80,11,8,1,0,0,1
15905,93,80,11,9,1,0,0,1
15905,74,80,11,10,1,0,0,1
15905,58,80,11,11,1,0,0,1
1855,63,80,9,5,1,0,0,2
1855,47,80,9,6,1,1,0,2
1855,84,80,9,7,1,1,0,2
1855,90,80,9,8,1,0,0,2
1855,93,80,9,9,0,,0,2
15403,63,80,8,5,1,0,1,0
15403,47,80,8,6,0,,1,0
15403,84,80,8,7,1,1,1,0
15403,90,80,8,8,1,0,1,0
19207,63,80,9,5,1,0,1,1
19207,47,80,9,6,1,1,1,1
19207,84,80,9,7,1,1,1,1
19207,90,80,9,8,1,0,1,1
19207,93,80,9,9,1,0,1,1
18319,63,80,8,5,1,0,0,1
18319,47,80,8,6,1,0,0,1
18319,84,80,8,7,1,1,0,1
18319,90,80,8,8,0,,0,1
2381,63,80,5,5,1,0,0,0
18948,63,80,5,5,1,1,0,1
12379,47,60,10,5,1,1,0,1
12379,84,60,10,6,0,,0,1
12379,90,60,10,7,1,0,0,1
12379,93,60,10,8,1,1,0,1
12379,74,60,10,9,1,0,0,1
12379,58,60,10,10,1,0,0,1
5427,47,60,12,5,1,1,0,2
5427,84,60,12,6,1,1,0,2
5427,90,60,12,7,1,0,0,2
5427,93,60,12,8,1,1,0,2
5427,74,60,12,9,1,1,0,2
5427,58,60,12,10,1,0,0,2
5427,11,60,12,11,1,0,0,2
5427,94,60,12,12,1,0,0,2
5759,47,60,5,5,0,,0,0
2755,47,60,9,5,1,1,0,1
2755,84,60,9,6,0,,0,1
2755,90,60,9,7,1,0,0,1
2755,93,60,9,8,1,0,0,1
2755,74,60,9,9,1,0,0,1
9953,47,60,10,5,1,1,0,2
9953,84,60,10,6,1,1,0,2
9953,90,60,10,7,1,0,0,2
9953,93,60,10,8,1,1,0,2
9953,74,60,10,9,1,1,0,2
9953,58,60,10,10,1,0,0,2
2692,47,60,7,5,0,,1,0
2692,84,60,7,6,1,1,1,0
2692,90,60,7,7,1,0,1,0
9388,47,60,6,5,1,1,0,1
9388,84,60,6,6,1,0,0,1
6786,47,60,8,5,1,1,0,1
6786,84,60,8,6,1,1,0,1
6786,90,60,8,7,1,0,0,1
6786,93,60,8,8,0,,0,1
10273,47,60,7,5,1,0,0,0
10273,84,60,7,6,1,1,0,0
10273,90,60,7,7,1,0,0,0
1145,47,60,8,5,1,0,0,0
1145,84,60,8,6,1,1,0,0
1145,90,60,8,7,1,0,0,0
1145,93,60,8,8,0,,0,0
9418,84,87,8,5,1,1,0,0
9418,90,87,8,6,1,0,0,0
9418,93,87,8,7,1,1,0,0
9418,74,87,8,8,1,0,0,0
11296,84,87,9,5,1,1,1,0
11296,90,87,9,6,1,1,1,0
11296,93,87,9,7,1,1,1,0
11296,74,87,9,8,1,1,1,0
11296,58,87,9,9,1,0,1,0
16668,84,87,10,5,1,0,0,0
16668,90,87,10,6,1,0,0,0
16668,93,87,10,7,1,0,0,0
16668,74,87,10,8,1,1,0,0
16668,58,87,10,9,1,0,0,0
16668,11,87,10,10,0,,0,0
17485,84,87,9,5,1,1,1,0
17485,90,87,9,6,1,0,1,0
17485,93,87,9,7,1,0,1,0
17485,74,87,9,8,1,1,1,0
17485,58,87,9,9,1,0,1,0
6541,84,87,12,5,1,1,1,0
6541,90,87,12,6,1,0,1,0
6541,93,87,12,7,1,1,1,0
6541,74,87,12,8,1,0,1,0
6541,58,87,12,9,1,0,1,0
6541,11,87,12,10,1,1,1,0
6541,94,87,12,11,1,0,1,0
6541,17,87,12,12,1,1,1,0
3037,84,87,11,5,1,1,1,0
3037,90,87,11,6,1,0,1,0
3037,93,87,11,7,1,1,1,0
3037,74,87,11,8,1,1,1,0
3037,58,87,11,9,1,0,1,0
3037,11,87,11,10,1,0,1,0
3037,94,87,11,11,0,,1,0
19141,84,87,6,5,1,1,1,1
19141,90,87,6,6,1,0,1,1
7867,84,87,6,5,1,1,1,0
7867,90,87,6,6,1,0,1,0
7397,84,87,9,5,1,1,1,0
7397,90,87,9,6,1,1,1,0
7397,93,87,9,7,0,,1,0
7397,74,87,9,8,1,1,1,0
7397,58,87,9,9,1,0,1,0
4895,84,87,7,5,1,1,0,0
4895,90,87,7,6,1,0,0,0
4895,93,87,7,7,0,,0,0
17599,84,87,7,5,1,1,0,0
17599,90,87,7,6,1,0,0,0
17599,93,87,7,7,1,1,0,0
19011,84,87,6,5,1,1,0,0
19011,90,87,6,6,0,,0,0
8583,84,87,9,5,1,1,1,2
8583,90,87,9,6,1,0,1,2
8583,93,87,9,7,1,0,1,2
8583,74,87,9,8,1,1,1,2
8583,58,87,9,9,1,0,1,2
4478,84,87,10,5,1,1,1,2
4478,90,87,10,6,1,0,1,2
4478,93,87,10,7,1,0,1,2
4478,74,87,10,8,1,1,1,2
4478,58,87,10,9,1,0,1,2
4478,11,87,10,10,0,,1,2
11251,84,87,9,5,1,1,1,0
11251,90,87,9,6,1,0,1,0
11251,93,87,9,7,1,1,1,0
11251,74,87,9,8,1,1,1,0
11251,58,87,9,9,1,0,1,0
17829,84,87,12,5,1,1,1,0
17829,90,87,12,6,1,0,1,0
17829,93,87,12,7,1,1,1,0
17829,74,87,12,8,1,1,1,0
17829,58,87,12,9,1,0,1,0
17829,11,87,12,10,1,0,1,0
17829,94,87,12,11,1,0,1,0
17829,17,87,12,12,0,,1,0
12065,84,87,13,5,1,1,1,0
12065,90,87,13,6,1,0,1,0
12065,93,87,13,7,1,0,1,0
12065,74,87,13,8,1,1,1,0
12065,58,87,13,9,1,0,1,0
12065,11,87,13,10,0,,1,0
12065,94,87,13,11,0,,1,0
12065,17,87,13,12,0,,1,0
12065,35,87,13,13,0,,1,0
7911,84,87,15,5,1,1,1,0
7911,90,87,15,6,1,0,1,0
7911,93,87,15,7,1,1,1,0
7911,74,87,15,8,1,1,1,0
7911,58,87,15,9,1,0,1,0
7911,11,87,15,10,1,0,1,0
7911,94,87,15,11,1,0,1,0
7911,17,87,15,12,1,1,1,0
7911,35,87,15,13,0,,1,0
7911,96,87,15,14,0,,1,0
7911,30,87,15,15,1,0,1,0
14982,84,87,6,5,1,1,1,1
14982,90,87,6,6,1,0,1,1
2648,84,87,12,5,1,1,0,0
2648,90,87,12,6,1,1,0,0
2648,93,87,12,7,1,1,0,0
2648,74,87,12,8,1,1,0,0
2648,58,87,12,9,1,0,0,0
2648,11,87,12,10,1,0,0,0
2648,94,87,12,11,1,0,0,0
2648,17,87,12,12,0,,0,0
7785,84,87,11,5,1,0,1,0
7785,90,87,11,6,1,0,1,0
7785,93,87,11,7,1,1,1,0
7785,74,87,11,8,1,1,1,0
7785,58,87,11,9,1,0,1,0
7785,11,87,11,10,1,1,1,0
7785,94,87,11,11,1,0,1,0
10589,84,87,9,5,0,,1,0
10589,90,87,9,6,1,0,1,0
10589,93,87,9,7,0,,1,0
10589,74,87,9,8,1,1,1,0
10589,58,87,9,9,1,0,1,0
18350,84,87,6,5,0,,1,0
18350,90,87,6,6,0,,1,0
7956,84,87,12,5,1,0,0,0
7956,90,87,12,6,0,,0,0
7956,93,87,12,7,0,,0,0
7956,74,87,12,8,0,,0,0
7956,58,87,12,9,1,0,0,0
7956,11,87,12,10,0,,0,0
7956,94,87,12,11,0,,0,0
7956,17,87,12,12,0,,0,0
10673,84,87,10,5,0,,0,0
10673,90,87,10,6,1,0,0,0
10673,93,87,10,7,1,0,0,0
10673,74,87,10,8,1,1,0,0
10673,58,87,10,9,1,0,0,0
10673,11,87,10,10,0,,0,0
2397,84,87,13,5,0,,1,0
2397,90,87,13,6,0,,1,0
2397,93,87,13,7,0,,1,0
2397,74,87,13,8,1,0,1,0
2397,58,87,13,9,1,0,1,0
2397,11,87,13,10,0,,1,0
2397,94,87,13,11,1,0,1,0
2397,17,87,13,12,0,,1,0
2397,35,87,13,13,0,,1,0
19539,84,87,10,5,1,1,0,1
19539,90,87,10,6,1,0,0,1
19539,93,87,10,7,1,1,0,1
19539,74,87,10,8,1,1,0,1
19539,58,87,10,9,1,0,0,1
19539,11,87,10,10,1,0,0,1
12739,84,87,10,5,1,1,1,1
12739,90,87,10,6,1,0,1,1
12739,93,87,10,7,1,1,1,1
12739,74,87,10,8,1,1,1,1
12739,58,87,10,9,1,0,1,1
12739,11,87,10,10,0,,1,1
6152,84,87,9,5,1,1,1,0
6152,90,87,9,6,1,0,1,0
6152,93,87,9,7,1,1,1,0
6152,74,87,9,8,1,1,1,0
6152,58,87,9,9,1,0,1,0
9839,84,87,7,5,1,0,0,0
9839,90,87,7,6,1,0,0,0
9839,93,87,7,7,0,,0,0
14041,84,87,7,5,1,1,1,0
14041,90,87,7,6,1,0,1,0
14041,93,87,7,7,0,,1,0
6324,84,87,9,5,1,1,0,0
6324,90,87,9,6,1,1,0,0
6324,93,87,9,7,1,1,0,0
6324,74,87,9,8,1,1,0,0
6324,58,87,9,9,1,0,0,0
11282,84,87,5,5,1,0,1,1
1815,84,87,7,5,1,1,0,0
1815,90,87,7,6,1,0,0,0
1815,93,87,7,7,0,,0,0
18954,84,87,6,5,1,1,0,0
18954,90,87,6,6,1,0,0,0
328,84,87,11,5,1,1,0,0
328,90,87,11,6,1,0,0,0
328,93,87,11,7,1,1,0,0
328,74,87,11,8,1,1,0,0
328,58,87,11,9,1,0,0,0
328,11,87,11,10,1,0,0,0
328,94,87,11,11,1,0,0,0
16667,84,87,9,5,1,1,1,1
16667,90,87,9,6,1,0,1,1
16667,93,87,9,7,1,1,1,1
16667,74,87,9,8,1,1,1,1
16667,58,87,9,9,1,0,1,1
17576,84,87,13,5,1,0,0,0
17576,90,87,13,6,1,0,0,0
17576,93,87,13,7,1,0,0,0
17576,74,87,13,8,0,,0,0
17576,58,87,13,9,1,0,0,0
17576,11,87,13,10,1,1,0,0
17576,94,87,13,11,1,1,0,0
17576,17,87,13,12,1,1,0,0
17576,35,87,13,13,0,,0,0
9510,84,87,6,5,1,1,0,0
9510,90,87,6,6,1,0,0,0
16869,84,87,6,5,1,0,0,0
16869,90,87,6,6,1,0,0,0
4426,90,30,6,5,1,0,0,1
4426,93,30,6,6,1,0,0,1
4630,90,30,12,5,1,1,0,0
4630,93,30,12,6,1,1,0,0
4630,74,30,12,7,1,0,0,0
4630,58,30,12,8,0,,0,0
4630,11,30,12,9,1,1,0,0
4630,94,30,12,10,1,0,0,0
4630,17,30,12,11,1,0,0,0
4630,35,30,12,12,1,0,0,0
1707,90,30,8,5,1,0,0,0
1707,93,30,8,6,1,1,0,0
1707,74,30,8,7,1,1,0,0
1707,58,30,8,8,1,0,0,0
11105,90,30,14,5,1,0,0,0
11105,93,30,14,6,1,0,0,0
11105,74,30,14,7,1,1,0,0
11105,58,30,14,8,1,0,0,0
11105,11,30,14,9,0,,0,0
11105,94,30,14,10,0,,0,0
11105,17,30,14,11,0,,0,0
11105,35,30,14,12,0,,0,0
11105,96,30,14,13,0,,0,0
11105,30,30,14,14,0,,0,0
4372,90,30,6,5,1,0,1,1
4372,93,30,6,6,1,0,1,1
3307,90,30,10,5,1,0,0,0
3307,93,30,10,6,1,1,0,0
3307,74,30,10,7,1,0,0,0
3307,58,30,10,8,1,0,0,0
3307,11,30,10,9,1,0,0,0
3307,94,30,10,10,0,,0,0
2812,90,30,8,5,1,0,0,1
2812,93,30,8,6,1,1,0,1
2812,74,30,8,7,1,1,0,1
2812,58,30,8,8,1,0,0,1
19795,90,30,5,5,1,0,0,1
10366,90,30,6,5,1,0,0,1
10366,93,30,6,6,0,,0,1
6613,90,30,6,5,1,0,1,1
6613,93,30,6,6,0,,1,1
15895,90,30,5,5,1,0,0,0
5396,90,30,8,5,1,0,0,1
5396,93,30,8,6,1,0,0,1
5396,74,30,8,7,1,0,0,1
5396,58,30,8,8,1,0,0,1
19,90,30,10,5,1,1,0,1
19,93,30,10,6,1,1,0,1
19,74,30,10,7,1,1,0,1
19,58,30,10,8,1,0,0,1
19,11,30,10,9,1,1,0,1
19,94,30,10,10,1,0,0,1
8942,90,30,10,5,1,0,1,1
8942,93,30,10,6,1,1,1,1
8942,74,30,10,7,1,1,1,1
8942,58,30,10,8,1,0,1,1
8942,11,30,10,9,1,1,1,1
8942,94,30,10,10,1,0,1,1
4628,90,30,8,5,1,0,0,1
4628,93,30,8,6,1,1,0,1
4628,74,30,8,7,1,1,0,1
4628,58,30,8,8,1,0,0,1
2266,90,30,10,5,1,0,1,1
2266,93,30,10,6,1,1,1,1
2266,74,30,10,7,1,0,1,1
2266,58,30,10,8,1,0,1,1
2266,11,30,10,9,0,,1,1
2266,94,30,10,10,1,1,1,1
10328,90,30,9,5,0,,0,0
10328,93,30,9,6,0,,0,0
10328,74,30,9,7,1,0,0,0
10328,58,30,9,8,1,0,0,0
10328,11,30,9,9,1,0,0,0
5683,90,30,8,5,1,0,0,0
5683,93,30,8,6,1,1,0,0
5683,74,30,8,7,1,0,0,0
5683,58,30,8,8,1,0,0,0
16989,90,30,12,5,1,0,0,1
16989,93,30,12,6,1,1,0,1
16989,74,30,12,7,1,1,0,1
16989,58,30,12,8,1,0,0,1
16989,11,30,12,9,1,1,0,1
16989,94,30,12,10,1,0,0,1
16989,17,30,12,11,1,1,0,1
16989,35,30,12,12,1,1,0,1
13706,90,30,11,5,1,0,0,2
13706,93,30,11,6,1,1,0,2
13706,74,30,11,7,1,1,0,2
13706,58,30,11,8,1,0,0,2
13706,11,30,11,9,1,0,0,2
13706,94,30,11,10,0,,0,2
13706,17,30,11,11,1,0,0,2
3338,90,30,12,5,1,0,0,1
3338,93,30,12,6,1,1,0,1
3338,74,30,12,7,1,1,0,1
3338,58,30,12,8,1,1,0,1
3338,11,30,12,9,1,0,0,1
3338,94,30,12,10,1,0,0,1
3338,17,30,12,11,1,0,0,1
3338,35,30,12,12,0,,0,1
16186,90,30,8,5,1,0,0,1
16186,93,30,8,6,1,1,0,1
16186,74,30,8,7,0,,0,1
16186,58,30,8,8,1,0,0,1
7063,90,30,9,5,1,1,0,1
7063,93,30,9,6,1,1,0,1
7063,74,30,9,7,1,1,0,1
7063,58,30,9,8,1,0,0,1
7063,11,30,9,9,1,0,0,1
15488,90,30,7,5,1,0,0,0
15488,93,30,7,6,1,1,0,0
15488,74,30,7,7,1,0,0,0
1850,90,30,10,5,1,0,0,1
1850,93,30,10,6,1,1,0,1
1850,74,30,10,7,0,,0,1
1850,58,30,10,8,1,1,0,1
1850,11,30,10,9,1,1,0,1
1850,94,30,10,10,0,,0,1
6049,90,30,9,5,1,0,0,1
6049,93,30,9,6,1,1,0,1
6049,74,30,9,7,1,1,0,1
6049,58,30,9,8,1,0,0,1
6049,11,30,9,9,1,0,0,1
18277,93,65,9,5,1,1,0,1
18277,74,65,9,6,1,1,0,1
18277,58,65,9,7,1,0,0,1
18277,11,65,9,8,1,0,0,1
18277,94,65,9,9,1,0,0,1
11749,93,65,9,5,1,0,0,1
11749,74,65,9,6,1,1,0,1
11749,58,65,9,7,1,0,0,1
11749,11,65,9,8,1,0,0,1
11749,94,65,9,9,1,0,0,1
5639,93,65,9,5,1,1,0,1
5639,74,65,9,6,1,1,0,1
5639,58,65,9,7,1,1,0,1
5639,11,65,9,8,1,1,0,1
5639,94,65,9,9,1,0,0,1
4067,93,65,11,5,1,1,0,2
4067,74,65,11,6,1,1,0,2
4067,58,65,11,7,1,0,0,2
4067,11,65,11,8,1,1,0,2
4067,94,65,11,9,1,0,0,2
4067,17,65,11,10,1,0,0,2
4067,35,65,11,11,1,1,0,2
1311,93,65,11,5,1,1,0,0
1311,74,65,11,6,1,1,0,0
1311,58,65,11,7,1,0,0,0
1311,11,65,11,8,1,1,0,0
1311,94,65,11,9,0,,0,0
1311,17,65,11,10,1,0,0,0
1311,35,65,11,11,1,1,0,0
12912,93,65,10,5,1,1,0,1
12912,74,65,10,6,1,1,0,1
12912,58,65,10,7,1,0,0,1
12912,11,65,10,8,1,0,0,1
12912,94,65,10,9,1,0,0,1
12912,17,65,10,10,1,0,0,1
5088,93,65,10,5,1,1,1,1
5088,74,65,10,6,1,0,1,1
5088,58,65,10,7,1,0,1,1
5088,11,65,10,8,1,0,1,1
5088,94,65,10,9,0,,1,1
5088,17,65,10,10,1,1,1,1
15168,93,65,9,5,1,1,1,2
15168,74,65,9,6,1,1,1,2
15168,58,65,9,7,1,1,1,2
15168,11,65,9,8,1,1,1,2
15168,94,65,9,9,1,0,1,2
15891,93,65,8,5,1,1,1,1
15891,74,65,8,6,1,1,1,1
15891,58,65,8,7,1,0,1,1
15891,11,65,8,8,1,0,1,1
3193,93,65,7,5,1,1,0,1
3193,74,65,7,6,1,1,0,1
3193,58,65,7,7,1,0,0,1
9035,93,65,9,5,1,0,0,1
9035,74,65,9,6,1,1,0,1
9035,58,65,9,7,1,0,0,1
9035,11,65,9,8,1,0,0,1
9035,94,65,9,9,1,0,0,1
18247,93,65,7,5,1,1,1,1
18247,74,65,7,6,1,0,1,1
18247,58,65,7,7,1,0,1,1
19045,93,65,8,5,1,1,0,1
19045,74,65,8,6,1,1,0,1
19045,58,65,8,7,1,0,0,1
19045,11,65,8,8,0,,0,1
8615,93,65,9,5,1,1,0,0
8615,74,65,9,6,1,0,0,0
8615,58,65,9,7,1,0,0,0
8615,11,65,9,8,1,0,0,0
8615,94,65,9,9,1,0,0,0
8672,93,65,9,5,1,0,0,1
8672,74,65,9,6,1,1,0,1
8672,58,65,9,7,1,0,0,1
8672,11,65,9,8,1,0,0,1
8672,94,65,9,9,1,1,0,1
17591,93,65,7,5,1,1,0,0
17591,74,65,7,6,1,1,0,0
17591,58,65,7,7,1,0,0,0
5776,93,65,12,5,1,1,0,1
5776,74,65,12,6,1,1,0,1
5776,58,65,12,7,1,0,0,1
5776,11,65,12,8,1,0,0,1
5776,94,65,12,9,1,1,0,1
5776,17,65,12,10,1,0,0,1
5776,35,65,12,11,1,0,0,1
5776,96,65,12,12,0,,0,1
2453,74,83,7,5,1,1,0,1
2453,58,83,7,6,1,0,0,1
2453,11,83,7,7,0,,0,1
6602,74,83,7,5,1,1,1,1
6602,58,83,7,6,1,0,1,1
6602,11,83,7,7,0,,1,1
7239,74,83,8,5,1,1,0,1
7239,58,83,8,6,1,0,0,1
7239,11,83,8,7,1,1,0,1
7239,94,83,8,8,1,0,0,1
1877,74,83,12,5,1,1,1,1
1877,58,83,12,6,1,0,1,1
1877,11,83,12,7,1,0,1,1
1877,94,83,12,8,1,0,1,1
1877,17,83,12,9,1,0,1,1
1877,35,83,12,10,1,0,1,1
1877,96,83,12,11,1,0,1,1
1877,30,83,12,12,1,0,1,1
18658,74,83,8,5,1,1,0,1
18658,58,83,8,6,1,0,0,1
18658,11,83,8,7,1,1,0,1
18658,94,83,8,8,1,1,0,1
7350,74,83,8,5,1,1,0,1
7350,58,83,8,6,1,0,0,1
7350,11,83,8,7,1,1,0,1
7350,94,83,8,8,1,0,0,1
7910,74,83,6,5,1,0,0,0
7910,58,83,6,6,1,1,0,0
1127,93,65,9,5,1,1,0,1
1127,74,65,9,6,1,1,0,1
1127,58,65,9,7,1,0,0,1
1127,11,65,9,8,1,0,0,1
1127,94,65,9,9,1,0,0,1
11317,93,65,8,5,1,0,0,1
11317,74,65,8,6,1,1,0,1
11317,58,65,8,7,1,0,0,1
11317,11,65,8,8,0,,0,1
10959,74,83,10,5,0,,1,1
10959,58,83,10,6,1,0,1,1
10959,11,83,10,7,0,,1,1
10959,94,83,10,8,0,,1,1
10959,17,83,10,9,0,,1,1
10959,35,83,10,10,0,,1,1
7318,58,69,7,5,1,0,1,1
7318,11,69,7,6,1,0,1,1
7318,94,69,7,7,1,0,1,1
4319,58,69,6,5,1,0,0,0
4319,11,69,6,6,1,0,0,0
13422,58,69,8,5,1,0,1,0
13422,11,69,8,6,1,1,1,0
13422,94,69,8,7,1,0,1,0
13422,17,69,8,8,0,,1,0
3380,58,69,6,5,1,0,0,1
3380,11,69,6,6,0,,0,1
13424,58,69,8,5,1,0,1,0
13424,11,69,8,6,1,0,1,0
13424,94,69,8,7,1,0,1,0
13424,17,69,8,8,0,,1,0
3475,58,69,6,5,1,0,1,1
3475,11,69,6,6,0,,1,1
16987,58,69,5,5,1,0,1,1
9739,58,69,6,5,1,1,0,1
9739,11,69,6,6,0,,0,1
1949,58,69,12,5,1,1,1,2
1949,11,69,12,6,1,1,1,2
1949,94,69,12,7,1,0,1,2
1949,17,69,12,8,1,1,1,2
1949,35,69,12,9,1,0,1,2
1949,96,69,12,10,1,0,1,2
1949,30,69,12,11,1,0,1,2
1949,80,69,12,12,0,,1,2
12191,58,69,15,5,1,0,1,2
12191,11,69,15,6,1,0,1,2
12191,94,69,15,7,1,0,1,2
12191,17,69,15,8,1,0,1,2
12191,35,69,15,9,0,,1,2
12191,96,69,15,10,0,,1,2
12191,30,69,15,11,0,,1,2
12191,80,69,15,12,0,,1,2
12191,7,69,15,13,0,,1,2
12191,81,69,15,14,0,,1,2
12191,85,69,15,15,0,,1,2
7484,58,69,5,5,1,0,1,0
4900,58,69,8,5,1,0,1,1
4900,11,69,8,6,1,1,1,1
4900,94,69,8,7,1,0,1,1
4900,17,69,8,8,1,1,1,1
1753,58,69,5,5,1,0,0,1
7110,58,69,7,5,1,0,0,1
7110,11,69,7,6,1,0,0,1
7110,94,69,7,7,1,1,0,1
2959,58,69,7,5,1,0,1,2
2959,11,69,7,6,1,1,1,2
2959,94,69,7,7,0,,1,2
11864,58,69,11,5,1,0,1,0
11864,11,69,11,6,1,0,1,0
11864,94,69,11,7,1,0,1,0
11864,17,69,11,8,1,0,1,0
11864,35,69,11,9,1,0,1,0
11864,96,69,11,10,1,0,1,0
11864,30,69,11,11,0,,1,0
13222,58,69,10,5,1,0,0,1
13222,11,69,10,6,1,0,0,1
13222,94,69,10,7,1,1,0,1
13222,17,69,10,8,1,0,0,1
13222,35,69,10,9,1,1,0,1
13222,96,69,10,10,0,,0,1
1872,58,69,6,5,1,0,1,0
1872,11,69,6,6,1,0,1,0
9740,58,69,6,5,1,0,0,0
9740,11,69,6,6,0,,0,0
9273,58,69,7,5,1,0,0,0
9273,11,69,7,6,1,0,0,0
9273,94,69,7,7,1,0,0,0
11627,58,69,6,5,1,0,1,0
11627,11,69,6,6,1,0,1,0
5291,58,69,10,5,1,0,0,0
5291,11,69,10,6,1,0,0,0
5291,94,69,10,7,1,1,0,0
5291,17,69,10,8,1,0,0,0
5291,35,69,10,9,1,0,0,0
5291,96,69,10,10,1,0,0,0
10883,58,69,7,5,1,0,1,1
10883,11,69,7,6,1,0,1,1
10883,94,69,7,7,1,0,1,1
820,58,69,5,5,1,0,0,0
13124,58,69,9,5,1,1,0,1
13124,11,69,9,6,0,,0,1
13124,94,69,9,7,0,,0,1
13124,17,69,9,8,0,,0,1
13124,35,69,9,9,0,,0,1
4385,58,69,8,5,0,,0,1
4385,11,69,8,6,1,0,0,1
4385,94,69,8,7,0,,0,1
4385,17,69,8,8,0,,0,1
13970,58,69,12,5,1,0,0,1
13970,11,69,12,6,1,0,0,1
13970,94,69,12,7,1,0,0,1
13970,17,69,12,8,1,1,0,1
13970,35,69,12,9,0,,0,1
13970,96,69,12,10,0,,0,1
13970,30,69,12,11,0,,0,1
13970,80,69,12,12,0,,0,1
17719,58,69,9,5,1,0,1,0
17719,11,69,9,6,1,1,1,0
17719,94,69,9,7,0,,1,0
17719,17,69,9,8,1,1,1,0
17719,35,69,9,9,0,,1,0
4524,58,69,10,5,1,0,0,0
4524,11,69,10,6,1,0,0,0
4524,94,69,10,7,0,,0,0
4524,17,69,10,8,0,,0,0
4524,35,69,10,9,1,1,0,0
4524,96,69,10,10,1,0,0,0
17367,74,83,6,5,1,1,0,0
17367,58,83,6,6,1,0,0,0
10000,90,30,9,5,0,,0,1
10000,93,30,9,6,0,,0,1
10000,74,30,9,7,1,1,0,1
10000,58,30,9,8,1,0,0,1
10000,11,30,9,9,0,,0,1
2929,11,94,9,5,1,1,0,2
2929,94,94,9,6,1,0,0,2
2929,17,94,9,7,1,1,0,2
2929,35,94,9,8,1,1,0,2
2929,96,94,9,9,1,1,0,2
9803,11,94,6,5,1,1,0,1
9803,94,94,6,6,1,0,0,1
11675,11,94,11,5,1,1,1,1
11675,94,94,11,6,1,0,1,1
11675,17,94,11,7,1,1,1,1
11675,35,94,11,8,1,0,1,1
11675,96,94,11,9,1,0,1,1
11675,30,94,11,10,1,0,1,1
11675,80,94,11,11,1,0,1,1
590,11,94,11,5,1,0,0,2
590,94,94,11,6,1,0,0,2
590,17,94,11,7,1,0,0,2
590,35,94,11,8,1,0,0,2
590,96,94,11,9,1,0,0,2
590,30,94,11,10,1,0,0,2
590,80,94,11,11,1,0,0,2
9455,11,94,9,5,1,1,0,0
9455,94,94,9,6,0,,0,0
9455,17,94,9,7,1,0,0,0
9455,35,94,9,8,1,0,0,0
9455,96,94,9,9,0,,0,0
18099,11,94,5,5,0,,0,1
16220,11,94,5,5,0,,1,1
15387,11,94,6,5,1,1,0,2
15387,94,94,6,6,1,1,0,2
4184,11,94,11,5,1,0,1,1
4184,94,94,11,6,1,0,1,1
4184,17,94,11,7,1,1,1,1
4184,35,94,11,8,1,0,1,1
4184,96,94,11,9,1,0,1,1
4184,30,94,11,10,1,0,1,1
4184,80,94,11,11,1,0,1,1
10839,11,94,5,5,0,,0,2
3157,11,94,9,5,0,,0,0
3157,94,94,9,6,0,,0,0
3157,17,94,9,7,0,,0,0
3157,35,94,9,8,0,,0,0
3157,96,94,9,9,0,,0,0
10967,11,94,9,5,1,1,1,1
10967,94,94,9,6,1,0,1,1
10967,17,94,9,7,1,1,1,1
10967,35,94,9,8,1,1,1,1
10967,96,94,9,9,1,0,1,1
13084,11,94,9,5,1,1,0,2
13084,94,94,9,6,1,1,0,2
13084,17,94,9,7,1,1,0,2
13084,35,94,9,8,1,1,0,2
13084,96,94,9,9,1,1,0,2
9781,11,94,10,5,1,1,0,2
9781,94,94,10,6,1,0,0,2
9781,17,94,10,7,1,1,0,2
9781,35,94,10,8,1,1,0,2
9781,96,94,10,9,1,1,0,2
9781,30,94,10,10,1,0,0,2
8508,11,94,11,5,1,0,1,1
8508,94,94,11,6,1,1,1,1
8508,17,94,11,7,1,0,1,1
8508,35,94,11,8,1,1,1,1
8508,96,94,11,9,1,1,1,1
8508,30,94,11,10,1,0,1,1
8508,80,94,11,11,0,,1,1
15777,11,94,7,5,0,,1,1
15777,94,94,7,6,0,,1,1
15777,17,94,7,7,0,,1,1
6338,11,94,9,5,1,0,1,0
6338,94,94,9,6,1,0,1,0
6338,17,94,9,7,1,0,1,0
6338,35,94,9,8,1,0,1,0
6338,96,94,9,9,1,0,1,0
7135,11,94,13,5,1,1,1,1
7135,94,94,13,6,1,0,1,1
7135,17,94,13,7,1,1,1,1
7135,35,94,13,8,1,1,1,1
7135,96,94,13,9,1,1,1,1
7135,30,94,13,10,1,0,1,1
7135,80,94,13,11,1,0,1,1
7135,7,94,13,12,1,1,1,1
7135,81,94,13,13,0,,1,1
5906,11,94,12,5,1,0,0,1
5906,94,94,12,6,1,0,0,1
5906,17,94,12,7,1,0,0,1
5906,35,94,12,8,1,1,0,1
5906,96,94,12,9,0,,0,1
5906,30,94,12,10,0,,0,1
5906,80,94,12,11,0,,0,1
5906,7,94,12,12,0,,0,1
15773,11,94,10,5,1,0,1,2
15773,94,94,10,6,1,0,1,2
15773,17,94,10,7,1,0,1,2
15773,35,94,10,8,1,0,1,2
15773,96,94,10,9,1,0,1,2
15773,30,94,10,10,1,0,1,2
19142,11,94,7,5,1,0,1,0
19142,94,94,7,6,1,0,1,0
19142,17,94,7,7,0,,1,0
312,11,94,6,5,1,1,0,1
312,94,94,6,6,1,1,0,1
14420,11,94,13,5,1,0,1,0
14420,94,94,13,6,1,0,1,0
14420,17,94,13,7,1,0,1,0
14420,35,94,13,8,1,1,1,0
14420,96,94,13,9,1,0,1,0
14420,30,94,13,10,1,1,1,0
14420,80,94,13,11,0,,1,0
14420,7,94,13,12,1,0,1,0
14420,81,94,13,13,1,0,1,0
12040,11,94,6,5,1,0,0,1
12040,94,94,6,6,1,0,0,1
1799,11,94,8,5,1,0,0,2
1799,94,94,8,6,1,0,0,2
1799,17,94,8,7,1,1,0,2
1799,35,94,8,8,1,1,0,2
2234,11,94,8,5,1,0,1,0
2234,94,94,8,6,1,0,1,0
2234,17,94,8,7,1,1,1,0
2234,35,94,8,8,0,,1,0
17179,11,94,8,5,1,0,0,1
17179,94,94,8,6,1,0,0,1
17179,17,94,8,7,1,0,0,1
17179,35,94,8,8,0,,0,1
538,11,94,9,5,1,1,0,1
538,94,94,9,6,1,0,0,1
538,17,94,9,7,1,1,0,1
538,35,94,9,8,1,1,0,1
538,96,94,9,9,0,,0,1
507,11,94,7,5,1,1,1,1
507,94,94,7,6,1,0,1,1
507,17,94,7,7,0,,1,1
11604,11,94,9,5,1,0,1,0
11604,94,94,9,6,1,0,1,0
11604,17,94,9,7,1,0,1,0
11604,35,94,9,8,1,0,1,0
11604,96,94,9,9,0,,1,0
9146,94,47,9,5,1,1,0,1
9146,17,47,9,6,1,0,0,1
9146,35,47,9,7,1,0,0,1
9146,96,47,9,8,1,1,0,1
9146,30,47,9,9,1,0,0,1
3000,94,47,8,5,1,1,1,1
3000,17,47,8,6,1,1,1,1
3000,35,47,8,7,1,0,1,1
3000,96,47,8,8,0,,1,1
15569,94,47,10,5,1,0,0,1
15569,17,47,10,6,1,1,0,1
15569,35,47,10,7,1,0,0,1
15569,96,47,10,8,1,1,0,1
15569,30,47,10,9,1,0,0,1
15569,80,47,10,10,1,0,0,1
15194,94,47,10,5,1,0,0,0
15194,17,47,10,6,1,0,0,0
15194,35,47,10,7,0,,0,0
15194,96,47,10,8,1,0,0,0
15194,30,47,10,9,0,,0,0
15194,80,47,10,10,1,0,0,0
10992,94,47,15,5,0,,0,0
10992,17,47,15,6,0,,0,0
10992,35,47,15,7,0,,0,0
10992,96,47,15,8,0,,0,0
10992,30,47,15,9,0,,0,0
10992,80,47,15,10,0,,0,0
10992,7,47,15,11,0,,0,0
10992,81,47,15,12,0,,0,0
10992,85,47,15,13,0,,0,0
10992,45,47,15,14,0,,0,0
10992,67,47,15,15,0,,0,0
6185,11,94,7,5,1,0,0,0
6185,94,94,7,6,1,0,0,0
6185,17,94,7,7,0,,0,0
14092,63,80,5,5,0,,0,0
17414,17,12,8,5,1,1,1,1
17414,35,12,8,6,1,0,1,1
17414,96,12,8,7,1,0,1,1
17414,30,12,8,8,0,,1,1
16340,17,12,9,5,1,0,1,1
16340,35,12,9,6,1,0,1,1
16340,96,12,9,7,1,1,1,1
16340,30,12,9,8,0,,1,1
16340,80,12,9,9,0,,1,1
18331,17,12,6,5,1,0,1,0
18331,35,12,6,6,1,1,1,0
1790,17,12,5,5,1,1,1,2
19203,17,12,9,5,1,1,1,2
19203,35,12,9,6,1,1,1,2
19203,96,12,9,7,1,1,1,2
19203,30,12,9,8,1,1,1,2
19203,80,12,9,9,1,0,1,2
17687,17,12,9,5,1,1,0,1
17687,35,12,9,6,1,0,0,1
17687,96,12,9,7,1,1,0,1
17687,30,12,9,8,1,0,0,1
17687,80,12,9,9,1,0,0,1
16245,17,12,9,5,1,1,0,0
16245,35,12,9,6,1,1,0,0
16245,96,12,9,7,0,,0,0
16245,30,12,9,8,1,1,0,0
16245,80,12,9,9,1,0,0,0
19858,17,12,9,5,1,1,0,1
19858,35,12,9,6,1,1,0,1
19858,96,12,9,7,1,0,0,1
19858,30,12,9,8,1,1,0,1
19858,80,12,9,9,0,,0,1
3531,17,12,8,5,1,1,0,0
3531,35,12,8,6,1,1,0,0
3531,96,12,8,7,0,,0,0
3531,30,12,8,8,1,0,0,0
16830,17,12,9,5,1,0,0,1
16830,35,12,9,6,1,1,0,1
16830,96,12,9,7,1,1,0,1
16830,30,12,9,8,1,0,0,1
16830,80,12,9,9,0,,0,1
3973,17,12,9,5,1,0,1,0
3973,35,12,9,6,1,0,1,0
3973,96,12,9,7,1,1,1,0
3973,30,12,9,8,1,0,1,0
3973,80,12,9,9,1,0,1,0
238,17,12,9,5,1,1,1,2
238,35,12,9,6,1,0,1,2
238,96,12,9,7,1,1,1,2
238,30,12,9,8,1,1,1,2
238,80,12,9,9,1,0,1,2
4514,17,12,8,5,1,1,0,0
4514,35,12,8,6,0,,0,0
4514,96,12,8,7,1,1,0,0
4514,30,12,8,8,1,0,0,0
8673,17,12,9,5,1,0,1,0
8673,35,12,9,6,1,1,1,0
8673,96,12,9,7,1,1,1,0
8673,30,12,9,8,1,0,1,0
8673,80,12,9,9,1,0,1,0
9401,17,12,9,5,1,1,1,0
9401,35,12,9,6,1,1,1,0
9401,96,12,9,7,1,0,1,0
9401,30,12,9,8,1,0,1,0
9401,80,12,9,9,1,0,1,0
948,17,12,6,5,0,,1,0
948,35,12,6,6,1,1,1,0
11847,17,12,10,5,1,0,0,0
11847,35,12,10,6,1,1,0,0
11847,96,12,10,7,0,,0,0
11847,30,12,10,8,0,,0,0
11847,80,12,10,9,0,,0,0
11847,7,12,10,10,1,1,0,0
5716,17,12,9,5,1,0,0,0
5716,35,12,9,6,1,0,0,0
5716,96,12,9,7,1,0,0,0
5716,30,12,9,8,1,0,0,0
5716,80,12,9,9,1,0,0,0
8581,17,12,10,5,1,0,1,0
8581,35,12,10,6,1,0,1,0
8581,96,12,10,7,1,0,1,0
8581,30,12,10,8,1,0,1,0
8581,80,12,10,9,1,0,1,0
8581,7,12,10,10,0,,1,0
3060,17,12,9,5,1,1,1,2
3060,35,12,9,6,1,0,1,2
3060,96,12,9,7,1,0,1,2
3060,30,12,9,8,1,0,1,2
3060,80,12,9,9,1,0,1,2
973,17,12,9,5,1,1,1,1
973,35,12,9,6,1,1,1,1
973,96,12,9,7,1,0,1,1
973,30,12,9,8,1,0,1,1
973,80,12,9,9,1,0,1,1
1680,17,12,7,5,1,1,1,0
1680,35,12,7,6,1,0,1,0
1680,96,12,7,7,1,0,1,0
16507,17,12,9,5,1,0,0,0
16507,35,12,9,6,1,0,0,0
16507,96,12,9,7,1,1,0,0
16507,30,12,9,8,1,0,0,0
16507,80,12,9,9,1,0,0,0
858,17,12,9,5,1,0,1,0
858,35,12,9,6,1,1,1,0
858,96,12,9,7,0,,1,0
858,30,12,9,8,0,,1,0
858,80,12,9,9,1,0,1,0
5093,17,12,8,5,1,1,1,1
5093,35,12,8,6,1,1,1,1
5093,96,12,8,7,1,0,1,1
5093,30,12,8,8,1,0,1,1
14437,17,12,10,5,1,1,1,0
14437,35,12,10,6,1,0,1,0
14437,96,12,10,7,1,1,1,0
14437,30,12,10,8,1,0,1,0
14437,80,12,10,9,1,0,1,0
14437,7,12,10,10,0,,1,0
6387,17,12,6,5,0,,0,0
6387,35,12,6,6,0,,0,0
15457,17,12,7,5,1,0,0,0
15457,35,12,7,6,1,1,0,0
15457,96,12,7,7,0,,0,0
2125,17,12,7,5,1,0,0,0
2125,35,12,7,6,1,1,0,0
2125,96,12,7,7,1,0,0,0
11025,17,12,7,5,0,,0,0
11025,35,12,7,6,0,,0,0
11025,96,12,7,7,0,,0,0
19797,17,12,5,5,1,0,1,1
3569,17,12,9,5,1,1,1,1
3569,35,12,9,6,1,1,1,1
3569,96,12,9,7,1,1,1,1
3569,30,12,9,8,1,0,1,1
3569,80,12,9,9,1,0,1,1
16180,17,12,9,5,1,0,1,0
16180,35,12,9,6,1,1,1,0
16180,96,12,9,7,1,0,1,0
16180,30,12,9,8,1,0,1,0
16180,80,12,9,9,0,,1,0
16086,11,94,9,5,1,1,0,1
16086,94,94,9,6,1,0,0,1
16086,17,94,9,7,1,1,0,1
16086,35,94,9,8,1,1,0,1
16086,96,94,9,9,1,0,0,1
14148,94,47,10,5,1,0,0,1
14148,17,47,10,6,1,1,0,1
14148,35,47,10,7,1,0,0,1
14148,96,47,10,8,1,1,0,1
14148,30,47,10,9,1,1,0,1
14148,80,47,10,10,1,0,0,1
14976,94,47,9,5,1,0,1,2
14976,17,47,9,6,1,1,1,2
14976,35,47,9,7,1,0,1,2
14976,96,47,9,8,1,0,1,2
14976,30,47,9,9,1,0,1,2
961,35,36,8,5,1,1,1,1
961,96,36,8,6,1,0,1,1
961,30,36,8,7,1,0,1,1
961,80,36,8,8,1,0,1,1
18217,35,36,8,5,1,0,1,1
18217,96,36,8,6,1,0,1,1
18217,30,36,8,7,1,0,1,1
18217,80,36,8,8,1,0,1,1
16761,35,36,7,5,1,0,0,0
16761,96,36,7,6,1,1,0,0
16761,30,36,7,7,1,0,0,0
2921,35,36,13,5,0,,0,0
2921,96,36,13,6,1,0,0,0
2921,30,36,13,7,1,0,0,0
2921,80,36,13,8,1,0,0,0
2921,7,36,13,9,0,,0,0
2921,81,36,13,10,0,,0,0
2921,85,36,13,11,0,,0,0
2921,45,36,13,12,1,0,0,0
2921,67,36,13,13,0,,0,0
7103,35,36,8,5,1,0,0,1
7103,96,36,8,6,1,1,0,1
7103,30,36,8,7,1,0,0,1
7103,80,36,8,8,1,0,0,1
18480,35,36,7,5,1,0,0,0
18480,96,36,7,6,1,0,0,0
18480,30,36,7,7,1,0,0,0
5887,35,36,8,5,1,1,0,2
5887,96,36,8,6,1,1,0,2
5887,30,36,8,7,1,1,0,2
5887,80,36,8,8,1,0,0,2
18686,35,36,9,5,1,1,1,1
18686,96,36,9,6,1,0,1,1
18686,30,36,9,7,1,0,1,1
18686,80,36,9,8,1,0,1,1
18686,7,36,9,9,0,,1,1
14685,35,36,8,5,1,1,1,0
14685,96,36,8,6,1,1,1,0
14685,30,36,8,7,1,1,1,0
14685,80,36,8,8,1,0,1,0
18063,35,36,8,5,1,1,1,0
18063,96,36,8,6,1,1,1,0
18063,30,36,8,7,1,1,1,0
18063,80,36,8,8,1,0,1,0
12876,35,36,8,5,1,1,1,0
12876,96,36,8,6,1,1,1,0
12876,30,36,8,7,1,0,1,0
12876,80,36,8,8,1,0,1,0
10539,35,36,8,5,1,0,1,1
10539,96,36,8,6,1,0,1,1
10539,30,36,8,7,1,0,1,1
10539,80,36,8,8,1,1,1,1
10951,35,36,8,5,1,1,0,0
10951,96,36,8,6,1,0,0,0
10951,30,36,8,7,1,1,0,0
10951,80,36,8,8,1,0,0,0
8525,35,36,8,5,1,1,0,1
8525,96,36,8,6,1,1,0,1
8525,30,36,8,7,1,1,0,1
8525,80,36,8,8,0,,0,1
3818,35,36,7,5,1,0,1,0
3818,96,36,7,6,1,0,1,0
3818,30,36,7,7,1,0,1,0
4828,35,36,9,5,1,0,1,1
4828,96,36,9,6,1,1,1,1
4828,30,36,9,7,1,0,1,1
4828,80,36,9,8,1,0,1,1
4828,7,36,9,9,0,,1,1
13730,35,36,12,5,1,0,1,0
13730,96,36,12,6,1,0,1,0
13730,30,36,12,7,1,0,1,0
13730,80,36,12,8,0,,1,0
13730,7,36,12,9,1,1,1,0
13730,81,36,12,10,1,0,1,0
13730,85,36,12,11,1,0,1,0
13730,45,36,12,12,1,0,1,0
2798,35,36,14,5,1,1,1,0
2798,96,36,14,6,1,0,1,0
2798,30,36,14,7,1,1,1,0
2798,80,36,14,8,1,0,1,0
2798,7,36,14,9,1,1,1,0
2798,81,36,14,10,1,0,1,0
2798,85,36,14,11,1,0,1,0
2798,45,36,14,12,1,0,1,0
2798,67,36,14,13,0,,1,0
2798,62,36,14,14,1,0,1,0
8105,35,36,8,5,1,0,1,0
8105,96,36,8,6,1,1,1,0
8105,30,36,8,7,1,0,1,0
8105,80,36,8,8,1,0,1,0
15320,35,36,11,5,1,1,1,0
15320,96,36,11,6,0,,1,0
15320,30,36,11,7,0,,1,0
15320,80,36,11,8,0,,1,0
15320,7,36,11,9,0,,1,0
15320,81,36,11,10,0,,1,0
15320,85,36,11,11,0,,1,0
5177,35,36,15,5,0,,1,0
5177,96,36,15,6,0,,1,0
5177,30,36,15,7,0,,1,0
5177,80,36,15,8,0,,1,0
5177,7,36,15,9,0,,1,0
5177,81,36,15,10,0,,1,0
5177,85,36,15,11,0,,1,0
5177,45,36,15,12,0,,1,0
5177,67,36,15,13,0,,1,0
5177,62,36,15,14,0,,1,0
5177,100,36,15,15,0,,1,0
18288,35,36,16,5,1,1,0,0
18288,96,36,16,6,1,1,0,0
18288,30,36,16,7,1,0,0,0
18288,80,36,16,8,0,,0,0
18288,7,36,16,9,0,,0,0
18288,81,36,16,10,0,,0,0
18288,85,36,16,11,0,,0,0
18288,45,36,16,12,1,0,0,0
18288,67,36,16,13,0,,0,0
18288,62,36,16,14,0,,0,0
18288,100,36,16,15,0,,0,0
18288,54,36,16,16,0,,0,0
3279,35,36,8,5,1,1,0,2
3279,96,36,8,6,1,0,0,2
3279,30,36,8,7,1,1,0,2
3279,80,36,8,8,1,0,0,2
617,35,36,8,5,1,1,0,1
617,96,36,8,6,1,1,0,1
617,30,36,8,7,1,1,0,1
617,80,36,8,8,1,0,0,1
19944,35,36,8,5,1,1,1,1
19944,96,36,8,6,1,1,1,1
19944,30,36,8,7,1,1,1,1
19944,80,36,8,8,1,0,1,1
12236,35,36,7,5,1,1,1,0
12236,96,36,7,6,1,0,1,0
12236,30,36,7,7,0,,1,0
9779,35,36,13,5,1,1,1,1
9779,96,36,13,6,1,0,1,1
9779,30,36,13,7,1,1,1,1
9779,80,36,13,8,1,0,1,1
9779,7,36,13,9,1,0,1,1
9779,81,36,13,10,1,0,1,1
9779,85,36,13,11,1,0,1,1
9779,45,36,13,12,1,0,1,1
9779,67,36,13,13,0,,1,1
17513,35,36,8,5,1,0,1,0
17513,96,36,8,6,1,1,1,0
17513,30,36,8,7,1,1,1,0
17513,80,36,8,8,1,0,1,0
9976,35,36,10,5,1,1,0,1
9976,96,36,10,6,1,0,0,1
9976,30,36,10,7,0,,0,1
9976,80,36,10,8,0,,0,1
9976,7,36,10,9,1,1,0,1
9976,81,36,10,10,1,0,0,1
16790,35,36,10,5,1,1,0,0
16790,96,36,10,6,1,1,0,0
16790,30,36,10,7,1,1,0,0
16790,80,36,10,8,0,,0,0
16790,7,36,10,9,1,1,0,0
16790,81,36,10,10,1,1,0,0
7715,35,36,8,5,1,0,0,0
7715,96,36,8,6,1,0,0,0
7715,30,36,8,7,1,0,0,0
7715,80,36,8,8,1,0,0,0
572,35,36,9,5,1,1,1,0
572,96,36,9,6,1,1,1,0
572,30,36,9,7,1,0,1,0
572,80,36,9,8,1,0,1,0
572,7,36,9,9,0,,1,0
4638,35,36,8,5,1,1,1,2
4638,96,36,8,6,1,0,1,2
4638,30,36,8,7,1,1,1,2
4638,80,36,8,8,1,1,1,2
5199,35,36,7,5,1,0,1,0
5199,96,36,7,6,1,0,1,0
5199,30,36,7,7,0,,1,0
35,35,36,7,5,1,1,1,0
35,96,36,7,6,1,0,1,0
35,30,36,7,7,1,0,1,0
8236,35,36,11,5,1,1,1,0
8236,96,36,11,6,0,,1,0
8236,30,36,11,7,0,,1,0
8236,80,36,11,8,0,,1,0
8236,7,36,11,9,0,,1,0
8236,81,36,11,10,0,,1,0
8236,85,36,11,11,0,,1,0
16147,35,36,7,5,1,0,1,1
16147,96,36,7,6,1,0,1,1
16147,30,36,7,7,1,0,1,1
6584,35,36,7,5,1,1,1,0
6584,96,36,7,6,1,1,1,0
6584,30,36,7,7,0,,1,0
16902,35,36,8,5,1,0,0,0
16902,96,36,8,6,0,,0,0
16902,30,36,8,7,1,0,0,0
16902,80,36,8,8,1,0,0,0
11845,35,36,7,5,1,0,1,0
11845,96,36,7,6,1,1,1,0
11845,30,36,7,7,0,,1,0
16957,35,36,8,5,1,0,1,1
16957,96,36,8,6,1,1,1,1
16957,30,36,8,7,0,,1,1
16957,80,36,8,8,1,0,1,1
7764,35,36,11,5,1,1,1,0
7764,96,36,11,6,1,1,1,0
7764,30,36,11,7,1,0,1,0
7764,80,36,11,8,1,0,1,0
7764,7,36,11,9,1,1,1,0
7764,81,36,11,10,1,0,1,0
7764,85,36,11,11,0,,1,0
17002,35,36,8,5,1,0,0,0
17002,96,36,8,6,1,0,0,0
17002,30,36,8,7,1,0,0,0
17002,80,36,8,8,1,0,0,0
12405,35,36,8,5,1,1,1,1
12405,96,36,8,6,1,1,1,1
12405,30,36,8,7,1,0,1,1
12405,80,36,8,8,1,0,1,1
18488,35,36,11,5,1,1,1,1
18488,96,36,11,6,1,1,1,1
18488,30,36,11,7,1,1,1,1
18488,80,36,11,8,1,0,1,1
18488,7,36,11,9,1,1,1,1
18488,81,36,11,10,1,0,1,1
18488,85,36,11,11,1,0,1,1
1740,35,36,8,5,1,1,1,0
1740,96,36,8,6,1,0,1,0
1740,30,36,8,7,1,0,1,0
1740,80,36,8,8,1,0,1,0
18306,35,36,5,5,1,1,0,1
615,35,36,8,5,1,0,1,0
615,96,36,8,6,1,0,1,0
615,30,36,8,7,1,0,1,0
615,80,36,8,8,0,,1,0
19014,35,36,8,5,1,0,1,0
19014,96,36,8,6,1,0,1,0
19014,30,36,8,7,1,0,1,0
19014,80,36,8,8,1,0,1,0
7943,35,36,7,5,1,0,1,1
7943,96,36,7,6,1,0,1,1
7943,30,36,7,7,1,0,1,1
5117,35,36,12,5,1,0,1,0
5117,96,36,12,6,1,1,1,0
5117,30,36,12,7,1,0,1,0
5117,80,36,12,8,1,1,1,0
5117,7,36,12,9,1,0,1,0
5117,81,36,12,10,1,0,1,0
5117,85,36,12,11,1,0,1,0
5117,45,36,12,12,0,,1,0
17425,35,36,8,5,1,0,1,0
17425,96,36,8,6,1,0,1,0
17425,30,36,8,7,1,0,1,0
17425,80,36,8,8,1,0,1,0
14699,35,36,10,5,1,1,1,0
14699,96,36,10,6,1,1,1,0
14699,30,36,10,7,1,0,1,0
14699,80,36,10,8,1,0,1,0
14699,7,36,10,9,1,1,1,0
14699,81,36,10,10,1,0,1,0
16316,35,36,7,5,0,,0,0
16316,96,36,7,6,0,,0,0
16316,30,36,7,7,0,,0,0
3819,96,100,7,5,1,0,1,0
3819,30,100,7,6,1,1,1,0
3819,80,100,7,7,1,0,1,0
8073,96,100,10,5,1,1,0,1
8073,30,100,10,6,1,1,0,1
8073,80,100,10,7,0,,0,1
8073,7,100,10,8,0,,0,1
8073,81,100,10,9,1,0,0,1
8073,85,100,10,10,0,,0,1
6753,96,100,10,5,1,0,0,0
6753,30,100,10,6,1,1,0,0
6753,80,100,10,7,0,,0,0
6753,7,100,10,8,0,,0,0
6753,81,100,10,9,0,,0,0
6753,85,100,10,10,1,0,0,0
14794,96,100,7,5,0,,0,0
14794,30,100,7,6,1,0,0,0
14794,80,100,7,7,1,0,0,0
19956,96,100,7,5,1,0,0,0
19956,30,100,7,6,1,0,0,0
19956,80,100,7,7,0,,0,0
13912,96,100,7,5,1,0,0,0
13912,30,100,7,6,1,0,0,0
13912,80,100,7,7,1,0,0,0
556,30,71,6,5,1,1,0,0
556,80,71,6,6,1,0,0,0
16806,30,71,9,5,1,0,0,0
16806,80,71,9,6,1,0,0,0
16806,7,71,9,7,1,0,0,0
16806,81,71,9,8,1,0,0,0
16806,85,71,9,9,0,,0,0
15215,30,71,9,5,1,0,0,1
15215,80,71,9,6,1,0,0,1
15215,7,71,9,7,1,1,0,1
15215,81,71,9,8,1,0,0,1
15215,85,71,9,9,1,0,0,1
12342,30,71,8,5,1,1,0,1
12342,80,71,8,6,1,0,0,1
12342,7,71,8,7,0,,0,1
12342,81,71,8,8,1,1,0,1
15333,30,71,7,5,1,0,1,1
15333,80,71,7,6,1,0,1,1
15333,7,71,7,7,1,0,1,1
4241,30,71,7,5,1,0,1,1
4241,80,71,7,6,1,0,1,1
4241,7,71,7,7,0,,1,1
2250,30,71,10,5,1,1,0,1
2250,80,71,10,6,1,0,0,1
2250,7,71,10,7,1,1,0,1
2250,81,71,10,8,1,1,0,1
2250,85,71,10,9,1,0,0,1
2250,45,71,10,10,1,0,0,1
1821,30,71,7,5,1,0,0,1
1821,80,71,7,6,1,0,0,1
1821,7,71,7,7,0,,0,1
6132,30,71,6,5,1,1,0,0
6132,80,71,6,6,1,0,0,0
14341,30,71,6,5,1,0,0,0
14341,80,71,6,6,1,0,0,0
6623,30,71,9,5,1,0,0,1
6623,80,71,9,6,1,0,0,1
6623,7,71,9,7,1,1,0,1
6623,81,71,9,8,1,0,0,1
6623,85,71,9,9,0,,0,1
16024,30,71,10,5,1,1,1,0
16024,80,71,10,6,1,0,1,0
16024,7,71,10,7,1,1,1,0
16024,81,71,10,8,1,0,1,0
16024,85,71,10,9,1,0,1,0
16024,45,71,10,10,1,0,1,0
6903,30,71,9,5,1,0,0,1
6903,80,71,9,6,0,,0,1
6903,7,71,9,7,1,1,0,1
6903,81,71,9,8,0,,0,1
6903,85,71,9,9,1,0,0,1
13627,30,71,6,5,0,,1,1
13627,80,71,6,6,1,1,1,1
5986,30,71,7,5,1,0,1,1
5986,80,71,7,6,1,0,1,1
5986,7,71,7,7,0,,1,1
10230,30,71,8,5,1,1,1,1
10230,80,71,8,6,1,0,1,1
10230,7,71,8,7,1,1,1,1
10230,81,71,8,8,1,0,1,1
14467,30,71,8,5,1,1,0,1
14467,80,71,8,6,1,0,0,1
14467,7,71,8,7,1,0,0,1
14467,81,71,8,8,1,0,0,1
5779,30,71,7,5,1,0,0,0
5779,80,71,7,6,1,0,0,0
5779,7,71,7,7,0,,0,0
8272,30,71,12,5,1,0,0,0
8272,80,71,12,6,1,0,0,0
8272,7,71,12,7,1,1,0,0
8272,81,71,12,8,1,0,0,0
8272,85,71,12,9,1,0,0,0
8272,45,71,12,10,1,0,0,0
8272,67,71,12,11,1,0,0,0
8272,62,71,12,12,1,0,0,0
10777,30,71,7,5,1,1,0,2
10777,80,71,7,6,1,0,0,2
10777,7,71,7,7,0,,0,2
4069,30,71,8,5,1,0,0,1
4069,80,71,8,6,1,1,0,1
4069,7,71,8,7,1,1,0,1
4069,81,71,8,8,1,0,0,1
15086,30,71,9,5,1,1,0,2
15086,80,71,9,6,1,0,0,2
15086,7,71,9,7,1,1,0,2
15086,81,71,9,8,1,1,0,2
15086,85,71,9,9,0,,0,2
17252,30,71,6,5,0,,0,0
17252,80,71,6,6,1,0,0,0
18555,30,71,6,5,1,0,0,1
18555,80,71,6,6,1,0,0,1
16238,30,71,6,5,1,0,0,2
16238,80,71,6,6,1,0,0,2
15999,30,71,9,5,1,0,1,1
15999,80,71,9,6,1,0,1,1
15999,7,71,9,7,1,0,1,1
15999,81,71,9,8,1,0,1,1
15999,85,71,9,9,0,,1,1
17880,80,41,6,5,1,1,1,1
17880,7,41,6,6,0,,1,1
17342,80,41,5,5,1,0,0,1
16834,80,41,11,5,1,0,1,2
16834,7,41,11,6,1,1,1,2
16834,81,41,11,7,1,1,1,2
16834,85,41,11,8,1,0,1,2
16834,45,41,11,9,1,0,1,2
16834,67,41,11,10,1,0,1,2
16834,62,41,11,11,1,0,1,2
17207,80,41,10,5,1,0,0,1
17207,7,41,10,6,1,1,0,1
17207,81,41,10,7,1,0,0,1
17207,85,41,10,8,1,1,0,1
17207,45,41,10,9,1,0,0,1
17207,67,41,10,10,1,0,0,1
15704,80,41,7,5,1,0,0,1
15704,7,41,7,6,1,1,0,1
15704,81,41,7,7,1,1,0,1
14599,80,41,8,5,1,0,0,1
14599,7,41,8,6,1,1,0,1
14599,81,41,8,7,1,0,0,1
14599,85,41,8,8,1,0,0,1
362,80,41,11,5,0,,1,0
362,7,41,11,6,0,,1,0
362,81,41,11,7,0,,1,0
362,85,41,11,8,0,,1,0
362,45,41,11,9,0,,1,0
362,67,41,11,10,0,,1,0
362,62,41,11,11,0,,1,0
9711,80,41,9,5,0,,0,1
9711,7,41,9,6,1,1,0,1
9711,81,41,9,7,0,,0,1
9711,85,41,9,8,0,,0,1
9711,45,41,9,9,1,0,0,1
7872,80,41,9,5,1,1,0,0
7872,7,41,9,6,1,1,0,0
7872,81,41,9,7,1,1,0,0
7872,85,41,9,8,1,0,0,0
7872,45,41,9,9,1,0,0,0
9546,80,41,10,5,0,,1,0
9546,7,41,10,6,0,,1,0
9546,81,41,10,7,0,,1,0
9546,85,41,10,8,0,,1,0
9546,45,41,10,9,0,,1,0
9546,67,41,10,10,0,,1,0
550,80,41,5,5,1,0,1,0
5250,80,41,5,5,0,,1,0
1852,80,41,8,5,1,1,0,0
1852,7,41,8,6,1,0,0,0
1852,81,41,8,7,1,0,0,0
1852,85,41,8,8,0,,0,0
19294,80,41,9,5,1,0,1,0
19294,7,41,9,6,1,1,1,0
19294,81,41,9,7,1,0,1,0
19294,85,41,9,8,1,0,1,0
19294,45,41,9,9,1,1,1,0
7708,80,41,5,5,1,0,0,0
17302,80,41,6,5,1,0,0,1
17302,7,41,6,6,0,,0,1
6940,80,41,9,5,1,1,0,2
6940,7,41,9,6,1,0,0,2
6940,81,41,9,7,1,0,0,2
6940,85,41,9,8,1,1,0,2
6940,45,41,9,9,1,0,0,2
9300,80,41,5,5,1,1,1,1
9968,80,41,6,5,1,0,0,0
9968,7,41,6,6,0,,0,0
13506,80,41,5,5,1,0,1,0
13530,30,71,6,5,1,1,1,1
13530,80,71,6,6,1,0,1,1
15097,7,72,11,5,0,,0,1
15097,81,72,11,6,0,,0,1
15097,85,72,11,7,1,0,0,1
15097,45,72,11,8,1,0,0,1
15097,67,72,11,9,1,0,0,1
15097,62,72,11,10,0,,0,1
15097,100,72,11,11,1,0,0,1
9113,7,72,5,5,0,,1,0
11085,7,72,9,5,1,1,1,0
11085,81,72,9,6,1,1,1,0
11085,85,72,9,7,1,0,1,0
11085,45,72,9,8,1,1,1,0
11085,67,72,9,9,0,,1,0
6254,7,72,7,5,1,0,1,1
6254,81,72,7,6,0,,1,1
6254,85,72,7,7,1,1,1,1
7201,7,72,7,5,1,1,1,1
7201,81,72,7,6,1,1,1,1
7201,85,72,7,7,1,0,1,1
13786,7,72,7,5,1,1,1,2
13786,81,72,7,6,1,0,1,2
13786,85,72,7,7,1,1,1,2
2239,7,72,6,5,1,0,1,0
2239,81,72,6,6,1,0,1,0
15073,7,72,6,5,1,1,0,0
15073,81,72,6,6,1,0,0,0
9554,7,72,8,5,1,1,1,0
9554,81,72,8,6,1,0,1,0
9554,85,72,8,7,1,0,1,0
9554,45,72,8,8,1,0,1,0
7310,7,72,12,5,1,0,1,1
7310,81,72,12,6,1,0,1,1
7310,85,72,12,7,1,0,1,1
7310,45,72,12,8,1,0,1,1
7310,67,72,12,9,1,1,1,1
7310,62,72,12,10,1,0,1,1
7310,100,72,12,11,1,0,1,1
7310,54,72,12,12,1,0,1,1
9924,7,72,10,5,0,,0,0
9924,81,72,10,6,1,0,0,0
9924,85,72,10,7,1,0,0,0
9924,45,72,10,8,0,,0,0
9924,67,72,10,9,0,,0,0
9924,62,72,10,10,1,0,0,0
13772,7,72,12,5,1,1,1,0
13772,81,72,12,6,1,0,1,0
13772,85,72,12,7,1,0,1,0
13772,45,72,12,8,1,0,1,0
13772,67,72,12,9,1,0,1,0
13772,62,72,12,10,1,0,1,0
13772,100,72,12,11,1,0,1,0
13772,54,72,12,12,1,0,1,0
3083,7,72,8,5,1,0,1,2
3083,81,72,8,6,1,1,1,2
3083,85,72,8,7,1,0,1,2
3083,45,72,8,8,1,0,1,2
4229,7,72,9,5,1,1,1,2
4229,81,72,9,6,1,1,1,2
4229,85,72,9,7,1,0,1,2
4229,45,72,9,8,1,0,1,2
4229,67,72,9,9,1,0,1,2
2607,7,72,10,5,1,1,0,1
2607,81,72,10,6,1,0,0,1
2607,85,72,10,7,1,0,0,1
2607,45,72,10,8,1,0,0,1
2607,67,72,10,9,1,0,0,1
2607,62,72,10,10,1,0,0,1
7762,7,72,6,5,1,1,1,1
7762,81,72,6,6,1,0,1,1
14566,7,72,5,5,1,0,1,1
13857,7,72,9,5,1,1,1,1
13857,81,72,9,6,1,0,1,1
13857,85,72,9,7,1,0,1,1
13857,45,72,9,8,1,0,1,1
13857,67,72,9,9,0,,1,1
12559,7,72,8,5,1,1,0,0
12559,81,72,8,6,1,0,0,0
12559,85,72,8,7,1,0,0,0
12559,45,72,8,8,1,0,0,0
12830,7,72,13,5,1,1,0,0
12830,81,72,13,6,1,1,0,0
12830,85,72,13,7,1,1,0,0
12830,45,72,13,8,1,0,0,0
12830,67,72,13,9,1,1,0,0
12830,62,72,13,10,1,1,0,0
12830,100,72,13,11,1,0,0,0
12830,54,72,13,12,1,0,0,0
12830,76,72,13,13,1,1,0,0
4932,7,72,8,5,1,1,1,1
4932,81,72,8,6,1,0,1,1
4932,85,72,8,7,1,0,1,1
4932,45,72,8,8,1,0,1,1
11068,7,72,11,5,1,1,0,0
11068,81,72,11,6,1,0,0,0
11068,85,72,11,7,1,0,0,0
11068,45,72,11,8,1,1,0,0
11068,67,72,11,9,1,0,0,0
11068,62,72,11,10,1,0,0,0
11068,100,72,11,11,0,,0,0
16735,7,72,8,5,1,1,1,0
16735,81,72,8,6,1,0,1,0
16735,85,72,8,7,1,1,1,0
16735,45,72,8,8,1,1,1,0
14393,7,72,5,5,0,,0,1
17112,7,72,10,5,1,1,0,1
17112,81,72,10,6,1,1,0,1
17112,85,72,10,7,1,0,0,1
17112,45,72,10,8,1,1,0,1
17112,67,72,10,9,1,0,0,1
17112,62,72,10,10,1,0,0,1
2508,7,72,7,5,1,1,0,0
2508,81,72,7,6,1,0,0,0
2508,85,72,7,7,0,,0,0
14027,7,72,8,5,1,0,1,0
14027,81,72,8,6,1,1,1,0
14027,85,72,8,7,1,1,1,0
14027,45,72,8,8,1,0,1,0
16801,7,72,7,5,1,1,1,0
16801,81,72,7,6,0,,1,0
16801,85,72,7,7,0,,1,0
11704,7,72,8,5,1,0,0,0
11704,81,72,8,6,1,0,0,0
11704,85,72,8,7,1,1,0,0
11704,45,72,8,8,1,0,0,0
12741,80,41,5,5,1,0,1,1
10764,7,72,8,5,1,1,1,0
10764,81,72,8,6,1,0,1,0
10764,85,72,8,7,1,0,1,0
10764,45,72,8,8,1,0,1,0
11567,7,72,8,5,1,0,1,0
11567,81,72,8,6,1,0,1,0
11567,85,72,8,7,1,1,1,0
11567,45,72,8,8,1,0,1,0
7278,7,72,11,5,1,1,0,1
7278,81,72,11,6,1,0,0,1
7278,85,72,11,7,1,0,0,1
7278,45,72,11,8,1,0,0,1
7278,67,72,11,9,1,0,0,1
7278,62,72,11,10,1,0,0,1
7278,100,72,11,11,0,,0,1
4833,80,41,9,5,1,0,0,0
4833,7,41,9,6,1,1,0,0
4833,81,41,9,7,1,0,0,0
4833,85,41,9,8,1,0,0,0
4833,45,41,9,9,1,1,0,0
17061,81,74,9,5,1,0,0,0
17061,85,74,9,6,1,0,0,0
17061,45,74,9,7,1,0,0,0
17061,67,74,9,8,1,0,0,0
17061,62,74,9,9,1,0,0,0
12143,81,74,9,5,1,1,1,1
12143,85,74,9,6,1,1,1,1
12143,45,74,9,7,0,,1,1
12143,67,74,9,8,1,0,1,1
12143,62,74,9,9,0,,1,1
15635,81,74,7,5,1,0,0,1
15635,85,74,7,6,1,0,0,1
15635,45,74,7,7,1,0,0,1
16497,81,74,5,5,1,0,0,0
8570,81,74,11,5,1,0,1,0
8570,85,74,11,6,1,0,1,0
8570,45,74,11,7,1,1,1,0
8570,67,74,11,8,1,0,1,0
8570,62,74,11,9,1,0,1,0
8570,100,74,11,10,1,0,1,0
8570,54,74,11,11,1,0,1,0
2801,81,74,9,5,1,1,0,0
2801,85,74,9,6,1,0,0,0
2801,45,74,9,7,1,0,0,0
2801,67,74,9,8,1,0,0,0
2801,62,74,9,9,1,0,0,0
8674,81,74,6,5,1,0,1,0
8674,85,74,6,6,1,0,1,0
18668,81,74,8,5,1,1,1,0
18668,85,74,8,6,1,0,1,0
18668,45,74,8,7,1,1,1,0
18668,67,74,8,8,1,0,1,0
3884,81,74,9,5,1,0,1,0
3884,85,74,9,6,1,0,1,0
3884,45,74,9,7,1,0,1,0
3884,67,74,9,8,1,0,1,0
3884,62,74,9,9,1,0,1,0
15759,81,74,5,5,1,0,1,0
12049,81,74,9,5,1,0,0,0
12049,85,74,9,6,1,1,0,0
12049,45,74,9,7,1,0,0,0
12049,67,74,9,8,1,1,0,0
12049,62,74,9,9,1,0,0,0
18429,81,74,9,5,1,1,0,0
18429,85,74,9,6,1,1,0,0
18429,45,74,9,7,1,0,0,0
18429,67,74,9,8,1,0,0,0
18429,62,74,9,9,1,0,0,0
11301,81,74,7,5,1,0,0,0
11301,85,74,7,6,1,0,0,0
11301,45,74,7,7,1,0,0,0
17840,81,74,5,5,1,1,0,0
9287,81,74,6,5,1,1,0,0
9287,85,74,6,6,1,0,0,0
18011,81,74,8,5,1,0,0,0
18011,85,74,8,6,1,0,0,0
18011,45,74,8,7,1,0,0,0
18011,67,74,8,8,0,,0,0
14063,81,74,10,5,1,0,0,0
14063,85,74,10,6,0,,0,0
14063,45,74,10,7,1,0,0,0
14063,67,74,10,8,1,0,0,0
14063,62,74,10,9,1,0,0,0
14063,100,74,10,10,0,,0,0
4109,81,74,7,5,1,0,0,0
4109,85,74,7,6,1,0,0,0
4109,45,74,7,7,1,0,0,0
5755,81,74,9,5,1,0,0,0
5755,85,74,9,6,1,0,0,0
5755,45,74,9,7,1,1,0,0
5755,67,74,9,8,1,0,0,0
5755,62,74,9,9,1,0,0,0
11116,81,74,9,5,1,1,0,0
11116,85,74,9,6,1,0,0,0
11116,45,74,9,7,1,0,0,0
11116,67,74,9,8,1,0,0,0
11116,62,74,9,9,1,0,0,0
14074,81,74,9,5,1,0,1,1
14074,85,74,9,6,1,1,1,1
14074,45,74,9,7,1,1,1,1
14074,67,74,9,8,1,0,1,1
14074,62,74,9,9,1,0,1,1
2074,81,74,6,5,0,,0,0
2074,85,74,6,6,1,0,0,0
12928,81,74,11,5,1,1,0,0
12928,85,74,11,6,1,1,0,0
12928,45,74,11,7,1,0,0,0
12928,67,74,11,8,1,0,0,0
12928,62,74,11,9,1,0,0,0
12928,100,74,11,10,1,1,0,0
12928,54,74,11,11,1,0,0,0
14107,81,74,11,5,1,0,1,0
14107,85,74,11,6,1,1,1,0
14107,45,74,11,7,1,0,1,0
14107,67,74,11,8,1,1,1,0
14107,62,74,11,9,1,0,1,0
14107,100,74,11,10,1,1,1,0
14107,54,74,11,11,1,1,1,0
15752,81,74,7,5,1,0,1,0
15752,85,74,7,6,1,0,1,0
15752,45,74,7,7,1,0,1,0
10239,81,74,9,5,1,0,1,0
10239,85,74,9,6,1,0,1,0
10239,45,74,9,7,1,0,1,0
10239,67,74,9,8,1,0,1,0
10239,62,74,9,9,1,0,1,0
1507,81,74,10,5,1,1,0,0
1507,85,74,10,6,1,0,0,0
1507,45,74,10,7,1,0,0,0
1507,67,74,10,8,1,0,0,0
1507,62,74,10,9,1,0,0,0
1507,100,74,10,10,0,,0,0
14813,81,74,11,5,1,0,0,0
14813,85,74,11,6,1,0,0,0
14813,45,74,11,7,1,0,0,0
14813,67,74,11,8,1,0,0,0
14813,62,74,11,9,1,0,0,0
14813,100,74,11,10,1,0,0,0
14813,54,74,11,11,1,1,0,0
5472,81,74,11,5,1,0,0,0
5472,85,74,11,6,1,0,0,0
5472,45,74,11,7,1,0,0,0
5472,67,74,11,8,1,0,0,0
5472,62,74,11,9,1,0,0,0
5472,100,74,11,10,1,1,0,0
5472,54,74,11,11,1,0,0,0
8331,81,74,5,5,0,,0,1
17603,81,74,7,5,1,1,0,0
17603,85,74,7,6,1,0,0,0
17603,45,74,7,7,1,0,0,0
13932,81,74,9,5,1,0,1,0
13932,85,74,9,6,1,1,1,0
13932,45,74,9,7,1,1,1,0
13932,67,74,9,8,1,1,1,0
13932,62,74,9,9,1,0,1,0
2019,81,74,7,5,1,0,1,0
2019,85,74,7,6,1,1,1,0
2019,45,74,7,7,1,0,1,0
7608,81,74,12,5,1,0,0,0
7608,85,74,12,6,1,0,0,0
7608,45,74,12,7,1,0,0,0
7608,67,74,12,8,0,,0,0
7608,62,74,12,9,0,,0,0
7608,100,74,12,10,1,1,0,0
7608,54,74,12,11,1,1,0,0
7608,76,74,12,12,0,,0,0
3784,81,74,6,5,1,0,0,0
3784,85,74,6,6,0,,0,0
13942,81,74,9,5,1,0,0,0
13942,85,74,9,6,1,1,0,0
13942,45,74,9,7,1,0,0,0
13942,67,74,9,8,1,0,0,0
13942,62,74,9,9,1,0,0,0
15471,81,74,7,5,1,1,0,0
15471,85,74,7,6,0,,0,0
15471,45,74,7,7,1,0,0,0
10812,81,74,5,5,1,0,0,0
4847,81,74,9,5,1,1,0,0
4847,85,74,9,6,1,0,0,0
4847,45,74,9,7,1,0,0,0
4847,67,74,9,8,1,0,0,0
4847,62,74,9,9,1,0,0,0
5907,81,74,10,5,1,1,0,0
5907,85,74,10,6,1,1,0,0
5907,45,74,10,7,1,0,0,0
5907,67,74,10,8,1,1,0,0
5907,62,74,10,9,1,1,0,0
5907,100,74,10,10,0,,0,0
4595,81,74,9,5,1,1,0,0
4595,85,74,9,6,1,1,0,0
4595,45,74,9,7,1,0,0,0
4595,67,74,9,8,1,0,0,0
4595,62,74,9,9,1,0,0,0
16962,81,74,9,5,1,0,0,1
16962,85,74,9,6,1,0,0,1
16962,45,74,9,7,1,0,0,1
16962,67,74,9,8,1,1,0,1
16962,62,74,9,9,1,0,0,1
137,7,72,7,5,1,1,1,0
137,81,72,7,6,1,0,1,0
137,85,72,7,7,1,0,1,0
19438,7,72,8,5,0,,0,0
19438,81,72,8,6,1,0,0,0
19438,85,72,8,7,1,0,0,0
19438,45,72,8,8,0,,0,0
7712,85,46,7,5,1,0,0,1
7712,45,46,7,6,1,0,0,1
7712,67,46,7,7,0,,0,1
8063,85,46,9,5,1,0,1,1
8063,45,46,9,6,1,0,1,1
8063,67,46,9,7,1,0,1,1
8063,62,46,9,8,1,0,1,1
8063,100,46,9,9,0,,1,1
13006,85,46,11,5,1,1,1,1
13006,45,46,11,6,1,0,1,1
13006,67,46,11,7,1,1,1,1
13006,62,46,11,8,1,0,1,1
13006,100,46,11,9,1,0,1,1
13006,54,46,11,10,1,0,1,1
13006,76,46,11,11,0,,1,1
6737,85,46,8,5,1,1,1,1
6737,45,46,8,6,1,0,1,1
6737,67,46,8,7,1,0,1,1
6737,62,46,8,8,1,0,1,1
3145,85,46,8,5,1,0,0,1
3145,45,46,8,6,1,0,0,1
3145,67,46,8,7,1,0,0,1
3145,62,46,8,8,1,0,0,1
16647,85,46,10,5,1,1,1,1
16647,45,46,10,6,1,0,1,1
16647,67,46,10,7,1,1,1,1
16647,62,46,10,8,1,0,1,1
16647,100,46,10,9,1,1,1,1
16647,54,46,10,10,0,,1,1
5450,85,46,11,5,1,1,0,1
5450,45,46,11,6,1,0,0,1
5450,67,46,11,7,1,0,0,1
5450,62,46,11,8,1,0,0,1
5450,100,46,11,9,1,1,0,1
5450,54,46,11,10,1,0,0,1
5450,76,46,11,11,0,,0,1
3026,85,46,11,5,1,0,1,1
3026,45,46,11,6,1,0,1,1
3026,67,46,11,7,1,0,1,1
3026,62,46,11,8,1,0,1,1
3026,100,46,11,9,1,1,1,1
3026,54,46,11,10,1,0,1,1
3026,76,46,11,11,0,,1,1
5431,85,46,8,5,1,1,0,1
5431,45,46,8,6,1,1,0,1
5431,67,46,8,7,1,0,0,1
5431,62,46,8,8,1,0,0,1
971,85,46,11,5,1,1,0,1
971,45,46,11,6,1,1,0,1
971,67,46,11,7,1,1,0,1
971,62,46,11,8,1,0,0,1
971,100,46,11,9,1,1,0,1
971,54,46,11,10,1,1,0,1
971,76,46,11,11,1,0,0,1
17279,85,46,7,5,1,0,0,1
17279,45,46,7,6,0,,0,1
17279,67,46,7,7,0,,0,1
19031,85,46,11,5,1,0,0,1
19031,45,46,11,6,1,1,0,1
19031,67,46,11,7,1,1,0,1
19031,62,46,11,8,1,0,0,1
19031,100,46,11,9,1,1,0,1
19031,54,46,11,10,1,0,0,1
19031,76,46,11,11,1,0,0,1
4615,85,46,8,5,1,1,1,1
4615,45,46,8,6,1,1,1,1
4615,67,46,8,7,1,0,1,1
4615,62,46,8,8,1,0,1,1
3668,85,46,10,5,1,0,1,2
3668,45,46,10,6,1,0,1,2
3668,67,46,10,7,1,1,1,2
3668,62,46,10,8,1,0,1,2
3668,100,46,10,9,1,0,1,2
3668,54,46,10,10,1,0,1,2
16895,85,46,8,5,1,1,1,0
16895,45,46,8,6,1,0,1,0
16895,67,46,8,7,1,0,1,0
16895,62,46,8,8,1,0,1,0
13135,85,46,6,5,1,0,0,0
13135,45,46,6,6,1,1,0,0
6357,85,46,11,5,1,0,1,1
6357,45,46,11,6,1,1,1,1
6357,67,46,11,7,1,1,1,1
6357,62,46,11,8,1,0,1,1
6357,100,46,11,9,1,1,1,1
6357,54,46,11,10,1,0,1,1
6357,76,46,11,11,0,,1,1
5881,85,46,6,5,1,0,1,0
5881,45,46,6,6,1,0,1,0
8688,85,46,11,5,0,,0,0
8688,45,46,11,6,0,,0,0
8688,67,46,11,7,0,,0,0
8688,62,46,11,8,0,,0,0
8688,100,46,11,9,0,,0,0
8688,54,46,11,10,0,,0,0
8688,76,46,11,11,0,,0,0
6912,85,46,6,5,1,0,0,1
6912,45,46,6,6,1,0,0,1
5883,85,46,7,5,1,0,0,0
5883,45,46,7,6,1,0,0,0
5883,67,46,7,7,1,1,0,0
19993,85,46,7,5,1,1,1,1
19993,45,46,7,6,1,0,1,1
19993,67,46,7,7,1,0,1,1
19051,85,46,9,5,1,1,1,1
19051,45,46,9,6,1,0,1,1
19051,67,46,9,7,1,1,1,1
19051,62,46,9,8,1,0,1,1
19051,100,46,9,9,0,,1,1
8847,85,46,6,5,1,1,0,1
8847,45,46,6,6,0,,0,1
8879,85,46,11,5,1,0,0,1
8879,45,46,11,6,1,0,0,1
8879,67,46,11,7,1,0,0,1
8879,62,46,11,8,1,0,0,1
8879,100,46,11,9,1,0,0,1
8879,54,46,11,10,0,,0,1
8879,76,46,11,11,1,1,0,1
787,85,46,6,5,1,0,0,1
787,45,46,6,6,1,0,0,1
4670,85,46,9,5,1,1,0,1
4670,45,46,9,6,1,0,0,1
4670,67,46,9,7,1,1,0,1
4670,62,46,9,8,1,0,0,1
4670,100,46,9,9,0,,0,1
12763,85,46,9,5,1,1,0,1
12763,45,46,9,6,1,1,0,1
12763,67,46,9,7,0,,0,1
12763,62,46,9,8,1,1,0,1
12763,100,46,9,9,0,,0,1
18130,85,46,5,5,1,0,0,0
12596,85,46,10,5,1,0,0,0
12596,45,46,10,6,1,0,0,0
12596,67,46,10,7,1,1,0,0
12596,62,46,10,8,1,0,0,0
12596,100,46,10,9,1,1,0,0
12596,54,46,10,10,0,,0,0
10300,85,46,6,5,1,1,0,1
10300,45,46,6,6,1,0,0,1
13675,85,46,11,5,1,0,0,0
13675,45,46,11,6,1,1,0,0
13675,67,46,11,7,1,0,0,0
13675,62,46,11,8,1,0,0,0
13675,100,46,11,9,1,0,0,0
13675,54,46,11,10,0,,0,0
13675,76,46,11,11,1,1,0,0
17204,85,46,5,5,0,,0,1
19931,85,46,11,5,1,0,0,0
19931,45,46,11,6,0,,0,0
19931,67,46,11,7,1,0,0,0
19931,62,46,11,8,0,,0,0
19931,100,46,11,9,1,0,0,0
19931,54,46,11,10,0,,0,0
19931,76,46,11,11,0,,0,0
3151,45,93,10,5,0,,1,1
3151,67,93,10,6,1,0,1,1
3151,62,93,10,7,1,0,1,1
3151,100,93,10,8,1,1,1,1
3151,54,93,10,9,1,0,1,1
3151,76,93,10,10,0,,1,1
11574,45,93,6,5,1,0,0,0
11574,67,93,6,6,0,,0,0
4810,45,93,9,5,1,0,0,0
4810,67,93,9,6,1,0,0,0
4810,62,93,9,7,1,0,0,0
4810,100,93,9,8,1,0,0,0
4810,54,93,9,9,1,0,0,0
16045,45,93,7,5,1,1,0,0
16045,67,93,7,6,1,1,0,0
16045,62,93,7,7,1,0,0,0
14162,45,93,7,5,1,1,0,1
14162,67,93,7,6,1,1,0,1
14162,62,93,7,7,1,0,0,1
12324,45,93,7,5,1,0,0,1
12324,67,93,7,6,1,0,0,1
12324,62,93,7,7,1,0,0,1
6656,45,93,10,5,1,1,0,2
6656,67,93,10,6,1,1,0,2
6656,62,93,10,7,1,1,0,2
6656,100,93,10,8,1,1,0,2
6656,54,93,10,9,1,1,0,2
6656,76,93,10,10,1,0,0,2
17930,45,93,10,5,1,0,1,0
17930,67,93,10,6,1,1,1,0
17930,62,93,10,7,1,0,1,0
17930,100,93,10,8,1,0,1,0
17930,54,93,10,9,1,0,1,0
17930,76,93,10,10,1,0,1,0
19250,45,93,10,5,1,0,1,0
19250,67,93,10,6,1,0,1,0
19250,62,93,10,7,1,0,1,0
19250,100,93,10,8,1,0,1,0
19250,54,93,10,9,1,0,1,0
19250,76,93,10,10,0,,1,0
9843,45,93,6,5,0,,1,0
9843,67,93,6,6,1,0,1,0
277,45,93,9,5,1,0,0,1
277,67,93,9,6,1,0,0,1
277,62,93,9,7,1,0,0,1
277,100,93,9,8,1,1,0,1
277,54,93,9,9,1,0,0,1
8127,45,93,6,5,1,0,0,0
8127,67,93,6,6,1,0,0,0
3451,45,93,9,5,1,0,0,0
3451,67,93,9,6,1,0,0,0
3451,62,93,9,7,1,0,0,0
3451,100,93,9,8,1,0,0,0
3451,54,93,9,9,1,0,0,0
10745,45,93,10,5,1,1,0,0
10745,67,93,10,6,1,1,0,0
10745,62,93,10,7,1,0,0,0
10745,100,93,10,8,1,1,0,0
10745,54,93,10,9,1,0,0,0
10745,76,93,10,10,1,0,0,0
19331,45,93,10,5,1,0,0,1
19331,67,93,10,6,0,,0,1
19331,62,93,10,7,0,,0,1
19331,100,93,10,8,0,,0,1
19331,54,93,10,9,0,,0,1
19331,76,93,10,10,0,,0,1
6565,45,93,7,5,0,,0,0
6565,67,93,7,6,1,0,0,0
6565,62,93,7,7,1,0,0,0
7179,45,93,5,5,0,,0,1
12867,45,93,10,5,1,0,0,0
12867,67,93,10,6,1,0,0,0
12867,62,93,10,7,1,0,0,0
12867,100,93,10,8,0,,0,0
12867,54,93,10,9,1,0,0,0
12867,76,93,10,10,0,,0,0
8609,45,93,9,5,1,0,1,0
8609,67,93,9,6,1,0,1,0
8609,62,93,9,7,1,0,1,0
8609,100,93,9,8,1,0,1,0
8609,54,93,9,9,1,1,1,0
9950,85,46,11,5,1,1,0,1
9950,45,46,11,6,1,1,0,1
9950,67,46,11,7,1,0,0,1
9950,62,46,11,8,1,0,0,1
9950,100,46,11,9,1,0,0,1
9950,54,46,11,10,1,0,0,1
9950,76,46,11,11,1,0,0,1
5694,85,46,8,5,1,0,0,0
5694,45,46,8,6,1,1,0,0
5694,67,46,8,7,0,,0,0
5694,62,46,8,8,1,0,0,0
16117,45,93,5,5,1,0,0,1
15765,67,82,6,5,1,1,0,0
15765,62,82,6,6,1,0,0,0
11135,67,82,9,5,1,1,0,0
11135,62,82,9,6,1,0,0,0
11135,100,82,9,7,1,1,0,0
11135,54,82,9,8,1,1,0,0
11135,76,82,9,9,1,0,0,0
9782,67,82,7,5,1,0,0,0
9782,62,82,7,6,1,0,0,0
9782,100,82,7,7,0,,0,0
15063,67,82,9,5,1,1,0,1
15063,62,82,9,6,1,1,0,1
15063,100,82,9,7,1,1,0,1
15063,54,82,9,8,1,1,0,1
15063,76,82,9,9,1,0,0,1
1807,67,82,9,5,1,0,0,1
1807,62,82,9,6,1,0,0,1
1807,100,82,9,7,1,1,0,1
1807,54,82,9,8,1,1,0,1
1807,76,82,9,9,1,0,0,1
10176,67,82,6,5,1,0,0,1
10176,62,82,6,6,1,0,0,1
3264,67,82,6,5,0,,0,0
3264,62,82,6,6,0,,0,0
13585,67,82,6,5,0,,0,0
13585,62,82,6,6,1,0,0,0
19424,67,82,9,5,1,0,0,0
19424,62,82,9,6,1,1,0,0
19424,100,82,9,7,1,0,0,0
19424,54,82,9,8,1,1,0,0
19424,76,82,9,9,0,,0,0
16412,67,82,9,5,1,1,1,1
16412,62,82,9,6,1,0,1,1
16412,100,82,9,7,1,1,1,1
16412,54,82,9,8,1,1,1,1
16412,76,82,9,9,0,,1,1
2551,67,82,9,5,1,1,0,1
2551,62,82,9,6,1,0,0,1
2551,100,82,9,7,1,1,0,1
2551,54,82,9,8,1,0,0,1
2551,76,82,9,9,1,0,0,1
8021,62,61,8,5,0,,0,0
8021,100,61,8,6,1,0,0,0
8021,54,61,8,7,1,0,0,0
8021,76,61,8,8,1,0,0,0
2116,62,61,8,5,1,0,1,0
2116,100,61,8,6,1,1,1,0
2116,54,61,8,7,1,1,1,0
2116,76,61,8,8,1,0,1,0
16903,62,61,7,5,1,0,1,0
16903,100,61,7,6,1,0,1,0
16903,54,61,7,7,1,1,1,0
10597,62,61,6,5,1,0,1,0
10597,100,61,6,6,0,,1,0
7034,62,61,6,5,1,0,1,1
7034,100,61,6,6,0,,1,1
8277,62,61,8,5,1,1,1,0
8277,100,61,8,6,1,0,1,0
8277,54,61,8,7,1,1,1,0
8277,76,61,8,8,1,1,1,0
1506,62,61,8,5,1,0,1,1
1506,100,61,8,6,1,1,1,1
1506,54,61,8,7,1,1,1,1
1506,76,61,8,8,1,0,1,1
1113,62,61,7,5,1,0,1,0
1113,100,61,7,6,0,,1,0
1113,54,61,7,7,1,1,1,0
18205,62,61,8,5,1,0,1,0
18205,100,61,8,6,1,1,1,0
18205,54,61,8,7,1,1,1,0
18205,76,61,8,8,1,0,1,0
17963,62,61,8,5,1,0,1,1
17963,100,61,8,6,1,1,1,1
17963,54,61,8,7,1,0,1,1
17963,76,61,8,8,1,1,1,1
2700,62,61,8,5,1,0,1,0
2700,100,61,8,6,1,1,1,0
2700,54,61,8,7,1,0,1,0
2700,76,61,8,8,0,,1,0
118,62,61,5,5,1,0,1,0
10,62,61,8,5,1,0,1,0
10,100,61,8,6,0,,1,0
10,54,61,8,7,1,0,1,0
10,76,61,8,8,1,0,1,0
16291,62,61,8,5,1,0,1,0
16291,100,61,8,6,1,0,1,0
16291,54,61,8,7,1,0,1,0
16291,76,61,8,8,0,,1,0
19619,62,61,8,5,1,0,1,0
19619,100,61,8,6,1,0,1,0
19619,54,61,8,7,1,0,1,0
19619,76,61,8,8,1,0,1,0
15057,62,61,8,5,1,0,1,0
15057,100,61,8,6,1,1,1,0
15057,54,61,8,7,1,0,1,0
15057,76,61,8,8,1,1,1,0
19306,62,61,8,5,1,0,0,0
19306,100,61,8,6,1,0,0,0
19306,54,61,8,7,1,0,0,0
19306,76,61,8,8,1,0,0,0
12926,62,61,8,5,1,0,0,1
12926,100,61,8,6,1,1,0,1
12926,54,61,8,7,1,1,0,1
12926,76,61,8,8,1,1,0,1
5324,62,61,8,5,1,0,1,0
5324,100,61,8,6,1,0,1,0
5324,54,61,8,7,1,0,1,0
5324,76,61,8,8,1,1,1,0
16221,62,61,7,5,1,0,0,1
16221,100,61,7,6,1,1,0,1
16221,54,61,7,7,1,0,0,1
10087,62,61,8,5,1,0,0,1
10087,100,61,8,6,1,1,0,1
10087,54,61,8,7,1,1,0,1
10087,76,61,8,8,1,1,0,1
11506,62,61,8,5,1,0,1,1
11506,100,61,8,6,1,1,1,1
11506,54,61,8,7,1,1,1,1
11506,76,61,8,8,1,0,1,1
13111,62,61,5,5,1,0,0,0
13191,62,61,6,5,1,0,1,1
13191,100,61,6,6,0,,1,1
12839,62,61,8,5,1,0,0,0
12839,100,61,8,6,1,0,0,0
12839,54,61,8,7,1,0,0,0
12839,76,61,8,8,1,1,0,0
6359,62,61,8,5,1,0,1,0
6359,100,61,8,6,1,1,1,0
6359,54,61,8,7,1,1,1,0
6359,76,61,8,8,1,0,1,0
12402,62,61,7,5,1,0,0,0
12402,100,61,7,6,1,1,0,0
12402,54,61,7,7,1,1,0,0
17937,62,61,8,5,1,0,1,1
17937,100,61,8,6,1,0,1,1
17937,54,61,8,7,1,1,1,1
17937,76,61,8,8,1,1,1,1
15712,62,61,5,5,1,0,1,0
533,62,61,8,5,1,0,1,0
533,100,61,8,6,1,0,1,0
533,54,61,8,7,1,0,1,0
533,76,61,8,8,0,,1,0
16990,62,61,8,5,1,0,0,0
16990,100,61,8,6,1,1,0,0
16990,54,61,8,7,1,0,0,0
16990,76,61,8,8,1,0,0,0
8954,62,61,8,5,1,0,1,0
8954,100,61,8,6,1,0,1,0
8954,54,61,8,7,1,0,1,0
8954,76,61,8,8,1,0,1,0
17784,62,61,5,5,1,0,1,0
13483,62,61,5,5,1,0,0,0
13782,62,61,8,5,0,,0,0
13782,100,61,8,6,1,1,0,0
13782,54,61,8,7,1,0,0,0
13782,76,61,8,8,0,,0,0
7695,62,61,8,5,1,1,0,0
7695,100,61,8,6,1,1,0,0
7695,54,61,8,7,0,,0,0
7695,76,61,8,8,0,,0,0
4234,62,61,8,5,0,,0,0
4234,100,61,8,6,0,,0,0
4234,54,61,8,7,0,,0,0
4234,76,61,8,8,0,,0,0
2201,62,61,6,5,1,0,0,1
2201,100,61,6,6,0,,0,1
16492,100,45,7,5,1,1,0,0
16492,54,45,7,6,1,0,0,0
16492,76,45,7,7,1,0,0,0
1769,100,45,7,5,1,0,1,0
1769,54,45,7,6,1,1,1,0
1769,76,45,7,7,1,1,1,0
120,100,45,6,5,1,1,0,2
120,54,45,6,6,1,0,0,2
11113,100,45,7,5,1,1,0,0
11113,54,45,7,6,1,1,0,0
11113,76,45,7,7,1,1,0,0
4718,100,45,7,5,1,1,0,1
4718,54,45,7,6,1,1,0,1
4718,76,45,7,7,1,1,0,1
14043,100,45,7,5,1,1,1,1
14043,54,45,7,6,1,1,1,1
14043,76,45,7,7,1,1,1,1
6893,100,45,7,5,1,1,1,0
6893,54,45,7,6,1,0,1,0
6893,76,45,7,7,1,1,1,0
14184,100,45,7,5,1,1,0,0
14184,54,45,7,6,1,1,0,0
14184,76,45,7,7,1,0,0,0
6212,100,45,7,5,1,0,0,1
6212,54,45,7,6,1,1,0,1
6212,76,45,7,7,1,1,0,1
3244,100,45,7,5,1,1,0,1
3244,54,45,7,6,1,0,0,1
3244,76,45,7,7,1,1,0,1
6103,100,45,7,5,1,1,1,0
6103,54,45,7,6,1,1,1,0
6103,76,45,7,7,1,0,1,0
17723,100,45,7,5,1,1,0,1
17723,54,45,7,6,1,1,0,1
17723,76,45,7,7,1,0,0,1
14957,100,45,7,5,1,0,1,0
14957,54,45,7,6,1,1,1,0
14957,76,45,7,7,1,1,1,0
11158,100,45,7,5,1,1,0,0
11158,54,45,7,6,1,0,0,0
11158,76,45,7,7,1,1,0,0
16339,100,45,7,5,0,,1,1
16339,54,45,7,6,1,1,1,1
16339,76,45,7,7,1,1,1,1
3260,100,45,7,5,1,1,1,0
3260,54,45,7,6,1,0,1,0
3260,76,45,7,7,1,0,1,0
18054,100,45,7,5,1,1,0,1
18054,54,45,7,6,1,1,0,1
18054,76,45,7,7,1,0,0,1
8822,100,45,7,5,1,1,1,0
8822,54,45,7,6,1,1,1,0
8822,76,45,7,7,1,1,1,0
12160,100,45,7,5,1,0,0,1
12160,54,45,7,6,1,1,0,1
12160,76,45,7,7,1,1,0,1
18980,100,45,7,5,1,1,1,0
18980,54,45,7,6,1,0,1,0
18980,76,45,7,7,1,0,1,0
11219,100,45,6,5,1,0,0,0
11219,54,45,6,6,1,0,0,0
16445,100,45,7,5,1,0,1,0
16445,54,45,7,6,1,0,1,0
16445,76,45,7,7,1,1,1,0
334,100,45,7,5,1,1,1,1
334,54,45,7,6,1,0,1,1
334,76,45,7,7,1,1,1,1
19291,100,45,7,5,1,0,0,0
19291,54,45,7,6,1,1,0,0
19291,76,45,7,7,1,1,0,0
10115,62,61,8,5,1,0,1,0
10115,100,61,8,6,1,0,1,0
10115,54,61,8,7,1,1,1,0
10115,76,61,8,8,1,1,1,0
880,100,45,7,5,1,1,1,1
880,54,45,7,6,1,1,1,1
880,76,45,7,7,1,1,1,1
3521,100,45,7,5,1,1,0,0
3521,54,45,7,6,1,0,0,0
3521,76,45,7,7,1,1,0,0
16547,54,17,6,5,1,1,1,0
16547,76,17,6,6,1,0,1,0
18022,54,17,6,5,1,1,0,0
18022,76,17,6,6,1,1,0,0
14657,54,17,6,5,1,0,1,0
14657,76,17,6,6,1,1,1,0
7991,54,17,6,5,1,0,0,0
7991,76,17,6,6,1,1,0,0
15233,54,17,6,5,1,1,0,0
15233,76,17,6,6,1,0,0,0
19915,54,17,6,5,1,1,1,0
19915,76,17,6,6,1,1,1,0
7288,54,17,6,5,1,0,0,0
7288,76,17,6,6,1,0,0,0
13672,54,17,6,5,1,1,0,0
13672,76,17,6,6,1,1,0,0
6548,54,17,6,5,1,0,0,0
6548,76,17,6,6,1,1,0,0
576,54,17,6,5,1,0,1,0
576,76,17,6,6,1,0,1,0
11706,54,17,6,5,1,0,1,0
11706,76,17,6,6,1,0,1,0
1002,54,17,6,5,1,0,1,0
1002,76,17,6,6,0,,1,0
13311,54,17,6,5,1,1,1,0
13311,76,17,6,6,1,1,1,0
4236,54,17,6,5,1,1,0,0
4236,76,17,6,6,0,,0,0
10237,54,17,6,5,1,0,1,0
10237,76,17,6,6,1,1,1,0
2176,54,17,6,5,1,1,0,1
2176,76,17,6,6,1,0,0,1
10582,54,17,6,5,1,0,1,0
10582,76,17,6,6,1,1,1,0
5205,76,91,5,5,1,0,1,0
15470,76,91,5,5,1,0,0,0
19550,76,91,5,5,1,0,1,1
17225,76,91,5,5,1,1,0,0
6782,76,91,5,5,1,1,0,0
14558,76,91,5,5,1,1,0,1
14968,76,91,5,5,1,1,0,0
18962,76,91,5,5,1,1,0,0
5930,76,91,5,5,1,0,0,0
19896,76,91,5,5,1,1,0,0
3472,76,91,5,5,1,1,0,1
19097,76,91,5,5,1,1,0,1
10135,76,91,5,5,1,1,0,1
18871,76,91,5,5,0,,0,1
13746,76,91,5,5,1,1,0,1
19914,76,91,5,5,1,1,0,1
6968,76,91,5,5,0,,0,0
15997,76,91,5,5,0,,0,0
10049,76,91,5,5,1,0,1,1
3019,76,91,5,5,1,0,1,1
5298,76,91,5,5,0,,0,0
8936,76,91,5,5,1,1,0,0
6531,76,91,5,5,1,1,0,1
12511,76,91,5,5,1,1,0,1
14911,76,91,5,5,1,1,0,0
11376,100,45,7,5,1,1,0,0
11376,54,45,7,6,1,1,0,0
11376,76,45,7,7,1,1,0,0
19738,62,61,8,5,0,,0,0
19738,100,61,8,6,0,,0,0
19738,54,61,8,7,0,,0,0
19738,76,61,8,8,1,1,0,0
13346,54,17,6,5,0,,0,1
13346,76,17,6,6,1,1,0,1
