box,id,age,sex,total.act,age.death,age.group20
a1,a1.blue,1,m,959,19,2.Average
a1,a1.blue,7,m,569,19,2.Average
a1,a1.blue,14,m,986,19,2.Average
a1,a1.gold,1,m,234,25,2.Average
a1,a1.gold,7,m,655,25,2.Average
a1,a1.gold,14,m,824,25,2.Average
a1,a1.gold,21,m,878,25,2.Average
a1,a1.green,1,m,732,13,2.Average
a1,a1.green,7,m,938,13,2.Average
a1,a1.lightblue,1,m,316,25,2.Average
a1,a1.lightblue,7,m,665,25,2.Average
a1,a1.lightblue,14,m,706,25,2.Average
a1,a1.lightblue,21,m,823,25,2.Average
a1,a1.orange,1,m,437,28,2.Average
a1,a1.orange,7,m,112,28,2.Average
a1,a1.orange,14,m,221,28,2.Average
a1,a1.orange,21,m,281,28,2.Average
a1,a1.pink,1,m,134,29,2.Average
a1,a1.pink,7,m,529,29,2.Average
a1,a1.pink,14,m,567,29,2.Average
a1,a1.pink,21,m,388,29,2.Average
a1,a1.purple,1,m,301,25,2.Average
a1,a1.purple,7,m,779,25,2.Average
a1,a1.purple,14,m,702,25,2.Average
a1,a1.purple,21,m,581,25,2.Average
a1,a1.red,1,m,150,27,2.Average
a1,a1.red,7,m,476,27,2.Average
a1,a1.red,14,m,765,27,2.Average
a1,a1.red,21,m,373,27,2.Average
a1,a1.white,1,m,83,27,2.Average
a1,a1.white,7,m,260,27,2.Average
a1,a1.white,14,m,495,27,2.Average
a1,a1.white,21,m,656,27,2.Average
a1,a1.yellow,1,m,131,19,2.Average
a1,a1.yellow,7,m,230,19,2.Average
a1,a1.yellow,14,m,443,19,2.Average
a10,a10.blue,7,m,384,29,2.Average
a10,a10.blue,14,m,554,29,2.Average
a10,a10.blue,21,m,1137,29,2.Average
a10,a10.blue,28,m,0,29,2.Average
a10,a10.gold,7,m,517,34,3.Long
a10,a10.gold,14,m,553,34,3.Long
a10,a10.gold,21,m,705,34,3.Long
a10,a10.gold,28,m,288,34,3.Long
a10,a10.green,1,m,260,29,2.Average
a10,a10.green,7,m,419,29,2.Average
a10,a10.green,14,m,442,29,2.Average
a10,a10.green,21,m,876,29,2.Average
a10,a10.lightblue,1,m,535,29,2.Average
a10,a10.lightblue,7,m,717,29,2.Average
a10,a10.lightblue,14,m,783,29,2.Average
a10,a10.lightblue,21,m,924,29,2.Average
a10,a10.lightblue,28,m,0,29,2.Average
a10,a10.orange,1,m,470,29,2.Average
a10,a10.orange,7,m,866,29,2.Average
a10,a10.orange,14,m,545,29,2.Average
a10,a10.orange,21,m,757,29,2.Average
a10,a10.orange,28,m,0,29,2.Average
a10,a10.pink,1,m,326,29,2.Average
a10,a10.pink,7,m,325,29,2.Average
a10,a10.pink,14,m,466,29,2.Average
a10,a10.pink,21,m,276,29,2.Average
a10,a10.purple,1,m,509,29,2.Average
a10,a10.purple,7,m,409,29,2.Average
a10,a10.purple,14,m,439,29,2.Average
a10,a10.purple,21,m,749,29,2.Average
a10,a10.purple,28,m,75,29,2.Average
a10,a10.red,1,m,225,27,2.Average
a10,a10.red,7,m,531,27,2.Average
a10,a10.red,14,m,462,27,2.Average
a10,a10.red,21,m,583,27,2.Average
a10,a10.white,7,m,1326,29,2.Average
a10,a10.white,14,m,824,29,2.Average
a10,a10.white,21,m,991,29,2.Average
a10,a10.white,28,m,0,29,2.Average
a10,a10.yellow,7,m,188,22,2.Average
a10,a10.yellow,14,m,798,22,2.Average
a11,a11.blue,1,m,6,7,1.Short
a11,a11.gold,1,f,619,42,2.Average
a11,a11.gold,14,f,1204,42,2.Average
a11,a11.gold,21,f,1902,42,2.Average
a11,a11.gold,28,f,1099,42,2.Average
a11,a11.gold,35,f,968,42,2.Average
a11,a11.green,1,f,304,44,2.Average
a11,a11.green,14,f,1493,44,2.Average
a11,a11.green,21,f,1518,44,2.Average
a11,a11.green,28,f,883,44,2.Average
a11,a11.green,35,f,1603,44,2.Average
a11,a11.green,42,f,502,44,2.Average
a11,a11.lightblue,1,f,480,43,2.Average
a11,a11.lightblue,14,f,1164,43,2.Average
a11,a11.lightblue,21,f,928,43,2.Average
a11,a11.lightblue,28,f,743,43,2.Average
a11,a11.lightblue,35,f,1184,43,2.Average
a11,a11.pink,1,f,109,24,1.Short
a11,a11.pink,14,f,1725,24,1.Short
a11,a11.pink,21,f,1669,24,1.Short
a11,a11.purple,1,f,542,32,2.Average
a11,a11.purple,14,f,1091,32,2.Average
a11,a11.purple,21,f,642,32,2.Average
a11,a11.purple,28,f,1098,32,2.Average
a11,a11.red,1,m,242,28,2.Average
a11,a11.red,14,m,207,28,2.Average
a11,a11.red,21,m,91,28,2.Average
a11,a11.white,1,f,644,49,3.Long
a11,a11.white,14,f,880,49,3.Long
a11,a11.white,21,f,1229,49,3.Long
a11,a11.white,28,f,1680,49,3.Long
a11,a11.white,35,f,2432,49,3.Long
a11,a11.white,42,f,2014,49,3.Long
a11,a11.yellow,1,f,803,32,2.Average
a11,a11.yellow,14,f,1125,32,2.Average
a11,a11.yellow,21,f,2198,32,2.Average
a11,a11.yellow,28,f,1713,32,2.Average
a12,a12.blue,1,m,284,7,1.Short
a12,a12.gold,1,f,498,21,1.Short
a12,a12.gold,7,f,1015,21,1.Short
a12,a12.gold,14,f,1340,21,1.Short
a12,a12.lightblue,1,f,705,35,2.Average
a12,a12.lightblue,7,f,1312,35,2.Average
a12,a12.lightblue,14,f,1521,35,2.Average
a12,a12.lightblue,21,f,2319,35,2.Average
a12,a12.lightblue,28,f,1901,35,2.Average
a12,a12.orange,1,f,427,46,3.Long
a12,a12.orange,7,f,583,46,3.Long
a12,a12.orange,14,f,760,46,3.Long
a12,a12.orange,21,f,2216,46,3.Long
a12,a12.orange,28,f,612,46,3.Long
a12,a12.orange,35,f,1784,46,3.Long
a12,a12.orange,42,f,803,46,3.Long
a12,a12.pink,1,f,787,24,1.Short
a12,a12.pink,7,f,1409,24,1.Short
a12,a12.pink,14,f,2144,24,1.Short
a12,a12.pink,21,f,802,24,1.Short
a12,a12.purple,1,f,427,35,2.Average
a12,a12.purple,7,f,441,35,2.Average
a12,a12.purple,14,f,533,35,2.Average
a12,a12.purple,21,f,2468,35,2.Average
a12,a12.purple,28,f,163,35,2.Average
a12,a12.white,1,m,260,3,1.Short
a12,a12.yellow,1,f,401,53,3.Long
a12,a12.yellow,7,f,1074,53,3.Long
a12,a12.yellow,14,f,1187,53,3.Long
a12,a12.yellow,21,f,1730,53,3.Long
a12,a12.yellow,28,f,930,53,3.Long
a12,a12.yellow,35,f,2088,53,3.Long
a12,a12.yellow,42,f,2439,53,3.Long
a12,a12.yellow,49,f,117,53,3.Long
a13,a13.gold,1,f,41,44,2.Average
a13,a13.gold,7,f,693,44,2.Average
a13,a13.gold,14,f,1586,44,2.Average
a13,a13.gold,21,f,2642,44,2.Average
a13,a13.gold,28,f,1373,44,2.Average
a13,a13.gold,35,f,2131,44,2.Average
a13,a13.gold,42,f,2,44,2.Average
a13,a13.green,7,f,576,60,3.Long
a13,a13.green,14,f,1083,60,3.Long
a13,a13.green,21,f,119,60,3.Long
a13,a13.green,28,f,280,60,3.Long
a13,a13.green,35,f,905,60,3.Long
a13,a13.green,42,f,511,60,3.Long
a13,a13.green,49,f,207,60,3.Long
a13,a13.green,56,f,317,60,3.Long
a13,a13.lightblue,7,f,524,44,2.Average
a13,a13.lightblue,14,f,1200,44,2.Average
a13,a13.lightblue,21,f,2346,44,2.Average
a13,a13.lightblue,28,f,1121,44,2.Average
a13,a13.lightblue,35,f,2105,44,2.Average
a13,a13.lightblue,42,f,266,44,2.Average
a13,a13.orange,7,f,2356,32,2.Average
a13,a13.orange,14,f,2518,32,2.Average
a13,a13.orange,21,f,3374,32,2.Average
a13,a13.orange,28,f,278,32,2.Average
a13,a13.purple,1,m,1121,30,2.Average
a13,a13.purple,7,m,927,30,2.Average
a13,a13.purple,14,m,724,30,2.Average
a13,a13.purple,21,m,607,30,2.Average
a13,a13.purple,28,m,260,30,2.Average
a13,a13.red,7,f,574,57,3.Long
a13,a13.red,14,f,914,57,3.Long
a13,a13.red,21,f,1409,57,3.Long
a13,a13.red,28,f,990,57,3.Long
a13,a13.red,35,f,2050,57,3.Long
a13,a13.red,42,f,1797,57,3.Long
a13,a13.red,49,f,1731,57,3.Long
a13,a13.white,7,f,1244,49,3.Long
a13,a13.white,14,f,2003,49,3.Long
a13,a13.white,21,f,2822,49,3.Long
a13,a13.white,28,f,1416,49,3.Long
a13,a13.white,35,f,1805,49,3.Long
a13,a13.white,42,f,1078,49,3.Long
a13,a13.yellow,7,f,948,28,2.Average
a13,a13.yellow,14,f,681,28,2.Average
a13,a13.yellow,21,f,2046,28,2.Average
a14,a14.blue,1,f,616,4,1.Short
a14,a14.gold,1,f,355,32,2.Average
a14,a14.gold,7,f,888,32,2.Average
a14,a14.gold,14,f,833,32,2.Average
a14,a14.gold,21,f,767,32,2.Average
a14,a14.gold,28,f,1728,32,2.Average
a14,a14.green,1,m,196,29,2.Average
a14,a14.green,7,m,312,29,2.Average
a14,a14.green,14,m,729,29,2.Average
a14,a14.green,21,m,472,29,2.Average
a14,a14.green,28,m,0,29,2.Average
a14,a14.lightblue,1,f,477,30,2.Average
a14,a14.lightblue,7,f,256,30,2.Average
a14,a14.lightblue,14,f,478,30,2.Average
a14,a14.lightblue,21,f,1350,30,2.Average
a14,a14.lightblue,28,f,1452,30,2.Average
a14,a14.orange,1,f,258,39,2.Average
a14,a14.orange,7,f,708,39,2.Average
a14,a14.orange,14,f,1088,39,2.Average
a14,a14.orange,21,f,1351,39,2.Average
a14,a14.orange,28,f,1069,39,2.Average
a14,a14.orange,35,f,805,39,2.Average
a14,a14.pink,1,f,255,49,3.Long
a14,a14.pink,7,f,302,49,3.Long
a14,a14.pink,14,f,595,49,3.Long
a14,a14.pink,21,f,708,49,3.Long
a14,a14.pink,28,f,662,49,3.Long
a14,a14.pink,35,f,1718,49,3.Long
a14,a14.pink,42,f,203,49,3.Long
a14,a14.purple,1,f,647,49,3.Long
a14,a14.purple,7,f,1100,49,3.Long
a14,a14.purple,14,f,1768,49,3.Long
a14,a14.purple,21,f,2345,49,3.Long
a14,a14.purple,28,f,1982,49,3.Long
a14,a14.purple,35,f,3633,49,3.Long
a14,a14.purple,42,f,2424,49,3.Long
a14,a14.white,1,f,343,4,1.Short
a14,a14.yellow,1,f,794,39,2.Average
a14,a14.yellow,7,f,784,39,2.Average
a14,a14.yellow,14,f,842,39,2.Average
a14,a14.yellow,21,f,1258,39,2.Average
a14,a14.yellow,28,f,699,39,2.Average
a14,a14.yellow,35,f,1546,39,2.Average
a15,a15.blue,1,f,273,44,2.Average
a15,a15.blue,7,f,1534,44,2.Average
a15,a15.blue,14,f,1719,44,2.Average
a15,a15.blue,21,f,2047,44,2.Average
a15,a15.blue,28,f,1254,44,2.Average
a15,a15.blue,35,f,1737,44,2.Average
a15,a15.blue,42,f,1744,44,2.Average
a15,a15.gold,1,f,393,42,2.Average
a15,a15.gold,7,f,53,42,2.Average
a15,a15.gold,14,f,2135,42,2.Average
a15,a15.gold,21,f,1932,42,2.Average
a15,a15.gold,28,f,1138,42,2.Average
a15,a15.gold,35,f,1988,42,2.Average
a15,a15.green,1,f,384,56,3.Long
a15,a15.green,7,f,1904,56,3.Long
a15,a15.green,14,f,1698,56,3.Long
a15,a15.green,21,f,1400,56,3.Long
a15,a15.green,28,f,1403,56,3.Long
a15,a15.green,35,f,1389,56,3.Long
a15,a15.green,42,f,737,56,3.Long
a15,a15.green,49,f,569,56,3.Long
a15,a15.lightblue,1,f,495,53,3.Long
a15,a15.lightblue,7,f,520,53,3.Long
a15,a15.lightblue,14,f,492,53,3.Long
a15,a15.lightblue,21,f,1130,53,3.Long
a15,a15.lightblue,28,f,796,53,3.Long
a15,a15.lightblue,35,f,1704,53,3.Long
a15,a15.lightblue,42,f,1272,53,3.Long
a15,a15.lightblue,49,f,410,53,3.Long
a15,a15.orange,1,m,560,3,1.Short
a15,a15.pink,1,f,517,56,3.Long
a15,a15.pink,7,f,847,56,3.Long
a15,a15.pink,14,f,1062,56,3.Long
a15,a15.pink,21,f,1091,56,3.Long
a15,a15.pink,28,f,886,56,3.Long
a15,a15.pink,35,f,1607,56,3.Long
a15,a15.pink,42,f,373,56,3.Long
a15,a15.pink,49,f,396,56,3.Long
a15,a15.purple,1,m,441,42,3.Long
a15,a15.purple,7,m,148,42,3.Long
a15,a15.purple,14,m,1061,42,3.Long
a15,a15.purple,21,m,1156,42,3.Long
a15,a15.purple,28,m,813,42,3.Long
a15,a15.purple,35,m,973,42,3.Long
a15,a15.red,1,f,234,53,3.Long
a15,a15.red,7,f,480,53,3.Long
a15,a15.red,14,f,845,53,3.Long
a15,a15.red,21,f,1207,53,3.Long
a15,a15.red,28,f,999,53,3.Long
a15,a15.red,35,f,1030,53,3.Long
a15,a15.red,42,f,570,53,3.Long
a15,a15.red,49,f,174,53,3.Long
a15,a15.yellow,1,f,788,53,3.Long
a15,a15.yellow,7,f,610,53,3.Long
a15,a15.yellow,14,f,1041,53,3.Long
a15,a15.yellow,21,f,2028,53,3.Long
a15,a15.yellow,28,f,1843,53,3.Long
a15,a15.yellow,35,f,3316,53,3.Long
a15,a15.yellow,42,f,4240,53,3.Long
a15,a15.yellow,49,f,354,53,3.Long
a16,a16.blue,1,f,890,35,2.Average
a16,a16.blue,7,f,2016,35,2.Average
a16,a16.blue,14,f,1892,35,2.Average
a16,a16.blue,21,f,2121,35,2.Average
a16,a16.blue,28,f,1552,35,2.Average
a16,a16.gold,1,f,873,39,2.Average
a16,a16.gold,7,f,492,39,2.Average
a16,a16.gold,14,f,1137,39,2.Average
a16,a16.gold,21,f,1417,39,2.Average
a16,a16.gold,28,f,32,39,2.Average
a16,a16.gold,35,f,207,39,2.Average
a16,a16.green,1,m,734,32,2.Average
a16,a16.green,7,m,796,32,2.Average
a16,a16.green,14,m,826,32,2.Average
a16,a16.green,21,m,1379,32,2.Average
a16,a16.green,28,m,378,32,2.Average
a16,a16.lightblue,1,f,945,42,2.Average
a16,a16.lightblue,7,f,1206,42,2.Average
a16,a16.lightblue,14,f,1825,42,2.Average
a16,a16.lightblue,21,f,2491,42,2.Average
a16,a16.lightblue,28,f,1022,42,2.Average
a16,a16.lightblue,35,f,1471,42,2.Average
a16,a16.orange,1,f,269,7,1.Short
a16,a16.pink,1,f,275,44,2.Average
a16,a16.pink,7,f,270,44,2.Average
a16,a16.pink,14,f,726,44,2.Average
a16,a16.pink,21,f,1035,44,2.Average
a16,a16.pink,28,f,1135,44,2.Average
a16,a16.pink,35,f,2108,44,2.Average
a16,a16.pink,42,f,1233,44,2.Average
a16,a16.red,1,f,1243,39,2.Average
a16,a16.red,7,f,842,39,2.Average
a16,a16.red,14,f,2993,39,2.Average
a16,a16.red,21,f,2459,39,2.Average
a16,a16.red,28,f,2621,39,2.Average
a16,a16.red,35,f,4250,39,2.Average
a16,a16.white,1,f,413,44,2.Average
a16,a16.white,7,f,376,44,2.Average
a16,a16.white,14,f,816,44,2.Average
a16,a16.white,21,f,1712,44,2.Average
a16,a16.white,28,f,852,44,2.Average
a16,a16.white,35,f,1308,44,2.Average
a16,a16.white,42,f,869,44,2.Average
a17,a17.blue,1,f,540,28,2.Average
a17,a17.blue,7,f,295,28,2.Average
a17,a17.blue,14,f,571,28,2.Average
a17,a17.blue,21,f,1411,28,2.Average
a17,a17.green,1,f,177,39,2.Average
a17,a17.green,7,f,637,39,2.Average
a17,a17.green,14,f,230,39,2.Average
a17,a17.green,21,f,706,39,2.Average
a17,a17.green,28,f,421,39,2.Average
a17,a17.green,35,f,601,39,2.Average
a17,a17.lightblue,1,f,306,24,1.Short
a17,a17.lightblue,7,f,470,24,1.Short
a17,a17.lightblue,14,f,429,24,1.Short
a17,a17.lightblue,21,f,453,24,1.Short
a17,a17.orange,1,m,156,24,2.Average
a17,a17.orange,7,m,120,24,2.Average
a17,a17.orange,14,m,167,24,2.Average
a17,a17.orange,21,m,446,24,2.Average
a17,a17.pink,1,f,714,37,2.Average
a17,a17.pink,7,f,1325,37,2.Average
a17,a17.pink,14,f,1897,37,2.Average
a17,a17.pink,21,f,2575,37,2.Average
a17,a17.pink,28,f,1022,37,2.Average
a17,a17.pink,35,f,445,37,2.Average
a17,a17.purple,1,f,803,25,1.Short
a17,a17.purple,7,f,1569,25,1.Short
a17,a17.purple,14,f,1047,25,1.Short
a17,a17.purple,21,f,452,25,1.Short
a17,a17.red,1,f,681,24,1.Short
a17,a17.red,7,f,305,24,1.Short
a17,a17.red,14,f,417,24,1.Short
a17,a17.red,21,f,668,24,1.Short
a17,a17.white,1,f,313,37,2.Average
a17,a17.white,7,f,1667,37,2.Average
a17,a17.white,14,f,2224,37,2.Average
a17,a17.white,21,f,2111,37,2.Average
a17,a17.white,28,f,935,37,2.Average
a17,a17.white,35,f,1143,37,2.Average
a17,a17.yellow,1,f,691,37,2.Average
a17,a17.yellow,7,f,1159,37,2.Average
a17,a17.yellow,14,f,1120,37,2.Average
a17,a17.yellow,21,f,2467,37,2.Average
a17,a17.yellow,28,f,1371,37,2.Average
a17,a17.yellow,35,f,0,37,2.Average
a18,a18.blue,1,f,888,23,1.Short
a18,a18.blue,7,f,1520,23,1.Short
a18,a18.blue,14,f,946,23,1.Short
a18,a18.blue,21,f,2020,23,1.Short
a18,a18.gold,1,f,1418,15,1.Short
a18,a18.gold,7,f,1942,15,1.Short
a18,a18.green,1,f,1242,23,1.Short
a18,a18.green,7,f,3754,23,1.Short
a18,a18.green,14,f,3185,23,1.Short
a18,a18.green,21,f,5126,23,1.Short
a18,a18.lightblue,1,f,417,36,2.Average
a18,a18.lightblue,7,f,705,36,2.Average
a18,a18.lightblue,14,f,1339,36,2.Average
a18,a18.lightblue,21,f,1925,36,2.Average
a18,a18.lightblue,28,f,1371,36,2.Average
a18,a18.orange,1,f,300,37,2.Average
a18,a18.orange,7,f,776,37,2.Average
a18,a18.orange,14,f,762,37,2.Average
a18,a18.orange,21,f,945,37,2.Average
a18,a18.orange,28,f,969,37,2.Average
a18,a18.orange,35,f,1405,37,2.Average
a18,a18.pink,1,m,269,16,2.Average
a18,a18.pink,7,m,337,16,2.Average
a18,a18.pink,14,m,1992,16,2.Average
a18,a18.purple,1,f,647,28,2.Average
a18,a18.purple,7,f,441,28,2.Average
a18,a18.purple,14,f,289,28,2.Average
a18,a18.purple,21,f,1253,28,2.Average
a18,a18.red,1,m,354,15,2.Average
a18,a18.red,7,m,338,15,2.Average
a18,a18.white,1,f,1239,24,1.Short
a18,a18.white,7,f,1529,24,1.Short
a18,a18.white,14,f,1503,24,1.Short
a18,a18.white,21,f,2817,24,1.Short
a18,a18.yellow,1,f,630,23,1.Short
a18,a18.yellow,7,f,1199,23,1.Short
a18,a18.yellow,14,f,1038,23,1.Short
a18,a18.yellow,21,f,2302,23,1.Short
a19,a19.blue,1,f,951,39,2.Average
a19,a19.blue,7,f,701,39,2.Average
a19,a19.blue,14,f,693,39,2.Average
a19,a19.blue,21,f,2059,39,2.Average
a19,a19.blue,28,f,1182,39,2.Average
a19,a19.blue,35,f,1697,39,2.Average
a19,a19.gold,1,f,523,42,2.Average
a19,a19.gold,7,f,1271,42,2.Average
a19,a19.gold,14,f,1086,42,2.Average
a19,a19.gold,21,f,2120,42,2.Average
a19,a19.gold,28,f,1264,42,2.Average
a19,a19.gold,35,f,2592,42,2.Average
a19,a19.green,1,f,265,42,2.Average
a19,a19.green,7,f,1542,42,2.Average
a19,a19.green,14,f,1342,42,2.Average
a19,a19.green,21,f,1598,42,2.Average
a19,a19.green,28,f,1198,42,2.Average
a19,a19.green,35,f,2378,42,2.Average
a19,a19.lightblue,1,f,949,15,1.Short
a19,a19.lightblue,7,f,2133,15,1.Short
a19,a19.orange,1,m,101,39,3.Long
a19,a19.orange,7,m,584,39,3.Long
a19,a19.orange,14,m,109,39,3.Long
a19,a19.orange,21,m,52,39,3.Long
a19,a19.orange,28,m,18,39,3.Long
a19,a19.orange,35,m,100,39,3.Long
a19,a19.pink,1,f,683,28,2.Average
a19,a19.pink,7,f,891,28,2.Average
a19,a19.pink,14,f,855,28,2.Average
a19,a19.pink,21,f,355,28,2.Average
a19,a19.purple,1,f,680,36,2.Average
a19,a19.purple,7,f,1091,36,2.Average
a19,a19.purple,14,f,366,36,2.Average
a19,a19.purple,21,f,739,36,2.Average
a19,a19.purple,28,f,189,36,2.Average
a19,a19.red,1,f,472,44,2.Average
a19,a19.red,7,f,1197,44,2.Average
a19,a19.red,14,f,833,44,2.Average
a19,a19.red,21,f,860,44,2.Average
a19,a19.red,28,f,465,44,2.Average
a19,a19.red,35,f,785,44,2.Average
a19,a19.red,42,f,145,44,2.Average
a19,a19.white,1,f,611,50,3.Long
a19,a19.white,7,f,2687,50,3.Long
a19,a19.white,14,f,3042,50,3.Long
a19,a19.white,21,f,3031,50,3.Long
a19,a19.white,28,f,1790,50,3.Long
a19,a19.white,35,f,3281,50,3.Long
a19,a19.white,42,f,2294,50,3.Long
a19,a19.yellow,1,f,156,46,3.Long
a19,a19.yellow,7,f,718,46,3.Long
a19,a19.yellow,14,f,645,46,3.Long
a19,a19.yellow,21,f,1728,46,3.Long
a19,a19.yellow,28,f,760,46,3.Long
a19,a19.yellow,35,f,2392,46,3.Long
a19,a19.yellow,42,f,498,46,3.Long
a2,a2.blue,1,m,344,7,1.Short
a2,a2.gold,1,m,770,22,2.Average
a2,a2.gold,7,m,1369,22,2.Average
a2,a2.gold,14,m,1031,22,2.Average
a2,a2.gold,21,m,982,22,2.Average
a2,a2.green,1,m,216,4,1.Short
a2,a2.lightblue,1,m,133,32,2.Average
a2,a2.lightblue,7,m,268,32,2.Average
a2,a2.lightblue,14,m,534,32,2.Average
a2,a2.lightblue,21,m,637,32,2.Average
a2,a2.lightblue,28,m,444,32,2.Average
a2,a2.orange,1,m,516,8,1.Short
a2,a2.pink,1,m,249,4,1.Short
a2,a2.red,1,m,546,25,2.Average
a2,a2.white,1,m,383,4,1.Short
a2,a2.yellow,1,m,445,25,2.Average
a2,a2.yellow,7,m,295,25,2.Average
a2,a2.yellow,14,m,302,25,2.Average
a2,a2.yellow,21,m,987,25,2.Average
a20,a20.blue,1,f,467,37,2.Average
a20,a20.blue,7,f,796,37,2.Average
a20,a20.blue,14,f,532,37,2.Average
a20,a20.blue,21,f,785,37,2.Average
a20,a20.blue,28,f,588,37,2.Average
a20,a20.blue,35,f,70,37,2.Average
a20,a20.gold,1,m,139,37,3.Long
a20,a20.gold,7,m,433,37,3.Long
a20,a20.gold,14,m,460,37,3.Long
a20,a20.gold,21,m,1106,37,3.Long
a20,a20.gold,28,m,220,37,3.Long
a20,a20.gold,35,m,0,37,3.Long
a20,a20.green,1,f,429,39,2.Average
a20,a20.green,7,f,1297,39,2.Average
a20,a20.green,14,f,951,39,2.Average
a20,a20.green,21,f,1603,39,2.Average
a20,a20.green,28,f,1101,39,2.Average
a20,a20.green,35,f,344,39,2.Average
a20,a20.lightblue,1,f,1341,37,2.Average
a20,a20.lightblue,7,f,2934,37,2.Average
a20,a20.lightblue,14,f,2603,37,2.Average
a20,a20.lightblue,21,f,4090,37,2.Average
a20,a20.lightblue,28,f,1402,37,2.Average
a20,a20.lightblue,35,f,41,37,2.Average
a20,a20.orange,7,f,1071,49,3.Long
a20,a20.orange,14,f,1673,49,3.Long
a20,a20.orange,21,f,1945,49,3.Long
a20,a20.orange,28,f,1445,49,3.Long
a20,a20.orange,35,f,2124,49,3.Long
a20,a20.orange,42,f,1131,49,3.Long
a20,a20.pink,1,f,716,35,2.Average
a20,a20.pink,7,f,1724,35,2.Average
a20,a20.pink,14,f,853,35,2.Average
a20,a20.pink,21,f,1111,35,2.Average
a20,a20.pink,28,f,955,35,2.Average
a20,a20.red,1,f,800,36,2.Average
a20,a20.red,7,f,296,36,2.Average
a20,a20.red,14,f,1340,36,2.Average
a20,a20.red,21,f,1720,36,2.Average
a20,a20.red,28,f,1025,36,2.Average
a20,a20.red,35,f,0,36,2.Average
a20,a20.white,1,f,328,24,1.Short
a20,a20.white,7,f,977,24,1.Short
a20,a20.white,14,f,872,24,1.Short
a20,a20.white,21,f,1648,24,1.Short
a20,a20.yellow,1,f,1154,37,2.Average
a20,a20.yellow,7,f,1074,37,2.Average
a20,a20.yellow,14,f,1027,37,2.Average
a20,a20.yellow,21,f,2437,37,2.Average
a20,a20.yellow,28,f,1798,37,2.Average
a20,a20.yellow,35,f,2365,37,2.Average
a3,a3.blue,1,m,124,36,3.Long
a3,a3.blue,7,m,204,36,3.Long
a3,a3.blue,14,m,193,36,3.Long
a3,a3.blue,21,m,404,36,3.Long
a3,a3.blue,28,m,257,36,3.Long
a3,a3.gold,1,m,232,46,3.Long
a3,a3.gold,7,m,502,46,3.Long
a3,a3.gold,14,m,866,46,3.Long
a3,a3.gold,21,m,985,46,3.Long
a3,a3.gold,28,m,603,46,3.Long
a3,a3.gold,35,m,308,46,3.Long
a3,a3.gold,42,m,29,46,3.Long
a3,a3.green,1,m,338,39,3.Long
a3,a3.green,7,m,190,39,3.Long
a3,a3.green,14,m,441,39,3.Long
a3,a3.green,21,m,695,39,3.Long
a3,a3.green,28,m,892,39,3.Long
a3,a3.green,35,m,821,39,3.Long
a3,a3.lightblue,1,m,256,32,2.Average
a3,a3.lightblue,7,m,703,32,2.Average
a3,a3.lightblue,14,m,339,32,2.Average
a3,a3.lightblue,21,m,246,32,2.Average
a3,a3.lightblue,28,m,378,32,2.Average
a3,a3.orange,1,m,456,39,3.Long
a3,a3.orange,7,m,595,39,3.Long
a3,a3.orange,14,m,867,39,3.Long
a3,a3.orange,21,m,846,39,3.Long
a3,a3.orange,28,m,812,39,3.Long
a3,a3.orange,35,m,105,39,3.Long
a3,a3.pink,1,m,373,25,2.Average
a3,a3.pink,7,m,494,25,2.Average
a3,a3.pink,14,m,824,25,2.Average
a3,a3.pink,21,m,943,25,2.Average
a3,a3.purple,1,m,56,29,2.Average
a3,a3.purple,7,m,40,29,2.Average
a3,a3.purple,14,m,501,29,2.Average
a3,a3.purple,21,m,232,29,2.Average
a3,a3.red,1,m,114,43,3.Long
a3,a3.red,7,m,454,43,3.Long
a3,a3.red,14,m,485,43,3.Long
a3,a3.red,21,m,495,43,3.Long
a3,a3.red,28,m,498,43,3.Long
a3,a3.red,35,m,427,43,3.Long
a3,a3.red,42,m,229,43,3.Long
a3,a3.white,1,m,618,36,3.Long
a3,a3.white,7,m,1066,36,3.Long
a3,a3.white,14,m,1547,36,3.Long
a3,a3.white,21,m,1308,36,3.Long
a3,a3.white,28,m,1132,36,3.Long
a3,a3.yellow,1,m,210,39,3.Long
a3,a3.yellow,7,m,145,39,3.Long
a3,a3.yellow,14,m,583,39,3.Long
a3,a3.yellow,21,m,779,39,3.Long
a3,a3.yellow,28,m,1028,39,3.Long
a3,a3.yellow,35,m,470,39,3.Long
a4,a4.blue,1,m,239,4,1.Short
a4,a4.gold,1,m,276,25,2.Average
a4,a4.gold,7,m,7,25,2.Average
a4,a4.gold,14,m,645,25,2.Average
a4,a4.gold,21,m,468,25,2.Average
a4,a4.green,1,m,192,36,3.Long
a4,a4.green,7,m,780,36,3.Long
a4,a4.green,14,m,775,36,3.Long
a4,a4.green,21,m,712,36,3.Long
a4,a4.green,28,m,1154,36,3.Long
a4,a4.green,35,m,199,36,3.Long
a4,a4.lightblue,1,m,601,39,3.Long
a4,a4.lightblue,7,m,776,39,3.Long
a4,a4.lightblue,14,m,804,39,3.Long
a4,a4.lightblue,21,m,1171,39,3.Long
a4,a4.lightblue,28,m,1014,39,3.Long
a4,a4.lightblue,35,m,86,39,3.Long
a4,a4.orange,1,m,201,8,1.Short
a4,a4.pink,1,m,426,36,3.Long
a4,a4.pink,7,m,593,36,3.Long
a4,a4.pink,14,m,1139,36,3.Long
a4,a4.pink,21,m,1235,36,3.Long
a4,a4.pink,28,m,288,36,3.Long
a4,a4.purple,1,m,117,4,1.Short
a4,a4.red,1,m,308,4,1.Short
a4,a4.white,1,m,673,29,2.Average
a4,a4.white,7,m,489,29,2.Average
a4,a4.white,14,m,1164,29,2.Average
a4,a4.white,21,m,555,29,2.Average
a4,a4.yellow,1,m,255,4,1.Short
a5,a5.blue,1,m,274,19,2.Average
a5,a5.blue,7,m,858,19,2.Average
a5,a5.blue,14,m,770,19,2.Average
a5,a5.gold,1,m,152,41,3.Long
a5,a5.gold,7,m,1333,41,3.Long
a5,a5.gold,14,m,625,41,3.Long
a5,a5.gold,21,m,0,41,3.Long
a5,a5.gold,28,m,569,41,3.Long
a5,a5.gold,35,m,570,41,3.Long
a5,a5.green,1,m,65,27,2.Average
a5,a5.green,7,m,1146,27,2.Average
a5,a5.green,14,m,434,27,2.Average
a5,a5.green,21,m,260,27,2.Average
a5,a5.lightblue,1,m,393,34,3.Long
a5,a5.lightblue,7,m,661,34,3.Long
a5,a5.lightblue,14,m,384,34,3.Long
a5,a5.lightblue,21,m,167,34,3.Long
a5,a5.lightblue,28,m,178,34,3.Long
a5,a5.orange,1,m,275,27,2.Average
a5,a5.orange,7,m,694,27,2.Average
a5,a5.orange,14,m,867,27,2.Average
a5,a5.orange,21,m,654,27,2.Average
a5,a5.pink,1,m,265,27,2.Average
a5,a5.pink,7,m,951,27,2.Average
a5,a5.pink,14,m,449,27,2.Average
a5,a5.pink,21,m,365,27,2.Average
a5,a5.purple,1,m,64,25,2.Average
a5,a5.purple,7,m,336,25,2.Average
a5,a5.purple,14,m,327,25,2.Average
a5,a5.purple,21,m,170,25,2.Average
a5,a5.red,1,m,332,8,1.Short
a5,a5.red,7,m,262,8,1.Short
a5,a5.white,1,m,89,27,2.Average
a5,a5.white,7,m,254,27,2.Average
a5,a5.white,14,m,201,27,2.Average
a5,a5.white,21,m,162,27,2.Average
a5,a5.yellow,1,m,108,22,2.Average
a5,a5.yellow,7,m,881,22,2.Average
a5,a5.yellow,14,m,729,22,2.Average
a6,a6.blue,1,f,284,34,2.Average
a6,a6.blue,7,f,124,34,2.Average
a6,a6.blue,14,f,257,34,2.Average
a6,a6.blue,21,f,924,34,2.Average
a6,a6.blue,28,f,660,34,2.Average
a6,a6.gold,1,m,155,29,2.Average
a6,a6.gold,7,m,309,29,2.Average
a6,a6.gold,14,m,451,29,2.Average
a6,a6.gold,21,m,383,29,2.Average
a6,a6.gold,28,m,326,29,2.Average
a6,a6.green,1,m,139,8,1.Short
a6,a6.green,7,m,178,8,1.Short
a6,a6.lightblue,1,f,245,39,2.Average
a6,a6.lightblue,7,f,566,39,2.Average
a6,a6.lightblue,14,f,1234,39,2.Average
a6,a6.lightblue,21,f,1491,39,2.Average
a6,a6.lightblue,28,f,133,39,2.Average
a6,a6.lightblue,35,f,133,39,2.Average
a6,a6.orange,1,m,525,25,2.Average
a6,a6.orange,7,m,523,25,2.Average
a6,a6.orange,14,m,652,25,2.Average
a6,a6.orange,21,m,309,25,2.Average
a6,a6.pink,1,m,446,25,2.Average
a6,a6.pink,7,m,956,25,2.Average
a6,a6.pink,14,m,1296,25,2.Average
a6,a6.pink,21,m,327,25,2.Average
a6,a6.purple,1,m,78,25,2.Average
a6,a6.purple,7,m,266,25,2.Average
a6,a6.purple,14,m,448,25,2.Average
a6,a6.purple,21,m,1050,25,2.Average
a6,a6.red,1,m,105,29,2.Average
a6,a6.red,7,m,495,29,2.Average
a6,a6.red,14,m,236,29,2.Average
a6,a6.red,21,m,376,29,2.Average
a6,a6.white,1,m,80,25,2.Average
a6,a6.white,7,m,883,25,2.Average
a6,a6.white,14,m,731,25,2.Average
a6,a6.white,21,m,607,25,2.Average
a6,a6.yellow,1,m,510,32,2.Average
a6,a6.yellow,7,m,394,32,2.Average
a6,a6.yellow,14,m,523,32,2.Average
a6,a6.yellow,21,m,869,32,2.Average
a6,a6.yellow,28,m,433,32,2.Average
a7,a7.blue,1,m,356,22,2.Average
a7,a7.blue,7,m,339,22,2.Average
a7,a7.blue,14,m,590,22,2.Average
a7,a7.gold,1,m,434,7,1.Short
a7,a7.pink,1,m,358,27,2.Average
a7,a7.pink,7,m,542,27,2.Average
a7,a7.pink,14,m,648,27,2.Average
a7,a7.pink,21,m,540,27,2.Average
a7,a7.purple,1,m,100,19,2.Average
a7,a7.purple,7,m,44,19,2.Average
a7,a7.purple,14,m,1389,19,2.Average
a7,a7.red,1,m,268,29,2.Average
a7,a7.red,7,m,609,29,2.Average
a7,a7.red,14,m,1366,29,2.Average
a7,a7.red,21,m,1878,29,2.Average
a7,a7.white,1,m,83,8,1.Short
a7,a7.yellow,1,m,388,13,2.Average
a7,a7.yellow,7,m,728,13,2.Average
a8,a8.blue,1,m,115,28,2.Average
a8,a8.blue,7,m,509,28,2.Average
a8,a8.blue,14,m,362,28,2.Average
a8,a8.blue,21,m,186,28,2.Average
a8,a8.gold,1,m,497,43,3.Long
a8,a8.gold,7,m,58,43,3.Long
a8,a8.gold,14,m,334,43,3.Long
a8,a8.gold,21,m,648,43,3.Long
a8,a8.gold,28,m,528,43,3.Long
a8,a8.gold,35,m,638,43,3.Long
a8,a8.green,1,m,266,41,3.Long
a8,a8.green,7,m,507,41,3.Long
a8,a8.green,14,m,366,41,3.Long
a8,a8.green,21,m,775,41,3.Long
a8,a8.green,28,m,623,41,3.Long
a8,a8.green,35,m,147,41,3.Long
a8,a8.lightblue,1,m,28,15,2.Average
a8,a8.lightblue,7,m,87,15,2.Average
a8,a8.pink,1,m,444,39,3.Long
a8,a8.pink,7,m,988,39,3.Long
a8,a8.pink,14,m,1078,39,3.Long
a8,a8.pink,21,m,1551,39,3.Long
a8,a8.pink,28,m,1680,39,3.Long
a8,a8.pink,35,m,922,39,3.Long
a8,a8.purple,1,m,468,32,2.Average
a8,a8.purple,7,m,1089,32,2.Average
a8,a8.purple,14,m,658,32,2.Average
a8,a8.purple,21,m,1080,32,2.Average
a8,a8.purple,28,m,1266,32,2.Average
a8,a8.red,1,m,613,32,2.Average
a8,a8.red,7,m,685,32,2.Average
a8,a8.red,14,m,591,32,2.Average
a8,a8.red,21,m,514,32,2.Average
a8,a8.red,28,m,297,32,2.Average
a8,a8.white,1,m,145,32,2.Average
a8,a8.white,7,m,430,32,2.Average
a8,a8.white,14,m,350,32,2.Average
a8,a8.white,21,m,315,32,2.Average
a8,a8.white,28,m,189,32,2.Average
a8,a8.yellow,1,m,447,39,3.Long
a8,a8.yellow,7,m,774,39,3.Long
a8,a8.yellow,14,m,563,39,3.Long
a8,a8.yellow,21,m,664,39,3.Long
a8,a8.yellow,28,m,482,39,3.Long
a8,a8.yellow,35,m,29,39,3.Long
a9,a9.blue,1,m,855,25,2.Average
a9,a9.blue,7,m,516,25,2.Average
a9,a9.blue,14,m,366,25,2.Average
a9,a9.blue,21,m,665,25,2.Average
a9,a9.gold,1,m,208,4,1.Short
a9,a9.green,1,m,266,32,3.Long
a9,a9.green,7,m,873,32,3.Long
a9,a9.green,14,m,2014,32,3.Long
a9,a9.green,21,m,1911,32,3.Long
a9,a9.green,28,m,470,32,3.Long
a9,a9.lightblue,1,m,378,29,2.Average
a9,a9.lightblue,7,m,585,29,2.Average
a9,a9.lightblue,14,m,766,29,2.Average
a9,a9.lightblue,21,m,510,29,2.Average
a9,a9.orange,1,m,141,25,2.Average
a9,a9.orange,7,m,474,25,2.Average
a9,a9.orange,14,m,626,25,2.Average
a9,a9.orange,21,m,366,25,2.Average
a9,a9.pink,1,m,658,27,2.Average
a9,a9.pink,7,m,490,27,2.Average
a9,a9.pink,14,m,712,27,2.Average
a9,a9.pink,21,m,625,27,2.Average
a9,a9.purple,1,m,241,19,2.Average
a9,a9.purple,7,m,485,19,2.Average
a9,a9.purple,14,m,71,19,2.Average
a9,a9.red,1,m,186,4,1.Short
a9,a9.white,1,m,79,11,2.Average
a9,a9.white,7,m,28,11,2.Average
a9,a9.yellow,1,m,626,11,2.Average
a9,a9.yellow,7,m,664,11,2.Average
